timestamp,gpu_util_percent,memory_used_mb,memory_total_mb,temperature_c,power_draw_w
2026/02/03 13:24:59.588, 0, 0, 81920, 23, 57.51
2026/02/03 13:25:29.590, 0, 0, 81920, 23, 57.71
2026/02/03 13:25:59.591, 0, 4, 81920, 23, 57.42
2026/02/03 13:26:29.592, 0, 4, 81920, 23, 57.42
2026/02/03 13:26:59.594, 0, 4, 81920, 22, 57.42
2026/02/03 13:27:29.595, 0, 4, 81920, 22, 57.42
2026/02/03 13:27:59.595, 0, 4, 81920, 22, 57.42
2026/02/03 13:28:29.596, 0, 4, 81920, 22, 57.42
2026/02/03 13:28:59.597, 0, 4, 81920, 22, 57.42
2026/02/03 13:29:29.598, 0, 4, 81920, 22, 57.42
2026/02/03 13:29:59.598, 0, 2609, 81920, 23, 67.98
2026/02/03 13:30:29.602, 0, 557, 81920, 24, 68.19
2026/02/03 13:30:59.603, 97, 6185, 81920, 42, 288.77
2026/02/03 13:31:29.603, 0, 4, 81920, 23, 57.42
2026/02/03 13:31:59.604, 0, 3061, 81920, 23, 68.27
2026/02/03 13:32:29.605, 0, 557, 81920, 23, 68.03
2026/02/03 13:32:59.606, 0, 4, 81920, 25, 57.96
2026/02/03 13:33:29.606, 0, 4, 81920, 23, 57.64
2026/02/03 13:33:59.607, 0, 557, 81920, 26, 76.91
2026/02/03 13:34:29.608, 97, 6279, 81920, 41, 278.55
2026/02/03 13:34:59.608, 0, 4, 81920, 23, 57.35
2026/02/03 13:35:29.609, 0, 4, 81920, 22, 56.99
2026/02/03 13:35:59.610, 0, 557, 81920, 23, 67.98
2026/02/03 13:36:29.611, 0, 4, 81920, 27, 68.73
2026/02/03 13:36:59.612, 0, 4, 81920, 22, 57.28
2026/02/03 13:37:29.613, 92, 7815, 81920, 36, 199.19
2026/02/03 13:37:59.614, 100, 6337, 81920, 37, 307.53
2026/02/03 13:38:29.614, 0, 4, 81920, 24, 57.82
2026/02/03 13:38:59.615, 0, 4, 81920, 23, 57.71
2026/02/03 13:39:29.615, 0, 557, 81920, 24, 68.27
2026/02/03 13:39:59.616, 97, 6313, 81920, 42, 279.67
2026/02/03 13:40:29.616, 0, 4, 81920, 23, 57.71
2026/02/03 13:40:59.617, 100, 7737, 81920, 36, 300.44
2026/02/03 13:41:29.618, 0, 557, 81920, 24, 68.27
2026/02/03 13:41:59.619, 0, 4, 81920, 24, 57.71
2026/02/03 13:42:29.619, 0, 4, 81920, 23, 57.13
2026/02/03 13:42:59.620, 91, 7767, 81920, 35, 197.07
2026/02/03 13:43:29.621, 97, 6305, 81920, 39, 257.46
2026/02/03 13:43:59.621, 0, 4, 81920, 23, 57.42
2026/02/03 13:44:29.621, 0, 4, 81920, 22, 57.28
2026/02/03 13:44:59.622, 0, 557, 81920, 24, 67.98
2026/02/03 13:45:29.623, 63, 555, 81920, 29, 78.20
2026/02/03 13:45:59.623, 0, 4, 81920, 23, 57.42
2026/02/03 13:46:29.624, 0, 3061, 81920, 23, 67.90
2026/02/03 13:46:59.625, 0, 557, 81920, 23, 68.03
2026/02/03 13:47:29.626, 0, 4, 81920, 25, 57.71
2026/02/03 13:47:59.627, 0, 4, 81920, 22, 57.35
2026/02/03 13:48:29.627, 2, 7833, 81920, 28, 79.27
2026/02/03 13:48:59.627, 97, 6333, 81920, 39, 269.69
2026/02/03 13:49:29.628, 0, 4, 81920, 23, 57.42
2026/02/03 13:49:59.629, 0, 4, 81920, 22, 57.42
2026/02/03 13:50:29.629, 0, 557, 81920, 24, 68.51
2026/02/03 13:50:59.630, 97, 6265, 81920, 42, 292.06
2026/02/03 13:51:29.630, 0, 4, 81920, 23, 57.71
2026/02/03 13:51:59.631, 100, 7803, 81920, 34, 305.29
2026/02/03 13:52:29.631, 0, 557, 81920, 23, 68.27
2026/02/03 13:52:59.632, 0, 4, 81920, 25, 57.96
2026/02/03 13:53:29.632, 0, 4, 81920, 22, 57.35
2026/02/03 13:53:59.633, 0, 557, 81920, 26, 76.93
2026/02/03 13:54:29.633, 97, 6295, 81920, 40, 288.29
2026/02/03 13:54:59.634, 0, 4, 81920, 23, 57.42
2026/02/03 13:55:29.635, 0, 4, 81920, 22, 57.42
2026/02/03 13:55:59.636, 0, 557, 81920, 24, 68.27
2026/02/03 13:56:29.636, 77, 555, 81920, 29, 78.20
2026/02/03 13:56:59.637, 0, 4, 81920, 23, 57.13
2026/02/03 13:57:29.638, 0, 4, 81920, 22, 57.13
2026/02/03 13:57:59.638, 0, 4, 81920, 22, 56.99
2026/02/03 13:58:29.639, 0, 557, 81920, 26, 77.09
2026/02/03 13:58:59.640, 97, 6275, 81920, 41, 283.44
2026/02/03 13:59:29.641, 0, 4, 81920, 23, 57.42
2026/02/03 13:59:59.642, 0, 4, 81920, 23, 57.13
2026/02/03 14:00:29.643, 0, 557, 81920, 24, 68.51
2026/02/03 14:00:59.644, 6, 6321, 81920, 31, 77.91
2026/02/03 14:01:29.644, 0, 4, 81920, 23, 57.71
2026/02/03 14:01:59.645, 91, 7643, 81920, 35, 214.62
2026/02/03 14:02:29.646, 0, 2697, 81920, 24, 68.27
2026/02/03 14:02:59.646, 0, 4, 81920, 24, 57.58
2026/02/03 14:03:29.647, 0, 4, 81920, 23, 57.42
2026/02/03 14:03:59.647, 0, 557, 81920, 26, 68.73
2026/02/03 14:04:29.647, 96, 6307, 81920, 41, 295.69
2026/02/03 14:04:59.648, 0, 4, 81920, 24, 57.71
2026/02/03 14:05:29.653, 0, 4, 81920, 23, 57.42
2026/02/03 14:05:59.654, 0, 557, 81920, 24, 68.51
2026/02/03 14:06:29.654, 0, 555, 81920, 29, 78.00
2026/02/03 14:06:59.655, 0, 4, 81920, 23, 57.71
2026/02/03 14:07:29.656, 90, 7709, 81920, 35, 209.24
2026/02/03 14:07:59.656, 100, 6259, 81920, 38, 288.82
2026/02/03 14:08:29.657, 0, 4, 81920, 24, 57.71
2026/02/03 14:08:59.658, 0, 4, 81920, 23, 57.71
2026/02/03 14:09:29.659, 0, 557, 81920, 24, 68.43
2026/02/03 14:09:59.660, 7, 6253, 81920, 31, 77.67
2026/02/03 14:10:29.660, 0, 4, 81920, 23, 57.71
2026/02/03 14:10:59.661, 92, 7679, 81920, 35, 216.83
2026/02/03 14:11:29.662, 28, 2697, 81920, 24, 69.05
2026/02/03 14:11:59.662, 0, 4, 81920, 24, 57.71
2026/02/03 14:12:29.663, 0, 4, 81920, 23, 57.28
2026/02/03 14:12:59.663, 0, 557, 81920, 25, 68.51
2026/02/03 14:13:29.664, 97, 6299, 81920, 41, 299.52
2026/02/03 14:13:59.664, 0, 4, 81920, 23, 57.22
2026/02/03 14:14:29.665, 0, 4, 81920, 23, 57.42
2026/02/03 14:14:59.666, 0, 557, 81920, 24, 68.51
2026/02/03 14:15:29.666, 0, 4, 81920, 27, 68.97
2026/02/03 14:15:59.667, 0, 4, 81920, 23, 57.58
2026/02/03 14:16:29.668, 3, 7511, 81920, 29, 78.54
2026/02/03 14:16:59.668, 97, 6115, 81920, 39, 229.22
2026/02/03 14:17:29.669, 0, 4, 81920, 23, 57.42
2026/02/03 14:17:59.670, 0, 4, 81920, 22, 57.42
2026/02/03 14:18:29.671, 0, 557, 81920, 24, 67.98
2026/02/03 14:18:59.671, 7, 6209, 81920, 32, 78.54
2026/02/03 14:19:29.676, 0, 4, 81920, 23, 57.42
2026/02/03 14:19:59.676, 92, 7493, 81920, 36, 201.62
2026/02/03 14:20:29.677, 100, 6115, 81920, 38, 289.64
2026/02/03 14:20:59.678, 0, 4, 81920, 24, 57.71
2026/02/03 14:21:29.678, 0, 4, 81920, 23, 57.42
2026/02/03 14:21:59.679, 0, 557, 81920, 24, 68.27
2026/02/03 14:22:29.680, 98, 6209, 81920, 43, 291.53
2026/02/03 14:22:59.681, 0, 4, 81920, 23, 57.42
2026/02/03 14:23:29.681, 100, 7733, 81920, 34, 80.06
2026/02/03 14:23:59.682, 0, 557, 81920, 24, 68.27
2026/02/03 14:24:29.683, 0, 4, 81920, 24, 57.51
2026/02/03 14:24:59.684, 0, 4, 81920, 23, 57.44
2026/02/03 14:25:29.684, 0, 4, 81920, 22, 57.51
2026/02/03 14:25:59.685, 0, 4, 81920, 22, 57.15
2026/02/03 14:26:29.685, 0, 557, 81920, 24, 67.95
2026/02/03 14:26:59.686, 97, 6265, 81920, 42, 272.75
2026/02/03 14:27:29.687, 0, 4, 81920, 23, 57.22
2026/02/03 14:27:59.687, 90, 7765, 81920, 35, 201.79
2026/02/03 14:28:29.687, 0, 557, 81920, 23, 68.27
2026/02/03 14:28:59.688, 0, 4, 81920, 24, 57.78
2026/02/03 14:29:29.689, 0, 4, 81920, 23, 57.42
2026/02/03 14:29:59.690, 0, 557, 81920, 25, 68.51
2026/02/03 14:30:29.690, 97, 6115, 81920, 40, 271.89
2026/02/03 14:30:59.691, 0, 4, 81920, 23, 57.71
2026/02/03 14:31:29.691, 0, 4, 81920, 22, 57.42
2026/02/03 14:31:59.693, 0, 557, 81920, 24, 67.98
2026/02/03 14:32:29.693, 0, 555, 81920, 28, 78.29
2026/02/03 14:32:59.694, 0, 4, 81920, 23, 57.13
2026/02/03 14:33:29.694, 91, 7593, 81920, 34, 220.30
2026/02/03 14:33:59.695, 0, 1263, 81920, 23, 69.63
2026/02/03 14:34:29.696, 0, 4, 81920, 24, 57.71
2026/02/03 14:34:59.697, 0, 4, 81920, 23, 57.28
2026/02/03 14:35:29.698, 0, 557, 81920, 24, 67.98
2026/02/03 14:35:59.698, 97, 6133, 81920, 43, 298.98
2026/02/03 14:36:29.699, 0, 4, 81920, 23, 57.22
2026/02/03 14:36:59.700, 90, 7681, 81920, 35, 205.16
2026/02/03 14:37:29.700, 17, 2697, 81920, 24, 67.98
2026/02/03 14:37:59.701, 0, 4, 81920, 24, 57.96
2026/02/03 14:38:29.702, 0, 4, 81920, 23, 57.71
2026/02/03 14:38:59.703, 91, 7801, 81920, 36, 208.95
2026/02/03 14:39:29.703, 100, 6325, 81920, 37, 296.38
2026/02/03 14:39:59.704, 0, 4, 81920, 24, 57.42
2026/02/03 14:40:29.704, 0, 4, 81920, 23, 57.42
2026/02/03 14:40:59.705, 0, 557, 81920, 24, 68.51
2026/02/03 14:41:29.706, 96, 6153, 81920, 41, 295.02
2026/02/03 14:41:59.706, 0, 4, 81920, 23, 57.42
2026/02/03 14:42:29.707, 54, 7711, 81920, 34, 204.63
2026/02/03 14:42:59.707, 0, 557, 81920, 24, 68.51
2026/02/03 14:43:29.708, 0, 4, 81920, 24, 57.96
2026/02/03 14:43:59.709, 0, 4, 81920, 23, 57.64
2026/02/03 14:44:29.710, 0, 557, 81920, 25, 68.57
2026/02/03 14:44:59.710, 97, 6119, 81920, 42, 273.71
2026/02/03 14:45:29.711, 0, 4, 81920, 23, 57.64
2026/02/03 14:45:59.712, 3, 1141, 81920, 23, 69.63
2026/02/03 14:46:29.712, 0, 557, 81920, 24, 68.27
2026/02/03 14:46:59.713, 0, 4, 81920, 27, 69.05
2026/02/03 14:47:29.714, 0, 4, 81920, 23, 57.35
2026/02/03 14:47:59.714, 92, 7681, 81920, 36, 202.57
2026/02/03 14:48:29.714, 100, 6233, 81920, 38, 292.31
2026/02/03 14:48:59.715, 0, 4, 81920, 23, 57.35
2026/02/03 14:49:29.715, 0, 4, 81920, 23, 57.64
2026/02/03 14:49:59.716, 0, 557, 81920, 24, 67.98
2026/02/03 14:50:29.717, 0, 555, 81920, 29, 78.29
2026/02/03 14:50:59.718, 0, 4, 81920, 23, 57.42
2026/02/03 14:51:29.719, 91, 7733, 81920, 36, 196.23
2026/02/03 14:51:59.719, 63, 6275, 81920, 32, 292.11
2026/02/03 14:52:29.720, 0, 4, 81920, 24, 57.71
2026/02/03 14:52:59.721, 0, 4, 81920, 23, 57.71
2026/02/03 14:53:29.722, 0, 4, 81920, 23, 57.42
2026/02/03 14:53:59.722, 0, 4, 81920, 23, 57.42
2026/02/03 14:54:29.723, 0, 557, 81920, 24, 68.11
2026/02/03 14:54:59.724, 15, 6067, 81920, 32, 79.07
2026/02/03 14:55:29.725, 0, 4, 81920, 23, 57.42
2026/02/03 14:55:59.725, 90, 7767, 81920, 35, 215.41
2026/02/03 14:56:29.726, 100, 6307, 81920, 33, 295.02
2026/02/03 14:56:59.726, 0, 4, 81920, 24, 57.42
2026/02/03 14:57:29.727, 0, 4, 81920, 23, 57.42
2026/02/03 14:57:59.727, 0, 557, 81920, 25, 68.27
2026/02/03 14:58:29.728, 97, 6197, 81920, 42, 299.33
2026/02/03 14:58:59.728, 0, 4, 81920, 23, 57.71
2026/02/03 14:59:29.729, 100, 7627, 81920, 35, 302.05
2026/02/03 14:59:59.729, 0, 557, 81920, 24, 68.27
2026/02/03 15:00:29.730, 0, 4, 81920, 25, 57.71
2026/02/03 15:00:59.731, 0, 4, 81920, 23, 57.42
2026/02/03 15:01:29.732, 0, 557, 81920, 26, 77.18
2026/02/03 15:01:59.733, 97, 6083, 81920, 41, 300.98
2026/02/03 15:02:29.734, 0, 4, 81920, 23, 57.42
2026/02/03 15:02:59.734, 12, 1887, 81920, 23, 69.63
2026/02/03 15:03:29.734, 0, 557, 81920, 24, 67.98
2026/02/03 15:03:59.735, 6, 4, 81920, 27, 78.00
2026/02/03 15:04:29.736, 0, 4, 81920, 23, 57.42
2026/02/03 15:04:59.737, 0, 3043, 81920, 23, 67.98
2026/02/03 15:05:29.738, 0, 557, 81920, 23, 67.98
2026/02/03 15:05:59.739, 0, 4, 81920, 25, 57.71
2026/02/03 15:06:29.739, 0, 4, 81920, 23, 57.42
2026/02/03 15:06:59.740, 100, 7587, 81920, 35, 302.76
2026/02/03 15:07:29.747, 0, 557, 81920, 23, 68.27
2026/02/03 15:07:59.747, 0, 4, 81920, 24, 57.71
2026/02/03 15:08:29.748, 0, 4, 81920, 23, 57.42
2026/02/03 15:08:59.749, 0, 4, 81920, 23, 57.42
2026/02/03 15:09:29.750, 0, 557, 81920, 25, 68.51
2026/02/03 15:09:59.751, 98, 6137, 81920, 42, 252.40
2026/02/03 15:10:29.751, 0, 4, 81920, 23, 57.42
2026/02/03 15:10:59.752, 0, 2609, 81920, 23, 67.98
2026/02/03 15:11:29.753, 0, 557, 81920, 24, 68.27
2026/02/03 15:11:59.754, 0, 4, 81920, 26, 57.96
2026/02/03 15:12:29.755, 0, 4, 81920, 23, 57.42
2026/02/03 15:12:59.755, 92, 7511, 81920, 35, 211.91
2026/02/03 15:13:29.756, 97, 6117, 81920, 40, 281.60
2026/02/03 15:13:59.756, 0, 4, 81920, 23, 57.71
2026/02/03 15:14:29.757, 0, 4, 81920, 22, 57.28
2026/02/03 15:14:59.757, 0, 557, 81920, 24, 68.27
2026/02/03 15:15:29.757, 97, 6197, 81920, 42, 290.67
2026/02/03 15:15:59.758, 0, 4, 81920, 23, 57.35
2026/02/03 15:16:29.759, 90, 7461, 81920, 35, 201.38
2026/02/03 15:16:59.760, 0, 557, 81920, 24, 68.27
2026/02/03 15:17:29.761, 0, 4, 81920, 24, 57.71
2026/02/03 15:17:59.761, 0, 4, 81920, 23, 57.42
2026/02/03 15:18:29.762, 0, 4, 81920, 23, 57.13
2026/02/03 15:18:59.763, 0, 4, 81920, 23, 57.13
2026/02/03 15:19:29.764, 0, 557, 81920, 24, 68.27
2026/02/03 15:19:59.764, 6, 555, 81920, 29, 80.34
2026/02/03 15:20:29.765, 0, 4, 81920, 23, 57.42
2026/02/03 15:20:59.766, 90, 7355, 81920, 35, 207.35
2026/02/03 15:21:29.766, 100, 5979, 81920, 37, 294.20
2026/02/03 15:21:59.766, 0, 4, 81920, 24, 57.42
2026/02/03 15:22:29.767, 0, 4, 81920, 23, 57.42
2026/02/03 15:22:59.768, 0, 557, 81920, 25, 68.51
2026/02/03 15:23:29.769, 97, 6043, 81920, 42, 296.38
2026/02/03 15:23:59.769, 0, 4, 81920, 23, 57.42
2026/02/03 15:24:29.770, 0, 4, 81920, 23, 57.42
2026/02/03 15:24:59.770, 0, 557, 81920, 24, 68.27
2026/02/03 15:25:29.771, 0, 4, 81920, 28, 77.91
2026/02/03 15:25:59.829, 0, 4, 81920, 23, 57.51
2026/02/03 15:26:29.829, 91, 7491, 81920, 36, 190.31
2026/02/03 15:26:59.829, 100, 6105, 81920, 38, 288.82
2026/02/03 15:27:29.830, 0, 4, 81920, 23, 57.31
2026/02/03 15:27:59.830, 0, 4, 81920, 23, 57.44
2026/02/03 15:28:29.831, 0, 557, 81920, 24, 68.41
2026/02/03 15:28:59.832, 98, 6133, 81920, 43, 300.93
2026/02/03 15:29:29.833, 0, 4, 81920, 23, 57.69
2026/02/03 15:29:59.833, 92, 7425, 81920, 35, 218.78
2026/02/03 15:30:29.834, 100, 6055, 81920, 34, 294.02
2026/02/03 15:30:59.834, 0, 4, 81920, 24, 57.69
2026/02/03 15:31:29.835, 0, 4, 81920, 23, 57.44
2026/02/03 15:31:59.835, 0, 557, 81920, 24, 68.49
2026/02/03 15:32:29.836, 98, 6117, 81920, 43, 289.16
2026/02/03 15:32:59.836, 0, 4, 81920, 23, 57.71
2026/02/03 15:33:29.836, 90, 7531, 81920, 34, 213.27
2026/02/03 15:33:59.837, 0, 557, 81920, 24, 67.74
2026/02/03 15:34:29.838, 0, 4, 81920, 24, 57.71
2026/02/03 15:34:59.839, 0, 4, 81920, 23, 57.35
2026/02/03 15:35:29.839, 0, 557, 81920, 25, 68.73
2026/02/03 15:35:59.840, 98, 6115, 81920, 42, 284.80
2026/02/03 15:36:29.841, 0, 4, 81920, 23, 57.71
2026/02/03 15:36:59.841, 0, 3043, 81920, 23, 68.19
2026/02/03 15:37:29.842, 0, 557, 81920, 24, 68.27
2026/02/03 15:37:59.843, 0, 4, 81920, 25, 57.96
2026/02/03 15:38:29.844, 0, 4, 81920, 23, 57.71
2026/02/03 15:38:59.845, 0, 557, 81920, 25, 68.27
2026/02/03 15:39:29.845, 97, 6137, 81920, 41, 295.85
2026/02/03 15:39:59.846, 0, 4, 81920, 23, 57.35
2026/02/03 15:40:29.846, 2, 907, 81920, 23, 68.57
2026/02/03 15:40:59.847, 0, 557, 81920, 24, 68.27
2026/02/03 15:41:29.847, 0, 4, 81920, 27, 67.36
2026/02/03 15:41:59.852, 0, 4, 81920, 23, 57.22
2026/02/03 15:42:29.853, 6, 7465, 81920, 27, 77.91
2026/02/03 15:42:59.853, 97, 6085, 81920, 41, 290.08
2026/02/03 15:43:29.854, 0, 4, 81920, 24, 57.42
2026/02/03 15:43:59.855, 0, 4, 81920, 23, 57.71
2026/02/03 15:44:29.856, 0, 4, 81920, 23, 57.42
2026/02/03 15:44:59.857, 0, 4, 81920, 23, 57.42
2026/02/03 15:45:29.857, 0, 557, 81920, 24, 68.51
2026/02/03 15:45:59.857, 97, 6179, 81920, 41, 282.09
2026/02/03 15:46:29.858, 0, 4, 81920, 23, 57.42
2026/02/03 15:46:59.859, 92, 7409, 81920, 36, 197.36
2026/02/03 15:47:29.859, 71, 6043, 81920, 32, 300.69
2026/02/03 15:47:59.860, 0, 4, 81920, 24, 57.42
2026/02/03 15:48:29.861, 0, 4, 81920, 23, 57.71
2026/02/03 15:48:59.861, 0, 557, 81920, 24, 68.19
2026/02/03 15:49:29.895, 97, 6085, 81920, 43, 300.87
2026/02/03 15:49:59.895, 0, 4, 81920, 23, 57.64
2026/02/03 15:50:29.895, 92, 7481, 81920, 35, 203.92
2026/02/03 15:50:59.897, 0, 557, 81920, 24, 68.27
2026/02/03 15:51:29.898, 0, 4, 81920, 24, 57.64
2026/02/03 15:51:59.898, 0, 4, 81920, 22, 57.28
2026/02/03 15:52:29.899, 0, 557, 81920, 25, 68.43
2026/02/03 15:52:59.900, 97, 6005, 81920, 42, 298.80
2026/02/03 15:53:29.901, 0, 4, 81920, 23, 57.42
2026/02/03 15:53:59.901, 13, 2533, 81920, 23, 69.05
2026/02/03 15:54:29.902, 0, 557, 81920, 24, 67.98
2026/02/03 15:54:59.902, 0, 4, 81920, 26, 68.73
2026/02/03 15:55:29.903, 0, 4, 81920, 23, 57.42
2026/02/03 15:55:59.904, 91, 7427, 81920, 35, 189.72
2026/02/03 15:56:29.905, 100, 6069, 81920, 37, 287.47
2026/02/03 15:56:59.906, 0, 4, 81920, 23, 57.71
2026/02/03 15:57:29.906, 0, 4, 81920, 22, 57.42
2026/02/03 15:57:59.907, 0, 557, 81920, 25, 68.27
2026/02/03 15:58:29.908, 97, 6103, 81920, 41, 293.99
2026/02/03 15:58:59.908, 0, 4, 81920, 23, 57.13
2026/02/03 15:59:29.908, 0, 4, 81920, 22, 57.35
2026/02/03 15:59:59.909, 0, 557, 81920, 24, 68.19
2026/02/03 16:00:29.910, 0, 519, 81920, 28, 77.76
2026/02/03 16:00:59.911, 0, 4, 81920, 23, 57.42
2026/02/03 16:01:29.912, 91, 7531, 81920, 35, 196.07
2026/02/03 16:01:59.912, 0, 2697, 81920, 23, 68.03
2026/02/03 16:02:29.912, 0, 4, 81920, 24, 57.42
2026/02/03 16:02:59.913, 0, 4, 81920, 22, 57.42
2026/02/03 16:03:29.914, 0, 557, 81920, 24, 68.19
2026/02/03 16:03:59.914, 98, 6007, 81920, 42, 292.06
2026/02/03 16:04:29.915, 0, 4, 81920, 22, 57.42
2026/02/03 16:04:59.916, 92, 7493, 81920, 34, 210.06
2026/02/03 16:05:29.917, 100, 6115, 81920, 33, 320.27
2026/02/03 16:05:59.917, 0, 4, 81920, 24, 57.71
2026/02/03 16:06:29.918, 0, 4, 81920, 23, 57.42
2026/02/03 16:06:59.919, 0, 557, 81920, 25, 68.27
2026/02/03 16:07:29.919, 97, 6185, 81920, 42, 256.18
2026/02/03 16:07:59.920, 0, 4, 81920, 23, 57.71
2026/02/03 16:08:29.921, 0, 4, 81920, 23, 57.42
2026/02/03 16:08:59.921, 0, 557, 81920, 24, 68.51
2026/02/03 16:09:29.922, 0, 555, 81920, 29, 77.91
2026/02/03 16:09:59.923, 0, 4, 81920, 23, 57.42
2026/02/03 16:10:29.924, 0, 4, 81920, 23, 57.13
2026/02/03 16:10:59.924, 0, 4, 81920, 23, 57.13
2026/02/03 16:11:29.925, 0, 557, 81920, 27, 77.20
2026/02/03 16:11:59.925, 97, 6007, 81920, 41, 300.69
2026/02/03 16:12:29.926, 0, 4, 81920, 24, 57.42
2026/02/03 16:12:59.926, 0, 4, 81920, 23, 57.28
2026/02/03 16:13:29.927, 0, 557, 81920, 24, 68.27
2026/02/03 16:13:59.927, 6, 6065, 81920, 31, 79.18
2026/02/03 16:14:29.932, 0, 4, 81920, 23, 57.51
2026/02/03 16:14:59.933, 92, 7475, 81920, 35, 209.24
2026/02/03 16:15:29.934, 100, 6085, 81920, 32, 289.89
2026/02/03 16:15:59.934, 0, 4, 81920, 24, 57.71
2026/02/03 16:16:29.938, 0, 4, 81920, 23, 57.42
2026/02/03 16:16:59.939, 0, 557, 81920, 24, 67.98
2026/02/03 16:17:29.940, 97, 5939, 81920, 42, 292.55
2026/02/03 16:17:59.941, 0, 4, 81920, 23, 57.71
2026/02/03 16:18:29.941, 0, 3043, 81920, 23, 67.98
2026/02/03 16:18:59.943, 0, 557, 81920, 24, 68.27
2026/02/03 16:19:29.944, 0, 4, 81920, 25, 57.96
2026/02/03 16:19:59.950, 0, 4, 81920, 23, 57.42
2026/02/03 16:20:29.951, 90, 7323, 81920, 36, 223.25
2026/02/03 16:20:59.951, 30, 5963, 81920, 29, 236.25
2026/02/03 16:21:29.952, 0, 4, 81920, 24, 57.71
2026/02/03 16:21:59.953, 0, 4, 81920, 23, 57.13
2026/02/03 16:22:29.954, 27, 7413, 81920, 28, 149.48
2026/02/03 16:22:59.954, 0, 557, 81920, 23, 68.03
2026/02/03 16:23:29.955, 0, 4, 81920, 25, 57.71
2026/02/03 16:23:59.955, 0, 4, 81920, 23, 57.42
2026/02/03 16:24:29.956, 0, 557, 81920, 26, 77.38
2026/02/03 16:24:59.956, 97, 6053, 81920, 41, 287.47
2026/02/03 16:25:29.957, 0, 4, 81920, 23, 57.71
2026/02/03 16:25:59.957, 0, 4, 81920, 23, 57.35
2026/02/03 16:26:29.958, 0, 557, 81920, 24, 68.27
2026/02/03 16:26:59.959, 7, 555, 81920, 29, 81.17
2026/02/03 16:27:29.960, 0, 4, 81920, 23, 57.71
2026/02/03 16:27:59.960, 91, 7291, 81920, 36, 223.55
2026/02/03 16:28:29.962, 100, 5939, 81920, 38, 278.55
2026/02/03 16:28:59.962, 0, 4, 81920, 24, 57.71
2026/02/03 16:29:29.963, 0, 4, 81920, 23, 57.42
2026/02/03 16:29:59.964, 0, 557, 81920, 24, 68.27
2026/02/03 16:30:29.964, 0, 555, 81920, 28, 77.64
2026/02/03 16:30:59.965, 0, 4, 81920, 23, 57.44
2026/02/03 16:31:29.965, 7, 7381, 81920, 27, 77.64
2026/02/03 16:31:59.966, 97, 6019, 81920, 40, 295.29
2026/02/03 16:32:29.967, 0, 4, 81920, 24, 57.69
2026/02/03 16:32:59.968, 0, 4, 81920, 23, 57.51
2026/02/03 16:33:29.968, 0, 557, 81920, 24, 68.51
2026/02/03 16:33:59.969, 0, 519, 81920, 28, 77.93
2026/02/03 16:34:29.970, 0, 4, 81920, 23, 57.44
2026/02/03 16:34:59.970, 0, 557, 81920, 26, 77.11
2026/02/03 16:35:29.970, 97, 6043, 81920, 40, 295.52
2026/02/03 16:35:59.971, 0, 4, 81920, 23, 57.64
2026/02/03 16:36:29.972, 0, 4, 81920, 23, 57.71
2026/02/03 16:36:59.972, 0, 557, 81920, 24, 68.81
2026/02/03 16:37:29.973, 97, 6085, 81920, 43, 277.37
2026/02/03 16:37:59.974, 0, 4, 81920, 23, 57.71
2026/02/03 16:38:29.975, 0, 4, 81920, 23, 57.71
2026/02/03 16:38:59.975, 0, 4, 81920, 23, 57.42
2026/02/03 16:39:29.976, 7, 7259, 81920, 27, 77.67
2026/02/03 16:39:59.976, 97, 5925, 81920, 40, 280.73
2026/02/03 16:40:29.977, 0, 4, 81920, 23, 57.35
2026/02/03 16:40:59.978, 0, 4, 81920, 22, 57.13
2026/02/03 16:41:29.979, 0, 557, 81920, 24, 68.51
2026/02/03 16:41:59.980, 97, 5969, 81920, 41, 293.32
2026/02/03 16:42:29.980, 0, 4, 81920, 23, 57.13
2026/02/03 16:42:59.981, 90, 7293, 81920, 35, 206.82
2026/02/03 16:43:29.981, 100, 5941, 81920, 37, 300.44
2026/02/03 16:43:59.982, 0, 4, 81920, 23, 57.42
2026/02/03 16:44:29.983, 0, 4, 81920, 22, 57.42
2026/02/03 16:44:59.984, 0, 557, 81920, 24, 67.74
2026/02/03 16:45:29.984, 97, 5895, 81920, 42, 269.69
2026/02/03 16:45:59.985, 0, 4, 81920, 23, 57.42
2026/02/03 16:46:29.986, 100, 7301, 81920, 36, 302.33
2026/02/03 16:46:59.987, 0, 557, 81920, 23, 68.19
2026/02/03 16:47:29.988, 0, 4, 81920, 24, 57.71
2026/02/03 16:47:59.988, 0, 4, 81920, 22, 57.35
2026/02/03 16:48:29.989, 0, 557, 81920, 25, 68.51
2026/02/03 16:48:59.989, 97, 6017, 81920, 41, 283.15
2026/02/03 16:49:29.990, 0, 4, 81920, 23, 57.42
2026/02/03 16:49:59.991, 3, 3041, 81920, 23, 68.73
2026/02/03 16:50:29.991, 0, 557, 81920, 24, 67.74
2026/02/03 16:50:59.992, 0, 4, 81920, 26, 57.96
2026/02/03 16:51:29.993, 0, 4, 81920, 23, 57.42
2026/02/03 16:51:59.994, 67, 557, 81920, 26, 77.09
2026/02/03 16:52:29.994, 97, 5955, 81920, 40, 283.44
2026/02/03 16:52:59.995, 0, 4, 81920, 23, 57.71
2026/02/03 16:53:29.995, 0, 4, 81920, 22, 57.42
2026/02/03 16:53:59.995, 0, 557, 81920, 24, 68.19
2026/02/03 16:54:29.996, 97, 5893, 81920, 42, 242.95
2026/02/03 16:54:59.996, 0, 4, 81920, 23, 57.42
2026/02/03 16:55:29.998, 0, 2609, 81920, 23, 67.90
2026/02/03 16:55:59.998, 0, 557, 81920, 24, 69.26
2026/02/03 16:56:29.999, 0, 4, 81920, 26, 58.49
2026/02/03 16:57:00.000, 0, 4, 81920, 23, 57.71
2026/02/03 16:57:30.000, 7, 7259, 81920, 27, 77.73
2026/02/03 16:58:00.000, 97, 5913, 81920, 41, 235.69
2026/02/03 16:58:30.001, 0, 4, 81920, 24, 57.58
2026/02/03 16:59:00.002, 0, 4, 81920, 23, 57.44
2026/02/03 16:59:30.002, 0, 557, 81920, 24, 68.27
2026/02/03 17:00:00.003, 97, 5939, 81920, 43, 276.07
2026/02/03 17:00:30.004, 0, 4, 81920, 23, 57.42
2026/02/03 17:01:00.011, 66, 7237, 81920, 30, 297.39
2026/02/03 17:01:30.011, 0, 557, 81920, 24, 68.35
2026/02/03 17:02:00.012, 0, 4, 81920, 25, 57.89
2026/02/03 17:02:30.014, 0, 4, 81920, 23, 57.42
2026/02/03 17:03:00.014, 0, 557, 81920, 26, 68.51
2026/02/03 17:03:30.015, 97, 5961, 81920, 42, 297.63
2026/02/03 17:04:00.016, 0, 4, 81920, 24, 57.58
2026/02/03 17:04:30.016, 0, 4, 81920, 23, 57.42
2026/02/03 17:05:00.017, 0, 557, 81920, 24, 68.19
2026/02/03 17:05:30.017, 0, 4, 81920, 27, 69.10
2026/02/03 17:06:00.018, 0, 4, 81920, 23, 57.71
2026/02/03 17:06:30.019, 0, 4, 81920, 23, 57.42
2026/02/03 17:07:00.020, 0, 4, 81920, 23, 57.35
2026/02/03 17:07:30.021, 0, 4, 81920, 23, 57.42
2026/02/03 17:08:00.021, 0, 4, 81920, 23, 57.42
2026/02/03 17:08:30.022, 0, 4, 81920, 23, 57.35
2026/02/03 17:09:00.023, 0, 4, 81920, 23, 57.42
2026/02/03 17:09:30.024, 0, 4, 81920, 23, 57.42
2026/02/03 17:10:00.025, 0, 4, 81920, 23, 57.42
2026/02/03 17:10:30.026, 0, 4, 81920, 23, 57.35
2026/02/03 17:11:00.026, 0, 4, 81920, 22, 57.22
2026/02/03 17:11:30.027, 0, 557, 81920, 24, 72.22
2026/02/03 17:12:00.028, 97, 6007, 81920, 42, 297.92
2026/02/03 17:12:30.029, 0, 4, 81920, 23, 57.42
2026/02/03 17:13:00.030, 92, 7279, 81920, 34, 220.83
2026/02/03 17:13:30.030, 0, 933, 81920, 23, 67.90
2026/02/03 17:14:00.031, 0, 4, 81920, 24, 57.42
2026/02/03 17:14:30.032, 0, 4, 81920, 22, 57.13
2026/02/03 17:15:00.033, 0, 557, 81920, 25, 68.81
2026/02/03 17:15:30.033, 98, 6017, 81920, 41, 293.67
2026/02/03 17:16:00.034, 0, 4, 81920, 23, 57.42
2026/02/03 17:16:30.035, 0, 4, 81920, 23, 57.13
2026/02/03 17:17:00.035, 0, 557, 81920, 24, 68.43
2026/02/03 17:17:30.068, 98, 6077, 81920, 42, 300.98
2026/02/03 17:18:00.068, 0, 4, 81920, 23, 57.71
2026/02/03 17:18:30.069, 91, 7273, 81920, 35, 206.28
2026/02/03 17:19:00.070, 0, 557, 81920, 23, 67.98
2026/02/03 17:19:30.071, 0, 4, 81920, 24, 57.64
2026/02/03 17:20:00.071, 0, 4, 81920, 23, 57.42
2026/02/03 17:20:30.072, 0, 557, 81920, 25, 68.51
2026/02/03 17:21:00.073, 97, 5941, 81920, 42, 264.33
2026/02/03 17:21:30.074, 0, 4, 81920, 23, 57.71
2026/02/03 17:22:00.074, 0, 4, 81920, 23, 57.42
2026/02/03 17:22:30.094, 0, 557, 81920, 24, 67.98
2026/02/03 17:23:00.095, 0, 555, 81920, 28, 77.82
2026/02/03 17:23:30.096, 0, 4, 81920, 23, 57.51
2026/02/03 17:24:00.096, 90, 7457, 81920, 34, 191.69
2026/02/03 17:24:30.097, 100, 6081, 81920, 33, 305.11
2026/02/03 17:25:00.097, 0, 4, 81920, 24, 57.76
2026/02/03 17:25:30.098, 0, 4, 81920, 23, 57.42
2026/02/03 17:26:00.099, 0, 557, 81920, 24, 68.81
2026/02/03 17:26:30.099, 97, 5935, 81920, 42, 296.03
2026/02/03 17:27:00.100, 0, 4, 81920, 23, 57.71
2026/02/03 17:27:30.100, 0, 7345, 81920, 24, 68.19
2026/02/03 17:28:00.101, 0, 557, 81920, 24, 68.19
2026/02/03 17:28:30.102, 0, 4, 81920, 25, 57.96
2026/02/03 17:29:00.103, 0, 4, 81920, 23, 57.42
2026/02/03 17:29:30.103, 59, 557, 81920, 27, 77.76
2026/02/03 17:30:00.104, 97, 5973, 81920, 41, 298.80
2026/02/03 17:30:30.104, 0, 4, 81920, 23, 57.42
2026/02/03 17:31:00.116, 0, 4, 81920, 23, 57.42
2026/02/03 17:31:30.117, 0, 557, 81920, 24, 68.43
2026/02/03 17:32:00.117, 97, 5961, 81920, 43, 292.60
2026/02/03 17:32:30.118, 0, 4, 81920, 23, 57.71
2026/02/03 17:33:00.119, 91, 7347, 81920, 36, 193.97
2026/02/03 17:33:30.119, 100, 6007, 81920, 36, 291.38
2026/02/03 17:34:00.120, 0, 4, 81920, 24, 57.69
2026/02/03 17:34:30.120, 0, 4, 81920, 23, 57.62
2026/02/03 17:35:00.153, 0, 557, 81920, 24, 68.49
2026/02/03 17:35:30.154, 96, 6069, 81920, 40, 300.00
2026/02/03 17:36:00.155, 0, 4, 81920, 23, 57.37
2026/02/03 17:36:30.156, 92, 7223, 81920, 35, 204.32
2026/02/03 17:37:00.156, 0, 2697, 81920, 23, 68.19
2026/02/03 17:37:30.157, 0, 4, 81920, 24, 57.37
2026/02/03 17:38:00.158, 0, 4, 81920, 22, 57.24
2026/02/03 17:38:30.158, 0, 4, 81920, 22, 57.42
2026/02/03 17:39:00.159, 0, 4, 81920, 22, 57.28
2026/02/03 17:39:30.160, 0, 4, 81920, 22, 57.22
2026/02/03 17:40:00.161, 0, 4, 81920, 22, 57.42
2026/02/03 17:40:30.162, 0, 4, 81920, 22, 57.42
2026/02/03 17:41:00.162, 0, 4, 81920, 22, 57.42
2026/02/03 17:41:30.163, 0, 4, 81920, 22, 57.42
2026/02/03 17:42:00.164, 0, 4, 81920, 22, 57.13
2026/02/03 17:42:30.165, 0, 4, 81920, 22, 57.42
2026/02/03 17:43:00.165, 0, 4, 81920, 22, 57.35
2026/02/03 17:43:30.166, 0, 4, 81920, 22, 57.19
2026/02/03 17:44:00.166, 91, 7325, 81920, 34, 212.49
2026/02/03 17:44:30.167, 2, 2499, 81920, 23, 68.81
2026/02/03 17:45:00.168, 0, 4, 81920, 24, 57.42
2026/02/03 17:45:30.168, 0, 4, 81920, 23, 57.42
2026/02/03 17:46:00.169, 0, 557, 81920, 24, 68.35
2026/02/03 17:46:30.170, 97, 5931, 81920, 42, 267.80
2026/02/03 17:47:00.171, 0, 4, 81920, 23, 57.71
2026/02/03 17:47:30.172, 0, 4, 81920, 23, 57.42
2026/02/03 17:48:00.173, 0, 557, 81920, 24, 68.27
2026/02/03 17:48:30.173, 0, 519, 81920, 28, 78.20
2026/02/03 17:49:00.174, 0, 4, 81920, 23, 57.64
2026/02/03 17:49:30.175, 91, 7397, 81920, 35, 197.60
2026/02/03 17:50:00.176, 100, 6041, 81920, 37, 303.64
2026/02/03 17:50:30.177, 0, 4, 81920, 23, 57.42
2026/02/03 17:51:00.177, 0, 4, 81920, 23, 57.44
2026/02/03 17:51:30.177, 0, 557, 81920, 24, 68.51
2026/02/03 17:52:00.178, 98, 5957, 81920, 43, 300.81
2026/02/03 17:52:30.179, 0, 4, 81920, 23, 57.71
2026/02/03 17:53:00.180, 14, 1367, 81920, 23, 69.55
2026/02/03 17:53:30.180, 0, 557, 81920, 24, 67.74
2026/02/03 17:54:00.181, 0, 4, 81920, 27, 69.34
2026/02/03 17:54:30.181, 0, 4, 81920, 23, 57.42
2026/02/03 17:55:00.182, 0, 557, 81920, 26, 76.93
2026/02/03 17:55:30.182, 98, 5911, 81920, 41, 295.85
2026/02/03 17:56:00.183, 0, 4, 81920, 23, 57.71
2026/02/03 17:56:30.184, 0, 4, 81920, 22, 57.42
2026/02/03 17:57:00.184, 0, 557, 81920, 24, 68.19
2026/02/03 17:57:30.185, 97, 6053, 81920, 42, 299.62
2026/02/03 17:58:00.186, 0, 4, 81920, 23, 57.42
2026/02/03 17:58:30.186, 99, 7315, 81920, 36, 303.82
2026/02/03 17:59:00.187, 0, 557, 81920, 23, 67.98
2026/02/03 17:59:30.188, 0, 4, 81920, 24, 57.71
2026/02/03 18:00:00.189, 0, 4, 81920, 23, 57.42
2026/02/03 18:00:30.189, 0, 557, 81920, 25, 68.51
2026/02/03 18:01:00.189, 97, 6043, 81920, 41, 293.13
2026/02/03 18:01:30.190, 0, 4, 81920, 23, 57.71
2026/02/03 18:02:00.191, 88, 7245, 81920, 30, 298.98
2026/02/03 18:02:30.194, 0, 557, 81920, 24, 68.57
2026/02/03 18:03:00.195, 0, 4, 81920, 25, 57.96
2026/02/03 18:03:30.195, 0, 4, 81920, 23, 57.71
2026/02/03 18:04:00.195, 0, 557, 81920, 25, 68.57
2026/02/03 18:04:30.196, 97, 5925, 81920, 42, 294.78
2026/02/03 18:05:00.197, 0, 4, 81920, 23, 57.89
2026/02/03 18:05:30.197, 5, 1747, 81920, 23, 68.89
2026/02/03 18:06:00.198, 0, 557, 81920, 24, 68.27
2026/02/03 18:06:30.199, 0, 4, 81920, 26, 66.08
2026/02/03 18:07:00.200, 0, 4, 81920, 23, 57.35
2026/02/03 18:07:30.200, 0, 557, 81920, 26, 77.38
2026/02/03 18:08:00.231, 97, 5875, 81920, 41, 289.35
2026/02/03 18:08:30.231, 0, 4, 81920, 23, 57.71
2026/02/03 18:09:00.232, 0, 4, 81920, 23, 57.42
2026/02/03 18:09:30.232, 0, 557, 81920, 24, 68.43
2026/02/03 18:10:00.233, 6, 5885, 81920, 31, 77.91
2026/02/03 18:10:30.234, 0, 4, 81920, 23, 57.71
2026/02/03 18:11:00.235, 0, 4, 81920, 23, 57.42
2026/02/03 18:11:30.235, 0, 4, 81920, 23, 57.42
2026/02/03 18:12:00.274, 7, 7275, 81920, 27, 78.54
2026/02/03 18:12:30.275, 97, 5929, 81920, 40, 295.55
2026/02/03 18:13:00.275, 0, 4, 81920, 23, 57.71
2026/02/03 18:13:30.276, 0, 4, 81920, 23, 57.42
2026/02/03 18:14:00.277, 0, 557, 81920, 24, 68.27
2026/02/03 18:14:30.278, 97, 5967, 81920, 33, 79.90
2026/02/03 18:15:00.279, 0, 4, 81920, 23, 57.64
2026/02/03 18:15:30.279, 92, 7245, 81920, 35, 203.10
2026/02/03 18:16:00.279, 28, 2697, 81920, 24, 68.27
2026/02/03 18:16:30.280, 0, 4, 81920, 24, 57.89
2026/02/03 18:17:00.281, 0, 4, 81920, 23, 57.76
2026/02/03 18:17:30.298, 0, 557, 81920, 26, 77.47
2026/02/03 18:18:00.299, 97, 5971, 81920, 41, 295.85
2026/02/03 18:18:30.299, 0, 4, 81920, 23, 57.51
2026/02/03 18:19:00.300, 0, 4, 81920, 23, 57.42
2026/02/03 18:19:30.301, 0, 557, 81920, 24, 68.27
2026/02/03 18:20:00.302, 95, 5941, 81920, 42, 305.47
2026/02/03 18:20:30.303, 0, 4, 81920, 23, 57.42
2026/02/03 18:21:00.303, 91, 7225, 81920, 34, 217.63
2026/02/03 18:21:30.305, 0, 557, 81920, 24, 68.19
2026/02/03 18:22:00.306, 0, 4, 81920, 24, 57.96
2026/02/03 18:22:30.307, 0, 4, 81920, 23, 57.71
2026/02/03 18:23:00.307, 0, 557, 81920, 25, 68.81
2026/02/03 18:23:30.308, 97, 5891, 81920, 42, 296.09
2026/02/03 18:24:00.325, 0, 4, 81920, 23, 57.71
2026/02/03 18:24:30.326, 0, 3043, 81920, 23, 67.98
2026/02/03 18:25:00.327, 0, 557, 81920, 24, 68.51
2026/02/03 18:25:30.328, 0, 4, 81920, 25, 57.96
2026/02/03 18:26:00.329, 0, 4, 81920, 23, 57.42
2026/02/03 18:26:30.329, 7, 557, 81920, 26, 79.81
2026/02/03 18:27:00.330, 97, 5925, 81920, 40, 291.87
2026/02/03 18:27:30.331, 0, 4, 81920, 23, 57.71
2026/02/03 18:28:00.331, 0, 4, 81920, 22, 57.35
2026/02/03 18:28:30.332, 0, 557, 81920, 24, 68.03
2026/02/03 18:29:00.333, 97, 5973, 81920, 43, 299.62
2026/02/03 18:29:30.338, 0, 4, 81920, 23, 57.71
2026/02/03 18:30:00.338, 100, 7147, 81920, 37, 297.44
2026/02/03 18:30:30.339, 0, 557, 81920, 24, 67.98
2026/02/03 18:31:00.339, 0, 4, 81920, 25, 57.71
2026/02/03 18:31:30.340, 0, 4, 81920, 23, 57.42
2026/02/03 18:32:00.341, 0, 557, 81920, 25, 68.43
2026/02/03 18:32:30.342, 96, 5963, 81920, 42, 296.91
2026/02/03 18:33:00.343, 0, 4, 81920, 23, 57.42
2026/02/03 18:33:30.343, 99, 7265, 81920, 34, 299.33
2026/02/03 18:34:00.345, 0, 557, 81920, 24, 68.27
2026/02/03 18:34:30.346, 0, 4, 81920, 25, 57.71
2026/02/03 18:35:00.346, 0, 4, 81920, 23, 57.42
2026/02/03 18:35:30.347, 0, 4, 81920, 23, 57.71
2026/02/03 18:36:00.353, 0, 4, 81920, 23, 57.42
2026/02/03 18:36:30.353, 92, 7357, 81920, 35, 200.92
2026/02/03 18:37:00.354, 21, 2697, 81920, 24, 67.90
2026/02/03 18:37:30.355, 0, 4, 81920, 24, 57.64
2026/02/03 18:38:00.360, 0, 4, 81920, 23, 57.58
2026/02/03 18:38:30.361, 0, 557, 81920, 24, 68.51
2026/02/03 18:39:00.362, 98, 5987, 81920, 43, 248.91
2026/02/03 18:39:30.363, 0, 4, 81920, 23, 57.58
2026/02/03 18:40:00.364, 100, 7237, 81920, 37, 300.09
2026/02/03 18:40:30.371, 0, 557, 81920, 23, 68.27
2026/02/03 18:41:00.371, 0, 4, 81920, 24, 57.44
2026/02/03 18:41:30.371, 0, 4, 81920, 22, 57.13
2026/02/03 18:42:00.413, 0, 557, 81920, 25, 68.51
2026/02/03 18:42:30.414, 97, 5973, 81920, 42, 283.15
2026/02/03 18:43:00.415, 0, 4, 81920, 23, 57.42
2026/02/03 18:43:30.415, 0, 2609, 81920, 23, 67.74
2026/02/03 18:44:00.425, 0, 557, 81920, 24, 68.27
2026/02/03 18:44:30.425, 0, 4, 81920, 27, 68.73
2026/02/03 18:45:00.426, 0, 4, 81920, 23, 57.42
2026/02/03 18:45:30.426, 4, 7227, 81920, 28, 78.83
2026/02/03 18:46:00.427, 97, 5895, 81920, 40, 298.80
2026/02/03 18:46:30.428, 0, 4, 81920, 23, 57.42
2026/02/03 18:47:00.428, 0, 4, 81920, 22, 57.13
2026/02/03 18:47:30.429, 0, 557, 81920, 24, 67.98
2026/02/03 18:48:00.430, 97, 5863, 81920, 42, 291.77
2026/02/03 18:48:30.430, 0, 4, 81920, 23, 57.42
2026/02/03 18:49:00.432, 0, 2609, 81920, 23, 67.44
2026/02/03 18:49:30.433, 0, 557, 81920, 23, 67.58
2026/02/03 18:50:00.433, 0, 4, 81920, 26, 58.25
2026/02/03 18:50:30.434, 0, 4, 81920, 23, 57.42
2026/02/03 18:51:00.435, 7, 7225, 81920, 27, 77.49
2026/02/03 18:51:30.468, 97, 5891, 81920, 40, 240.27
2026/02/03 18:52:00.469, 0, 4, 81920, 23, 57.35
2026/02/03 18:52:30.470, 0, 4, 81920, 22, 57.35
2026/02/03 18:53:00.471, 0, 557, 81920, 24, 69.79
2026/02/03 18:53:30.483, 97, 5961, 81920, 42, 293.32
2026/02/03 18:54:00.484, 0, 4, 81920, 22, 57.42
2026/02/03 18:54:30.484, 90, 7309, 81920, 34, 207.06
2026/02/03 18:55:00.485, 4, 971, 81920, 23, 67.74
2026/02/03 18:55:30.486, 0, 4, 81920, 23, 57.64
2026/02/03 18:56:00.487, 0, 4, 81920, 22, 57.42
2026/02/03 18:56:30.487, 0, 557, 81920, 24, 68.27
2026/02/03 18:57:00.488, 97, 6019, 81920, 42, 263.73
2026/02/03 18:57:30.489, 0, 4, 81920, 23, 57.44
2026/02/03 18:58:00.489, 0, 2609, 81920, 23, 67.44
2026/02/03 18:58:30.490, 0, 557, 81920, 23, 68.27
2026/02/03 18:59:00.491, 0, 4, 81920, 25, 58.25
2026/02/03 18:59:30.491, 0, 4, 81920, 23, 57.42
2026/02/03 19:00:00.492, 91, 7315, 81920, 34, 197.13
2026/02/03 19:00:30.493, 0, 873, 81920, 23, 67.98
2026/02/03 19:01:00.494, 0, 4, 81920, 24, 57.96
2026/02/03 19:01:30.495, 0, 4, 81920, 23, 57.42
2026/02/03 19:02:00.496, 0, 4, 81920, 22, 57.42
2026/02/03 19:02:30.497, 0, 4, 81920, 22, 57.22
2026/02/03 19:03:00.497, 90, 7291, 81920, 35, 204.09
2026/02/03 19:03:30.498, 99, 5939, 81920, 38, 300.44
2026/02/03 19:04:00.505, 0, 4, 81920, 24, 57.42
2026/02/03 19:04:30.506, 0, 4, 81920, 23, 57.42
2026/02/03 19:05:00.506, 0, 557, 81920, 25, 68.27
2026/02/03 19:05:30.506, 97, 5927, 81920, 42, 283.15
2026/02/03 19:06:00.519, 0, 4, 81920, 23, 57.42
2026/02/03 19:06:30.521, 0, 2609, 81920, 23, 67.98
2026/02/03 19:07:00.522, 0, 557, 81920, 24, 68.19
2026/02/03 19:07:30.523, 0, 4, 81920, 26, 58.25
2026/02/03 19:08:00.557, 0, 4, 81920, 23, 57.42
2026/02/03 19:08:30.558, 0, 557, 81920, 25, 68.57
2026/02/03 19:09:00.558, 97, 5897, 81920, 41, 296.09
2026/02/03 19:09:30.559, 0, 4, 81920, 23, 57.44
2026/02/03 19:10:00.559, 0, 4, 81920, 22, 57.42
2026/02/03 19:10:30.560, 0, 557, 81920, 24, 67.74
2026/02/03 19:11:00.561, 97, 5983, 81920, 41, 280.73
2026/02/03 19:11:30.562, 0, 4, 81920, 23, 57.64
2026/02/03 19:12:00.563, 100, 7201, 81920, 34, 305.00
2026/02/03 19:12:30.564, 0, 557, 81920, 23, 68.19
2026/02/03 19:13:00.564, 0, 4, 81920, 24, 57.82
2026/02/03 19:13:30.565, 0, 4, 81920, 23, 57.58
2026/02/03 19:14:00.565, 0, 557, 81920, 26, 77.47
2026/02/03 19:14:30.567, 97, 5911, 81920, 41, 293.95
2026/02/03 19:15:00.567, 0, 4, 81920, 23, 57.42
2026/02/03 19:15:30.567, 0, 4, 81920, 23, 57.58
2026/02/03 19:16:00.568, 0, 557, 81920, 24, 67.74
2026/02/03 19:16:30.569, 7, 5923, 81920, 30, 78.74
2026/02/03 19:17:00.570, 0, 4, 81920, 23, 57.35
2026/02/03 19:17:30.570, 0, 4, 81920, 23, 57.58
2026/02/03 19:18:00.571, 0, 557, 81920, 24, 67.90
2026/02/03 19:18:30.572, 0, 519, 81920, 28, 78.02
2026/02/03 19:19:00.572, 0, 4, 81920, 23, 57.42
2026/02/03 19:19:30.573, 92, 7427, 81920, 36, 191.16
2026/02/03 19:20:00.573, 100, 6069, 81920, 37, 286.93
2026/02/03 19:20:30.574, 0, 4, 81920, 24, 57.71
2026/02/03 19:21:00.577, 0, 4, 81920, 23, 57.42
2026/02/03 19:21:30.578, 0, 557, 81920, 24, 67.90
2026/02/03 19:22:00.578, 98, 6007, 81920, 42, 289.55
2026/02/03 19:22:30.579, 0, 4, 81920, 23, 57.13
2026/02/03 19:23:00.580, 90, 7415, 81920, 34, 190.84
2026/02/03 19:23:30.581, 0, 707, 81920, 24, 67.98
2026/02/03 19:24:00.581, 0, 4, 81920, 24, 57.51
2026/02/03 19:24:30.582, 0, 4, 81920, 23, 57.42
2026/02/03 19:25:00.583, 0, 557, 81920, 25, 68.51
2026/02/03 19:25:30.583, 97, 6043, 81920, 42, 280.20
2026/02/03 19:26:00.584, 0, 4, 81920, 23, 57.71
2026/02/03 19:26:30.585, 0, 4, 81920, 23, 57.42
2026/02/03 19:27:00.586, 0, 4, 81920, 23, 57.42
2026/02/03 19:27:30.587, 0, 4, 81920, 23, 57.42
2026/02/03 19:28:00.588, 0, 557, 81920, 24, 68.51
2026/02/03 19:28:30.588, 97, 5929, 81920, 42, 289.11
2026/02/03 19:29:00.589, 0, 4, 81920, 23, 57.71
2026/02/03 19:29:30.590, 91, 7291, 81920, 34, 191.54
2026/02/03 19:30:00.590, 3, 2697, 81920, 24, 68.19
2026/02/03 19:30:30.620, 0, 4, 81920, 24, 57.71
2026/02/03 19:31:00.621, 0, 4, 81920, 23, 57.42
2026/02/03 19:31:30.621, 0, 557, 81920, 25, 68.57
2026/02/03 19:32:00.622, 97, 6117, 81920, 42, 290.71
2026/02/03 19:32:30.622, 0, 4, 81920, 23, 57.28
2026/02/03 19:33:00.623, 0, 4, 81920, 23, 57.28
2026/02/03 19:33:30.624, 0, 557, 81920, 24, 68.51
2026/02/03 19:34:00.624, 97, 6127, 81920, 42, 298.10
2026/02/03 19:34:30.626, 0, 4, 81920, 23, 57.58
2026/02/03 19:35:00.638, 100, 7279, 81920, 37, 303.64
2026/02/03 19:35:30.638, 0, 557, 81920, 24, 68.51
2026/02/03 19:36:00.639, 0, 4, 81920, 25, 57.71
2026/02/03 19:36:30.639, 0, 4, 81920, 23, 57.09
2026/02/03 19:37:00.640, 0, 557, 81920, 25, 68.51
2026/02/03 19:37:30.641, 96, 5929, 81920, 43, 292.89
2026/02/03 19:38:00.642, 0, 4, 81920, 24, 57.42
2026/02/03 19:38:30.642, 0, 2609, 81920, 24, 67.98
2026/02/03 19:39:00.642, 0, 557, 81920, 24, 68.41
2026/02/03 19:39:30.643, 0, 4, 81920, 26, 58.25
2026/02/03 19:40:00.644, 0, 4, 81920, 23, 57.71
2026/02/03 19:40:30.644, 90, 7239, 81920, 36, 225.44
2026/02/03 19:41:00.645, 100, 5895, 81920, 39, 250.80
2026/02/03 19:41:30.646, 0, 4, 81920, 24, 57.71
2026/02/03 19:42:00.646, 0, 4, 81920, 23, 57.71
2026/02/03 19:42:30.646, 0, 557, 81920, 24, 68.51
2026/02/03 19:43:00.647, 97, 6071, 81920, 42, 297.20
2026/02/03 19:43:30.647, 0, 4, 81920, 23, 57.71
2026/02/03 19:44:00.648, 91, 7291, 81920, 35, 209.49
2026/02/03 19:44:30.649, 2, 1363, 81920, 23, 69.26
2026/02/03 19:45:00.650, 0, 4, 81920, 24, 57.71
2026/02/03 19:45:30.654, 0, 4, 81920, 22, 57.42
2026/02/03 19:46:00.655, 0, 557, 81920, 24, 68.27
2026/02/03 19:46:30.656, 97, 6017, 81920, 42, 295.40
2026/02/03 19:47:00.656, 0, 4, 81920, 23, 57.71
2026/02/03 19:47:30.657, 0, 3043, 81920, 23, 67.82
2026/02/03 19:48:00.657, 0, 557, 81920, 23, 68.27
2026/02/03 19:48:30.658, 0, 4, 81920, 25, 57.71
2026/02/03 19:49:00.658, 0, 4, 81920, 22, 57.37
2026/02/03 19:49:30.659, 0, 557, 81920, 25, 68.81
2026/02/03 19:50:00.660, 97, 6019, 81920, 40, 286.07
2026/02/03 19:50:30.660, 0, 4, 81920, 23, 57.42
2026/02/03 19:51:00.661, 24, 2609, 81920, 23, 67.98
2026/02/03 19:51:30.662, 0, 557, 81920, 24, 67.58
2026/02/03 19:52:00.663, 0, 4, 81920, 27, 68.97
2026/02/03 19:52:30.663, 0, 4, 81920, 23, 57.13
2026/02/03 19:53:00.664, 91, 7325, 81920, 35, 225.73
2026/02/03 19:53:30.665, 100, 5971, 81920, 37, 311.73
2026/02/03 19:54:00.666, 0, 4, 81920, 23, 57.71
2026/02/03 19:54:30.667, 0, 4, 81920, 22, 57.13
2026/02/03 19:55:00.668, 0, 4, 81920, 22, 57.13
2026/02/03 19:55:30.668, 0, 4, 81920, 22, 57.13
2026/02/03 19:56:00.669, 0, 557, 81920, 24, 67.98
2026/02/03 19:56:30.670, 97, 5941, 81920, 42, 252.69
2026/02/03 19:57:00.680, 0, 4, 81920, 23, 57.42
2026/02/03 19:57:30.681, 90, 7291, 81920, 35, 214.38
2026/02/03 19:58:00.682, 0, 2697, 81920, 23, 67.74
2026/02/03 19:58:30.683, 0, 4, 81920, 24, 57.42
2026/02/03 19:59:00.683, 0, 4, 81920, 22, 57.42
2026/02/03 19:59:30.684, 0, 557, 81920, 25, 68.51
2026/02/03 20:00:00.685, 97, 5815, 81920, 41, 271.29
2026/02/03 20:00:30.686, 0, 4, 81920, 23, 57.42
2026/02/03 20:01:00.687, 0, 4, 81920, 22, 57.42
2026/02/03 20:01:30.688, 0, 557, 81920, 24, 68.51
2026/02/03 20:02:00.689, 6, 5975, 81920, 30, 79.09
2026/02/03 20:02:30.689, 0, 4, 81920, 23, 57.42
2026/02/03 20:03:00.690, 91, 7311, 81920, 36, 225.98
2026/02/03 20:03:30.691, 100, 5959, 81920, 39, 287.09
2026/02/03 20:04:00.692, 0, 4, 81920, 23, 57.71
2026/02/03 20:04:30.693, 0, 4, 81920, 23, 57.42
2026/02/03 20:05:00.693, 0, 557, 81920, 24, 68.03
2026/02/03 20:05:30.694, 98, 5941, 81920, 43, 295.85
2026/02/03 20:06:00.695, 0, 4, 81920, 23, 57.35
2026/02/03 20:06:30.695, 0, 3043, 81920, 24, 67.58
2026/02/03 20:07:00.696, 0, 557, 81920, 24, 67.98
2026/02/03 20:07:30.697, 0, 4, 81920, 25, 57.96
2026/02/03 20:08:00.698, 0, 4, 81920, 23, 57.71
2026/02/03 20:08:30.699, 3, 7561, 81920, 31, 79.66
2026/02/03 20:09:00.699, 100, 6153, 81920, 39, 264.33
2026/02/03 20:09:30.700, 0, 4, 81920, 24, 57.35
2026/02/03 20:10:00.701, 0, 4, 81920, 23, 57.42
2026/02/03 20:10:30.702, 0, 557, 81920, 24, 67.74
2026/02/03 20:11:00.702, 7, 5975, 81920, 30, 79.36
2026/02/03 20:11:30.703, 0, 4, 81920, 23, 57.71
2026/02/03 20:12:00.704, 91, 7313, 81920, 35, 215.45
2026/02/03 20:12:30.704, 0, 2697, 81920, 24, 67.74
2026/02/03 20:13:00.720, 0, 4, 81920, 24, 57.71
2026/02/03 20:13:30.720, 0, 4, 81920, 23, 57.42
2026/02/03 20:14:00.723, 0, 557, 81920, 25, 68.27
2026/02/03 20:14:30.723, 97, 5917, 81920, 41, 291.77
2026/02/03 20:15:00.724, 0, 4, 81920, 23, 57.64
2026/02/03 20:15:30.724, 0, 2767, 81920, 23, 68.27
2026/02/03 20:16:00.725, 0, 557, 81920, 24, 67.98
2026/02/03 20:16:30.725, 0, 4, 81920, 25, 57.96
2026/02/03 20:17:00.727, 0, 4, 81920, 23, 57.42
2026/02/03 20:17:30.728, 0, 557, 81920, 27, 77.09
2026/02/03 20:18:00.728, 97, 5891, 81920, 41, 298.04
2026/02/03 20:18:30.729, 0, 4, 81920, 24, 57.42
2026/02/03 20:19:00.729, 0, 4, 81920, 23, 57.35
2026/02/03 20:19:30.730, 0, 557, 81920, 24, 67.74
2026/02/03 20:20:00.731, 97, 5921, 81920, 43, 284.80
2026/02/03 20:20:30.731, 0, 4, 81920, 23, 57.42
2026/02/03 20:21:00.732, 0, 4, 81920, 23, 57.42
2026/02/03 20:21:30.733, 0, 4, 81920, 23, 57.71
2026/02/03 20:22:00.734, 91, 7445, 81920, 36, 191.09
2026/02/03 20:22:30.734, 0, 2697, 81920, 24, 68.19
2026/02/03 20:23:00.735, 0, 4, 81920, 24, 57.96
2026/02/03 20:23:30.736, 0, 4, 81920, 23, 57.42
2026/02/03 20:24:00.737, 0, 557, 81920, 25, 68.51
2026/02/03 20:24:30.738, 97, 5955, 81920, 41, 239.50
2026/02/03 20:25:00.738, 0, 4, 81920, 23, 57.71
2026/02/03 20:25:30.739, 8, 2147, 81920, 23, 69.05
2026/02/03 20:26:00.739, 0, 557, 81920, 24, 68.27
2026/02/03 20:26:30.740, 0, 4, 81920, 27, 69.05
2026/02/03 20:27:00.741, 0, 4, 81920, 23, 57.71
2026/02/03 20:27:30.742, 91, 7359, 81920, 35, 203.57
2026/02/03 20:28:00.742, 0, 557, 81920, 24, 68.19
2026/02/03 20:28:30.748, 0, 4, 81920, 24, 57.71
2026/02/03 20:29:00.749, 0, 4, 81920, 23, 57.71
2026/02/03 20:29:30.750, 0, 557, 81920, 25, 68.27
2026/02/03 20:30:00.750, 97, 5911, 81920, 42, 299.86
2026/02/03 20:30:30.751, 0, 4, 81920, 23, 57.58
2026/02/03 20:31:00.752, 93, 7177, 81920, 33, 299.09
2026/02/03 20:31:30.752, 0, 557, 81920, 24, 68.51
2026/02/03 20:32:00.752, 0, 4, 81920, 25, 57.96
2026/02/03 20:32:30.753, 0, 4, 81920, 23, 57.71
2026/02/03 20:33:00.757, 0, 557, 81920, 25, 68.43
2026/02/03 20:33:30.758, 97, 5911, 81920, 41, 247.31
2026/02/03 20:34:00.759, 0, 4, 81920, 23, 57.42
2026/02/03 20:34:30.764, 0, 4, 81920, 23, 57.22
2026/02/03 20:35:00.765, 0, 557, 81920, 24, 68.51
2026/02/03 20:35:30.765, 7, 4, 81920, 28, 77.73
2026/02/03 20:36:00.766, 0, 4, 81920, 23, 57.71
2026/02/03 20:36:30.767, 91, 7357, 81920, 34, 186.76
2026/02/03 20:37:00.768, 100, 6007, 81920, 34, 292.60
2026/02/03 20:37:30.769, 0, 4, 81920, 24, 57.71
2026/02/03 20:38:00.770, 0, 4, 81920, 23, 57.28
2026/02/03 20:38:30.770, 0, 557, 81920, 24, 68.27
2026/02/03 20:39:00.771, 97, 5989, 81920, 42, 278.55
2026/02/03 20:39:30.772, 0, 4, 81920, 23, 57.22
2026/02/03 20:40:00.772, 0, 2767, 81920, 23, 67.82
2026/02/03 20:40:30.773, 0, 557, 81920, 24, 68.35
2026/02/03 20:41:00.774, 0, 4, 81920, 26, 58.25
2026/02/03 20:41:30.775, 0, 4, 81920, 22, 57.35
2026/02/03 20:42:00.776, 91, 7447, 81920, 35, 190.84
2026/02/03 20:42:30.776, 100, 6071, 81920, 38, 296.38
2026/02/03 20:43:00.777, 0, 4, 81920, 23, 57.42
2026/02/03 20:43:30.778, 0, 4, 81920, 23, 57.58
2026/02/03 20:44:00.779, 0, 4, 81920, 23, 57.28
2026/02/03 20:44:30.780, 0, 4, 81920, 22, 57.35
2026/02/03 20:45:00.780, 0, 557, 81920, 23, 68.35
2026/02/03 20:45:30.781, 0, 519, 81920, 28, 77.67
2026/02/03 20:46:00.782, 0, 4, 81920, 23, 57.71
2026/02/03 20:46:30.783, 6, 557, 81920, 27, 80.34
2026/02/03 20:47:00.783, 97, 5999, 81920, 41, 295.02
2026/02/03 20:47:30.784, 0, 4, 81920, 24, 57.64
2026/02/03 20:48:00.785, 0, 4, 81920, 23, 57.42
2026/02/03 20:48:30.785, 0, 557, 81920, 24, 68.27
2026/02/03 20:49:00.786, 97, 6065, 81920, 41, 291.72
2026/02/03 20:49:30.787, 0, 4, 81920, 23, 57.22
2026/02/03 20:50:00.787, 2, 2769, 81920, 24, 67.98
2026/02/03 20:50:30.788, 0, 557, 81920, 24, 68.27
2026/02/03 20:51:00.789, 0, 4, 81920, 26, 58.25
2026/02/03 20:51:30.790, 0, 4, 81920, 23, 57.13
2026/02/03 20:52:00.791, 92, 7357, 81920, 36, 223.25
2026/02/03 20:52:30.791, 98, 5991, 81920, 37, 296.91
2026/02/03 20:53:00.792, 0, 4, 81920, 24, 57.71
2026/02/03 20:53:30.821, 0, 4, 81920, 23, 57.42
2026/02/03 20:54:00.821, 0, 557, 81920, 25, 68.73
2026/02/03 20:54:30.822, 97, 5909, 81920, 43, 289.30
2026/02/03 20:55:00.827, 0, 4, 81920, 23, 57.42
2026/02/03 20:55:30.829, 100, 7435, 81920, 36, 303.93
2026/02/03 20:56:00.830, 0, 557, 81920, 23, 67.98
2026/02/03 20:56:30.831, 0, 4, 81920, 24, 57.71
2026/02/03 20:57:00.831, 0, 4, 81920, 23, 57.42
2026/02/03 20:57:30.832, 22, 557, 81920, 26, 76.31
2026/02/03 20:58:00.833, 97, 6019, 81920, 40, 277.28
2026/02/03 20:58:30.834, 0, 4, 81920, 23, 57.42
2026/02/03 20:59:00.834, 0, 4, 81920, 22, 57.35
2026/02/03 20:59:30.834, 0, 557, 81920, 24, 67.98
2026/02/03 21:00:00.835, 97, 5973, 81920, 42, 295.31
2026/02/03 21:00:30.836, 0, 4, 81920, 23, 57.42
2026/02/03 21:01:00.837, 87, 7389, 81920, 34, 192.74
2026/02/03 21:01:30.837, 0, 557, 81920, 23, 68.27
2026/02/03 21:02:00.838, 0, 4, 81920, 24, 57.64
2026/02/03 21:02:30.838, 0, 4, 81920, 23, 57.13
2026/02/03 21:03:00.839, 0, 557, 81920, 26, 76.64
2026/02/03 21:03:30.839, 98, 5815, 81920, 41, 265.68
2026/02/03 21:04:00.840, 0, 4, 81920, 23, 57.64
2026/02/03 21:04:30.841, 0, 2705, 81920, 23, 68.11
2026/02/03 21:05:00.842, 0, 557, 81920, 24, 68.51
2026/02/03 21:05:30.842, 0, 4, 81920, 26, 57.96
2026/02/03 21:06:00.843, 0, 4, 81920, 23, 57.42
2026/02/03 21:06:30.843, 89, 7427, 81920, 34, 214.91
2026/02/03 21:07:00.843, 100, 6057, 81920, 36, 303.64
2026/02/03 21:07:30.844, 0, 4, 81920, 24, 57.71
2026/02/03 21:08:00.844, 0, 4, 81920, 23, 57.42
2026/02/03 21:08:30.845, 0, 557, 81920, 25, 68.51
2026/02/03 21:09:00.845, 97, 5959, 81920, 42, 293.13
2026/02/03 21:09:30.846, 0, 4, 81920, 23, 57.42
2026/02/03 21:10:00.847, 26, 2609, 81920, 23, 67.74
2026/02/03 21:10:30.849, 0, 557, 81920, 24, 68.27
2026/02/03 21:11:00.850, 0, 4, 81920, 26, 67.15
2026/02/03 21:11:30.851, 0, 4, 81920, 23, 57.42
2026/02/03 21:12:00.852, 0, 4, 81920, 23, 57.42
2026/02/03 21:12:30.853, 0, 4, 81920, 22, 57.42
2026/02/03 21:13:00.854, 0, 557, 81920, 24, 68.43
2026/02/03 21:13:30.855, 97, 5973, 81920, 42, 259.72
2026/02/03 21:14:00.856, 0, 4, 81920, 23, 57.42
2026/02/03 21:14:30.871, 4, 3043, 81920, 23, 67.44
2026/02/03 21:15:00.872, 0, 557, 81920, 24, 67.90
2026/02/03 21:15:30.926, 0, 4, 81920, 25, 57.96
2026/02/03 21:16:00.926, 0, 4, 81920, 22, 57.42
2026/02/03 21:16:30.927, 0, 557, 81920, 26, 77.09
2026/02/03 21:17:00.929, 97, 6019, 81920, 41, 283.44
2026/02/03 21:17:30.929, 0, 4, 81920, 23, 57.42
2026/02/03 21:18:00.930, 0, 4, 81920, 23, 57.42
2026/02/03 21:18:30.935, 0, 557, 81920, 24, 67.82
2026/02/03 21:19:00.935, 96, 5909, 81920, 42, 248.62
2026/02/03 21:19:30.937, 0, 4, 81920, 23, 57.71
2026/02/03 21:20:00.938, 0, 4, 81920, 23, 57.42
2026/02/03 21:20:30.940, 0, 557, 81920, 24, 68.19
2026/02/03 21:21:00.941, 97, 6071, 81920, 43, 289.64
2026/02/03 21:21:30.941, 0, 4, 81920, 23, 57.42
2026/02/03 21:22:00.942, 0, 3043, 81920, 23, 67.98
2026/02/03 21:22:30.943, 0, 557, 81920, 24, 68.27
2026/02/03 21:23:00.944, 0, 4, 81920, 25, 58.25
2026/02/03 21:23:30.945, 0, 4, 81920, 23, 57.42
2026/02/03 21:24:00.946, 6, 7391, 81920, 27, 78.74
2026/02/03 21:24:30.946, 97, 6019, 81920, 39, 291.53
2026/02/03 21:25:00.946, 0, 4, 81920, 23, 57.71
2026/02/03 21:25:30.947, 0, 4, 81920, 23, 57.71
2026/02/03 21:26:00.947, 0, 557, 81920, 25, 68.51
2026/02/03 21:26:30.948, 97, 5991, 81920, 42, 276.13
2026/02/03 21:27:00.949, 0, 4, 81920, 23, 57.71
2026/02/03 21:27:30.950, 0, 4, 81920, 23, 57.42
2026/02/03 21:28:00.950, 0, 557, 81920, 24, 68.19
2026/02/03 21:28:30.951, 0, 4, 81920, 28, 78.11
2026/02/03 21:29:00.952, 0, 4, 81920, 23, 57.71
2026/02/03 21:29:30.953, 91, 7291, 81920, 36, 216.28
2026/02/03 21:30:00.953, 22, 2697, 81920, 24, 69.63
2026/02/03 21:30:30.954, 0, 4, 81920, 24, 57.96
2026/02/03 21:31:00.955, 0, 4, 81920, 23, 57.42
2026/02/03 21:31:30.955, 0, 557, 81920, 25, 68.51
2026/02/03 21:32:00.956, 97, 5991, 81920, 42, 274.00
2026/02/03 21:32:30.957, 0, 4, 81920, 23, 57.71
2026/02/03 21:33:00.957, 0, 4, 81920, 23, 57.71
2026/02/03 21:33:30.959, 0, 557, 81920, 24, 68.27
2026/02/03 21:34:00.959, 97, 5941, 81920, 43, 257.29
2026/02/03 21:34:30.960, 0, 4, 81920, 23, 57.71
2026/02/03 21:35:00.960, 11, 2287, 81920, 23, 69.34
2026/02/03 21:35:30.961, 0, 557, 81920, 24, 68.19
2026/02/03 21:36:00.962, 7, 4, 81920, 28, 69.26
2026/02/03 21:36:30.963, 0, 4, 81920, 23, 57.42
2026/02/03 21:37:00.964, 0, 4, 81920, 22, 57.42
2026/02/03 21:37:30.965, 0, 4, 81920, 23, 57.42
2026/02/03 21:38:00.965, 0, 557, 81920, 24, 68.51
2026/02/03 21:38:30.965, 98, 5929, 81920, 43, 293.13
2026/02/03 21:39:00.966, 0, 4, 81920, 23, 57.13
2026/02/03 21:39:30.967, 99, 7249, 81920, 34, 299.86
2026/02/03 21:40:00.968, 0, 557, 81920, 23, 67.98
2026/02/03 21:40:30.968, 0, 4, 81920, 24, 57.82
2026/02/03 21:41:00.969, 0, 4, 81920, 23, 57.42
2026/02/03 21:41:30.970, 0, 557, 81920, 26, 77.09
2026/02/03 21:42:00.971, 97, 6019, 81920, 40, 274.82
2026/02/03 21:42:30.971, 0, 4, 81920, 23, 57.42
2026/02/03 21:43:00.972, 0, 4, 81920, 22, 57.13
2026/02/03 21:43:30.973, 92, 7259, 81920, 35, 220.59
2026/02/03 21:44:00.974, 0, 5927, 81920, 23, 67.90
2026/02/03 21:44:30.975, 0, 4, 81920, 24, 57.35
2026/02/03 21:45:00.975, 0, 4, 81920, 22, 57.42
2026/02/03 21:45:30.976, 90, 7271, 81920, 34, 214.62
2026/02/03 21:46:00.976, 0, 5927, 81920, 30, 244.06
2026/02/03 21:46:30.977, 0, 4, 81920, 24, 57.71
2026/02/03 21:47:00.978, 0, 4, 81920, 23, 57.42
2026/02/03 21:47:30.982, 0, 4, 81920, 22, 57.42
2026/02/03 21:48:00.983, 0, 557, 81920, 23, 67.74
2026/02/03 21:48:30.984, 0, 519, 81920, 28, 77.76
2026/02/03 21:49:00.985, 0, 4, 81920, 23, 57.13
2026/02/03 21:49:30.986, 90, 7357, 81920, 36, 219.49
2026/02/03 21:50:00.986, 100, 5969, 81920, 37, 288.00
2026/02/03 21:50:30.987, 0, 4, 81920, 23, 57.42
2026/02/03 21:51:00.988, 0, 4, 81920, 22, 57.42
2026/02/03 21:51:30.988, 0, 557, 81920, 24, 67.98
2026/02/03 21:52:00.989, 97, 5877, 81920, 42, 248.66
2026/02/03 21:52:30.990, 0, 4, 81920, 23, 57.71
2026/02/03 21:53:00.990, 0, 4, 81920, 22, 57.42
2026/02/03 21:53:30.991, 0, 557, 81920, 24, 67.74
2026/02/03 21:54:00.991, 7, 4, 81920, 27, 69.34
2026/02/03 21:54:30.992, 0, 4, 81920, 22, 57.42
2026/02/03 21:55:00.998, 0, 4, 81920, 22, 57.42
2026/02/03 21:55:30.999, 0, 557, 81920, 24, 67.98
2026/02/03 21:56:01.000, 0, 519, 81920, 28, 78.00
2026/02/03 21:56:31.000, 0, 4, 81920, 23, 57.42
2026/02/03 21:57:01.001, 91, 7327, 81920, 35, 203.80
2026/02/03 21:57:31.001, 20, 2697, 81920, 23, 68.27
2026/02/03 21:58:01.002, 0, 4, 81920, 24, 57.71
2026/02/03 21:58:31.003, 0, 4, 81920, 23, 57.42
2026/02/03 21:59:01.004, 0, 557, 81920, 25, 68.51
2026/02/03 21:59:31.004, 98, 6009, 81920, 41, 296.91
2026/02/03 22:00:01.005, 0, 4, 81920, 23, 57.42
2026/02/03 22:00:31.006, 3, 3043, 81920, 23, 67.98
2026/02/03 22:01:01.007, 0, 557, 81920, 24, 68.27
2026/02/03 22:01:31.007, 0, 4, 81920, 25, 57.96
2026/02/03 22:02:01.008, 0, 4, 81920, 23, 57.71
2026/02/03 22:02:31.008, 0, 557, 81920, 26, 77.18
2026/02/03 22:03:01.008, 97, 5987, 81920, 41, 275.60
2026/02/03 22:03:31.009, 0, 4, 81920, 23, 57.71
2026/02/03 22:04:01.010, 0, 4, 81920, 23, 57.42
2026/02/03 22:04:31.011, 0, 4, 81920, 23, 57.42
2026/02/03 22:05:01.012, 90, 7375, 81920, 35, 223.55
2026/02/03 22:05:31.012, 100, 6017, 81920, 35, 290.42
2026/02/03 22:06:01.013, 0, 4, 81920, 23, 57.42
2026/02/03 22:06:31.014, 0, 4, 81920, 23, 57.13
2026/02/03 22:07:01.014, 0, 557, 81920, 26, 77.18
2026/02/03 22:07:31.014, 97, 5929, 81920, 41, 299.33
2026/02/03 22:08:01.015, 0, 4, 81920, 23, 57.42
2026/02/03 22:08:31.016, 0, 4, 81920, 22, 57.42
2026/02/03 22:09:01.017, 0, 557, 81920, 24, 68.27
2026/02/03 22:09:31.017, 95, 6065, 81920, 42, 290.42
2026/02/03 22:10:01.018, 0, 4, 81920, 23, 57.71
2026/02/03 22:10:31.019, 92, 7309, 81920, 35, 206.77
2026/02/03 22:11:01.019, 0, 971, 81920, 24, 69.87
2026/02/03 22:11:31.020, 0, 4, 81920, 24, 57.71
2026/02/03 22:12:01.020, 0, 4, 81920, 23, 57.71
2026/02/03 22:12:31.021, 0, 557, 81920, 25, 68.27
2026/02/03 22:13:01.022, 97, 5941, 81920, 43, 259.95
2026/02/03 22:13:31.023, 0, 4, 81920, 24, 57.71
2026/02/03 22:14:01.023, 100, 7179, 81920, 37, 306.35
2026/02/03 22:14:31.024, 0, 557, 81920, 24, 67.95
2026/02/03 22:15:01.025, 0, 4, 81920, 24, 57.98
2026/02/03 22:15:31.026, 0, 4, 81920, 23, 57.71
2026/02/03 22:16:01.026, 0, 557, 81920, 25, 68.57
2026/02/03 22:16:31.027, 98, 5847, 81920, 44, 300.64
2026/02/03 22:17:01.028, 0, 4, 81920, 24, 57.69
2026/02/03 22:17:31.028, 3, 3043, 81920, 24, 67.67
2026/02/03 22:18:01.029, 0, 557, 81920, 24, 67.95
2026/02/03 22:18:31.029, 0, 4, 81920, 26, 57.98
2026/02/03 22:19:01.030, 0, 4, 81920, 23, 57.51
2026/02/03 22:19:31.031, 0, 557, 81920, 25, 68.73
2026/02/03 22:20:01.032, 98, 5939, 81920, 42, 244.35
2026/02/03 22:20:31.033, 0, 4, 81920, 23, 57.71
2026/02/03 22:21:01.033, 99, 7147, 81920, 34, 303.40
2026/02/03 22:21:31.034, 0, 557, 81920, 23, 68.27
2026/02/03 22:22:01.034, 0, 4, 81920, 24, 57.71
2026/02/03 22:22:31.035, 0, 4, 81920, 22, 57.13
2026/02/03 22:23:01.036, 92, 7137, 81920, 35, 193.52
2026/02/03 22:23:31.036, 0, 2697, 81920, 23, 67.98
2026/02/03 22:24:01.037, 0, 4, 81920, 24, 57.42
2026/02/03 22:24:31.038, 0, 4, 81920, 22, 57.13
2026/02/03 22:25:01.039, 0, 557, 81920, 25, 68.27
2026/02/03 22:25:31.040, 97, 5865, 81920, 41, 247.56
2026/02/03 22:26:01.040, 0, 4, 81920, 23, 57.42
2026/02/03 22:26:31.041, 0, 4, 81920, 22, 57.42
2026/02/03 22:27:01.042, 0, 4, 81920, 22, 57.42
2026/02/03 22:27:31.042, 0, 557, 81920, 25, 68.51
2026/02/03 22:28:01.043, 97, 5749, 81920, 40, 285.86
2026/02/03 22:28:31.044, 0, 4, 81920, 23, 57.13
2026/02/03 22:29:01.044, 0, 4, 81920, 22, 57.13
2026/02/03 22:29:31.044, 0, 557, 81920, 23, 67.98
2026/02/03 22:30:01.044, 7, 4, 81920, 27, 77.91
2026/02/03 22:30:31.045, 0, 4, 81920, 23, 57.42
2026/02/03 22:31:01.045, 91, 7255, 81920, 35, 214.34
2026/02/03 22:31:31.046, 100, 5891, 81920, 34, 292.31
2026/02/03 22:32:01.047, 0, 4, 81920, 24, 57.42
2026/02/03 22:32:31.048, 0, 4, 81920, 23, 57.13
2026/02/03 22:33:01.049, 0, 557, 81920, 25, 68.51
2026/02/03 22:33:31.050, 97, 5807, 81920, 42, 295.55
2026/02/03 22:34:01.050, 0, 4, 81920, 23, 57.42
2026/02/03 22:34:31.051, 0, 4, 81920, 23, 57.42
2026/02/03 22:35:01.052, 0, 557, 81920, 24, 68.51
2026/02/03 22:35:31.052, 6, 5889, 81920, 30, 78.98
2026/02/03 22:36:01.053, 0, 4, 81920, 23, 57.42
2026/02/03 22:36:31.053, 0, 7179, 81920, 27, 303.40
2026/02/03 22:37:01.054, 0, 557, 81920, 24, 67.98
2026/02/03 22:37:31.055, 0, 4, 81920, 25, 57.71
2026/02/03 22:38:01.055, 0, 4, 81920, 23, 57.13
2026/02/03 22:38:31.055, 0, 557, 81920, 26, 77.18
2026/02/03 22:39:01.056, 98, 5875, 81920, 41, 298.56
2026/02/03 22:39:31.057, 0, 4, 81920, 23, 57.42
2026/02/03 22:40:01.057, 29, 2609, 81920, 23, 67.98
2026/02/03 22:40:31.058, 0, 557, 81920, 24, 67.98
2026/02/03 22:41:01.058, 0, 4, 81920, 26, 58.25
2026/02/03 22:41:31.063, 0, 4, 81920, 23, 57.42
2026/02/03 22:42:01.064, 0, 557, 81920, 26, 77.47
2026/02/03 22:42:31.065, 97, 5833, 81920, 41, 249.49
2026/02/03 22:43:01.066, 0, 4, 81920, 23, 57.42
2026/02/03 22:43:31.066, 0, 4, 81920, 23, 57.13
2026/02/03 22:44:01.067, 0, 557, 81920, 24, 67.98
2026/02/03 22:44:31.068, 5, 5939, 81920, 33, 79.66
2026/02/03 22:45:01.069, 0, 4, 81920, 23, 57.13
2026/02/03 22:45:31.069, 0, 4, 81920, 23, 57.42
2026/02/03 22:46:01.074, 0, 557, 81920, 24, 67.98
2026/02/03 22:46:31.075, 0, 4, 81920, 27, 69.34
2026/02/03 22:47:01.075, 0, 4, 81920, 23, 57.13
2026/02/03 22:47:31.075, 91, 7379, 81920, 35, 212.49
2026/02/03 22:48:01.076, 0, 557, 81920, 24, 68.27
2026/02/03 22:48:31.077, 0, 4, 81920, 24, 57.71
2026/02/03 22:49:01.078, 0, 4, 81920, 23, 57.42
2026/02/03 22:49:31.078, 0, 557, 81920, 25, 68.27
2026/02/03 22:50:01.079, 98, 5875, 81920, 42, 278.55
2026/02/03 22:50:31.080, 0, 4, 81920, 23, 57.71
2026/02/03 22:51:01.080, 100, 7213, 81920, 36, 301.22
2026/02/03 22:51:31.081, 0, 557, 81920, 24, 67.74
2026/02/03 22:52:01.082, 0, 4, 81920, 24, 57.71
2026/02/03 22:52:31.083, 0, 4, 81920, 23, 57.42
2026/02/03 22:53:01.083, 0, 557, 81920, 24, 68.51
2026/02/03 22:53:31.083, 97, 5875, 81920, 42, 296.91
2026/02/03 22:54:01.084, 0, 4, 81920, 23, 57.42
2026/02/03 22:54:31.085, 0, 4, 81920, 23, 57.42
2026/02/03 22:55:01.086, 0, 4, 81920, 23, 57.42
2026/02/03 22:55:31.087, 0, 557, 81920, 24, 67.98
2026/02/03 22:56:01.088, 97, 5865, 81920, 42, 295.31
2026/02/03 22:56:31.089, 0, 4, 81920, 23, 57.42
2026/02/03 22:57:01.090, 0, 4, 81920, 22, 57.42
2026/02/03 22:57:31.091, 0, 557, 81920, 24, 68.27
2026/02/03 22:58:01.091, 0, 555, 81920, 29, 78.45
2026/02/03 22:58:31.092, 0, 4, 81920, 23, 57.42
2026/02/03 22:59:01.093, 30, 7213, 81920, 29, 235.72
2026/02/03 22:59:31.099, 0, 557, 81920, 24, 67.98
2026/02/03 23:00:01.100, 0, 4, 81920, 25, 57.71
2026/02/03 23:00:31.100, 0, 4, 81920, 23, 57.42
2026/02/03 23:01:01.101, 0, 557, 81920, 26, 76.93
2026/02/03 23:01:31.102, 97, 5873, 81920, 40, 289.35
2026/02/03 23:02:01.103, 0, 4, 81920, 23, 57.71
2026/02/03 23:02:31.103, 0, 4, 81920, 23, 57.71
2026/02/03 23:03:01.104, 0, 557, 81920, 24, 68.27
2026/02/03 23:03:31.104, 6, 555, 81920, 29, 79.36
2026/02/03 23:04:01.105, 0, 4, 81920, 23, 57.13
2026/02/03 23:04:31.105, 91, 7225, 81920, 34, 216.81
2026/02/03 23:05:01.105, 0, 2697, 81920, 23, 67.98
2026/02/03 23:05:31.106, 0, 4, 81920, 24, 57.96
2026/02/03 23:06:01.106, 0, 4, 81920, 23, 57.42
2026/02/03 23:06:31.106, 0, 557, 81920, 26, 76.64
2026/02/03 23:07:01.107, 98, 5929, 81920, 41, 297.73
2026/02/03 23:07:31.108, 0, 4, 81920, 23, 57.71
2026/02/03 23:08:01.108, 0, 4, 81920, 22, 57.42
2026/02/03 23:08:31.108, 0, 557, 81920, 24, 68.27
2026/02/03 23:09:01.109, 97, 5749, 81920, 42, 290.71
2026/02/03 23:09:31.110, 0, 4, 81920, 23, 57.71
2026/02/03 23:10:01.110, 0, 4, 81920, 23, 57.42
2026/02/03 23:10:31.115, 0, 557, 81920, 24, 68.27
2026/02/03 23:11:01.115, 97, 5973, 81920, 42, 272.43
2026/02/03 23:11:31.116, 0, 4, 81920, 23, 57.42
2026/02/03 23:12:01.116, 99, 7175, 81920, 36, 300.98
2026/02/03 23:12:31.117, 0, 557, 81920, 23, 68.27
2026/02/03 23:13:01.118, 0, 4, 81920, 24, 57.71
2026/02/03 23:13:31.118, 0, 4, 81920, 23, 57.13
2026/02/03 23:14:01.119, 0, 557, 81920, 25, 68.43
2026/02/03 23:14:31.120, 98, 5973, 81920, 42, 290.18
2026/02/03 23:15:01.120, 0, 4, 81920, 23, 57.42
2026/02/03 23:15:31.121, 0, 3043, 81920, 23, 67.98
2026/02/03 23:16:01.122, 0, 557, 81920, 23, 67.74
2026/02/03 23:16:31.122, 0, 4, 81920, 25, 57.71
2026/02/03 23:17:01.123, 0, 4, 81920, 23, 57.42
2026/02/03 23:17:31.123, 99, 7133, 81920, 34, 316.26
2026/02/03 23:18:01.124, 0, 557, 81920, 24, 68.27
2026/02/03 23:18:31.125, 0, 4, 81920, 24, 57.51
2026/02/03 23:19:01.125, 0, 4, 81920, 23, 57.44
2026/02/03 23:19:31.126, 0, 557, 81920, 25, 68.19
2026/02/03 23:20:01.127, 98, 5939, 81920, 41, 267.93
2026/02/03 23:20:31.127, 0, 4, 81920, 23, 57.44
2026/02/03 23:21:01.128, 0, 4, 81920, 23, 57.51
2026/02/03 23:21:31.129, 0, 4, 81920, 23, 57.51
2026/02/03 23:22:01.129, 0, 557, 81920, 24, 68.19
2026/02/03 23:22:31.131, 98, 5803, 81920, 42, 291.53
2026/02/03 23:23:01.131, 0, 4, 81920, 23, 57.35
2026/02/03 23:23:31.132, 52, 7257, 81920, 34, 190.84
2026/02/03 23:24:01.133, 0, 557, 81920, 24, 67.90
2026/02/03 23:24:31.134, 0, 4, 81920, 24, 57.71
2026/02/03 23:25:01.134, 0, 4, 81920, 23, 57.42
2026/02/03 23:25:31.135, 0, 557, 81920, 25, 68.43
2026/02/03 23:26:01.136, 97, 5833, 81920, 42, 299.62
2026/02/03 23:26:31.137, 0, 4, 81920, 23, 57.71
2026/02/03 23:27:01.137, 0, 4, 81920, 23, 57.42
2026/02/03 23:27:31.138, 0, 557, 81920, 24, 67.90
2026/02/03 23:28:01.138, 6, 5887, 81920, 31, 78.20
2026/02/03 23:28:31.139, 0, 4, 81920, 23, 57.71
2026/02/03 23:29:01.140, 94, 7265, 81920, 32, 301.22
2026/02/03 23:29:31.140, 0, 557, 81920, 23, 67.98
2026/02/03 23:30:01.141, 0, 4, 81920, 25, 57.71
2026/02/03 23:30:31.141, 0, 4, 81920, 23, 57.42
2026/02/03 23:31:01.142, 6, 7125, 81920, 28, 78.29
2026/02/03 23:31:31.142, 97, 5813, 81920, 39, 259.19
2026/02/03 23:32:01.143, 0, 4, 81920, 23, 57.71
2026/02/03 23:32:31.143, 0, 4, 81920, 23, 57.42
2026/02/03 23:33:01.144, 0, 557, 81920, 24, 68.27
2026/02/03 23:33:31.145, 98, 5895, 81920, 42, 296.09
2026/02/03 23:34:01.145, 0, 4, 81920, 23, 57.71
2026/02/03 23:34:31.146, 99, 7147, 81920, 36, 297.20
2026/02/03 23:35:01.147, 0, 557, 81920, 23, 67.98
2026/02/03 23:35:31.148, 0, 4, 81920, 24, 57.96
2026/02/03 23:36:01.149, 0, 4, 81920, 22, 57.42
2026/02/03 23:36:31.149, 0, 557, 81920, 24, 68.27
2026/02/03 23:37:01.150, 97, 5875, 81920, 42, 241.64
2026/02/03 23:37:31.151, 0, 4, 81920, 23, 57.42
2026/02/03 23:38:01.151, 0, 4, 81920, 23, 57.42
2026/02/03 23:38:31.157, 0, 557, 81920, 24, 67.74
2026/02/03 23:39:01.158, 97, 5895, 81920, 42, 278.85
2026/02/03 23:39:31.159, 0, 4, 81920, 22, 57.42
2026/02/03 23:40:01.159, 5, 2609, 81920, 22, 67.74
2026/02/03 23:40:31.159, 0, 557, 81920, 23, 68.27
2026/02/03 23:41:01.160, 0, 4, 81920, 26, 69.05
2026/02/03 23:41:31.161, 0, 4, 81920, 23, 57.42
2026/02/03 23:42:01.161, 3, 2773, 81920, 23, 68.27
2026/02/03 23:42:31.162, 0, 557, 81920, 24, 67.98
2026/02/03 23:43:01.163, 0, 4, 81920, 25, 57.96
2026/02/03 23:43:31.163, 0, 4, 81920, 22, 57.42
2026/02/03 23:44:01.164, 91, 7123, 81920, 35, 217.05
2026/02/03 23:44:31.164, 100, 5813, 81920, 39, 272.96
2026/02/03 23:45:01.165, 0, 4, 81920, 23, 57.42
2026/02/03 23:45:31.166, 0, 4, 81920, 23, 57.42
2026/02/03 23:46:01.167, 0, 557, 81920, 24, 68.51
2026/02/03 23:46:31.168, 97, 5831, 81920, 43, 290.71
2026/02/03 23:47:01.169, 0, 4, 81920, 23, 57.71
2026/02/03 23:47:31.169, 92, 7151, 81920, 34, 189.48
2026/02/03 23:48:01.170, 0, 557, 81920, 23, 67.74
2026/02/03 23:48:31.171, 0, 4, 81920, 24, 57.71
2026/02/03 23:49:01.172, 0, 4, 81920, 22, 57.42
2026/02/03 23:49:31.172, 0, 4, 81920, 22, 57.42
2026/02/03 23:50:01.173, 0, 3043, 81920, 23, 67.98
2026/02/03 23:50:31.174, 0, 557, 81920, 23, 67.74
2026/02/03 23:51:01.174, 0, 4, 81920, 25, 57.96
2026/02/03 23:51:31.175, 0, 4, 81920, 22, 57.42
2026/02/03 23:52:01.176, 92, 7281, 81920, 35, 224.08
2026/02/03 23:52:31.177, 100, 5931, 81920, 37, 305.29
2026/02/03 23:53:01.177, 0, 4, 81920, 23, 57.42
2026/02/03 23:53:31.178, 0, 4, 81920, 23, 57.42
2026/02/03 23:54:01.179, 0, 557, 81920, 24, 68.27
2026/02/03 23:54:31.180, 98, 5895, 81920, 42, 297.97
2026/02/03 23:55:01.181, 0, 4, 81920, 23, 57.71
2026/02/03 23:55:31.181, 0, 2609, 81920, 23, 67.74
2026/02/03 23:56:01.182, 0, 557, 81920, 24, 68.51
2026/02/03 23:56:31.182, 0, 4, 81920, 26, 58.25
2026/02/03 23:57:01.183, 0, 4, 81920, 23, 57.71
2026/02/03 23:57:31.184, 0, 557, 81920, 26, 68.81
2026/02/03 23:58:01.184, 97, 5661, 81920, 42, 296.09
2026/02/03 23:58:31.185, 0, 4, 81920, 23, 57.71
2026/02/03 23:59:01.185, 0, 4, 81920, 23, 57.42
2026/02/03 23:59:31.186, 0, 557, 81920, 25, 68.51
2026/02/04 00:00:01.187, 98, 5769, 81920, 42, 300.44
2026/02/04 00:00:31.188, 0, 4, 81920, 23, 57.42
2026/02/04 00:01:01.188, 0, 4, 81920, 23, 57.71
2026/02/04 00:01:31.189, 0, 557, 81920, 24, 68.51
2026/02/04 00:02:01.190, 97, 5929, 81920, 42, 296.91
2026/02/04 00:02:31.190, 0, 4, 81920, 23, 57.71
2026/02/04 00:03:01.191, 0, 4, 81920, 22, 57.42
2026/02/04 00:03:31.192, 0, 557, 81920, 24, 68.19
2026/02/04 00:04:01.193, 6, 5885, 81920, 30, 78.83
2026/02/04 00:04:31.194, 0, 4, 81920, 23, 57.42
2026/02/04 00:05:01.194, 58, 7209, 81920, 30, 79.81
2026/02/04 00:05:31.195, 97, 5875, 81920, 39, 292.31
2026/02/04 00:06:01.195, 0, 4, 81920, 23, 57.71
2026/02/04 00:06:31.196, 0, 4, 81920, 22, 57.42
2026/02/04 00:07:01.196, 0, 557, 81920, 25, 68.51
2026/02/04 00:07:31.196, 97, 5911, 81920, 41, 276.95
2026/02/04 00:08:01.197, 0, 4, 81920, 23, 57.71
2026/02/04 00:08:31.198, 0, 4, 81920, 23, 57.42
2026/02/04 00:09:01.199, 0, 557, 81920, 24, 68.27
2026/02/04 00:09:31.199, 97, 5969, 81920, 42, 299.33
2026/02/04 00:10:01.200, 0, 4, 81920, 23, 57.42
2026/02/04 00:10:31.201, 7, 7175, 81920, 26, 242.99
2026/02/04 00:11:01.202, 0, 557, 81920, 23, 67.98
2026/02/04 00:11:31.203, 0, 4, 81920, 25, 57.96
2026/02/04 00:12:01.203, 0, 4, 81920, 23, 57.42
2026/02/04 00:12:31.204, 91, 7153, 81920, 35, 199.79
2026/02/04 00:13:01.204, 0, 2697, 81920, 24, 67.44
2026/02/04 00:13:31.205, 0, 4, 81920, 24, 57.42
2026/02/04 00:14:01.206, 0, 4, 81920, 23, 57.42
2026/02/04 00:14:31.207, 0, 4, 81920, 22, 57.42
2026/02/04 00:15:01.207, 0, 4, 81920, 22, 57.42
2026/02/04 00:15:31.208, 0, 557, 81920, 24, 67.98
2026/02/04 00:16:01.209, 0, 555, 81920, 29, 78.00
2026/02/04 00:16:31.209, 0, 4, 81920, 23, 57.13
2026/02/04 00:17:01.210, 91, 6785, 81920, 35, 216.52
2026/02/04 00:17:31.211, 28, 2697, 81920, 24, 67.98
2026/02/04 00:18:01.212, 0, 4, 81920, 24, 57.42
2026/02/04 00:18:31.212, 0, 4, 81920, 22, 57.13
2026/02/04 00:19:01.214, 0, 557, 81920, 24, 68.27
2026/02/04 00:19:31.214, 97, 5519, 81920, 43, 277.48
2026/02/04 00:20:01.215, 0, 4, 81920, 23, 57.13
2026/02/04 00:20:31.215, 92, 6903, 81920, 35, 214.91
2026/02/04 00:21:01.216, 100, 5645, 81920, 33, 291.53
2026/02/04 00:21:31.217, 0, 4, 81920, 23, 57.42
2026/02/04 00:22:01.218, 0, 4, 81920, 22, 57.44
2026/02/04 00:22:31.218, 0, 557, 81920, 24, 68.19
2026/02/04 00:23:01.219, 7, 5737, 81920, 33, 78.90
2026/02/04 00:23:31.220, 0, 4, 81920, 23, 57.44
2026/02/04 00:24:01.221, 92, 6769, 81920, 36, 208.27
2026/02/04 00:24:31.221, 100, 5549, 81920, 38, 280.49
2026/02/04 00:25:01.222, 0, 4, 81920, 23, 57.44
2026/02/04 00:25:31.223, 0, 4, 81920, 23, 57.15
2026/02/04 00:26:01.224, 0, 557, 81920, 24, 68.19
2026/02/04 00:26:31.224, 97, 5693, 81920, 42, 288.54
2026/02/04 00:27:01.225, 0, 4, 81920, 23, 57.44
2026/02/04 00:27:31.225, 91, 6923, 81920, 36, 198.19
2026/02/04 00:28:01.226, 100, 5655, 81920, 39, 306.53
2026/02/04 00:28:31.227, 0, 4, 81920, 24, 57.71
2026/02/04 00:29:01.228, 0, 4, 81920, 23, 57.13
2026/02/04 00:29:31.228, 0, 557, 81920, 24, 68.51
2026/02/04 00:30:01.229, 0, 555, 81920, 28, 77.91
2026/02/04 00:30:31.230, 0, 4, 81920, 23, 57.71
2026/02/04 00:31:01.231, 6, 6917, 81920, 28, 78.00
2026/02/04 00:31:31.231, 98, 5653, 81920, 41, 274.53
2026/02/04 00:32:01.232, 0, 4, 81920, 24, 57.71
2026/02/04 00:32:31.236, 0, 4, 81920, 23, 57.42
2026/02/04 00:33:01.236, 0, 557, 81920, 24, 68.27
2026/02/04 00:33:31.237, 0, 4, 81920, 28, 81.56
2026/02/04 00:34:01.292, 0, 4, 81920, 22, 57.42
2026/02/04 00:34:31.293, 0, 4, 81920, 22, 57.42
2026/02/04 00:35:01.293, 100, 6591, 81920, 34, 301.51
2026/02/04 00:35:31.293, 0, 557, 81920, 23, 67.44
2026/02/04 00:36:01.294, 0, 4, 81920, 24, 57.71
2026/02/04 00:36:31.295, 0, 4, 81920, 23, 57.42
2026/02/04 00:37:01.296, 91, 6785, 81920, 35, 213.27
2026/02/04 00:37:31.296, 98, 5561, 81920, 39, 293.42
2026/02/04 00:38:01.297, 0, 4, 81920, 23, 57.71
2026/02/04 00:38:31.297, 0, 4, 81920, 22, 57.13
2026/02/04 00:39:01.298, 0, 557, 81920, 23, 67.98
2026/02/04 00:39:31.298, 0, 555, 81920, 28, 78.29
2026/02/04 00:40:01.299, 0, 4, 81920, 23, 57.42
2026/02/04 00:40:31.300, 0, 557, 81920, 26, 77.18
2026/02/04 00:41:01.300, 97, 5465, 81920, 41, 299.62
2026/02/04 00:41:31.301, 0, 4, 81920, 23, 57.42
2026/02/04 00:42:01.301, 0, 4, 81920, 22, 57.13
2026/02/04 00:42:31.302, 0, 557, 81920, 24, 67.98
2026/02/04 00:43:01.303, 7, 4, 81920, 28, 84.77
2026/02/04 00:43:31.303, 0, 4, 81920, 23, 57.42
2026/02/04 00:44:01.304, 6, 6613, 81920, 29, 78.83
2026/02/04 00:44:31.304, 97, 5423, 81920, 40, 286.40
2026/02/04 00:45:01.304, 0, 4, 81920, 23, 57.42
2026/02/04 00:45:31.305, 0, 4, 81920, 23, 57.13
2026/02/04 00:46:01.306, 0, 557, 81920, 24, 68.27
2026/02/04 00:46:31.307, 6, 5507, 81920, 32, 78.45
2026/02/04 00:47:01.308, 0, 4, 81920, 23, 57.71
2026/02/04 00:47:31.309, 91, 6807, 81920, 35, 211.96
2026/02/04 00:48:01.309, 81, 5569, 81920, 32, 252.45
2026/02/04 00:48:31.309, 0, 4, 81920, 24, 57.71
2026/02/04 00:49:01.310, 0, 4, 81920, 23, 57.42
2026/02/04 00:49:31.311, 0, 557, 81920, 24, 68.51
2026/02/04 00:50:01.312, 97, 5375, 81920, 43, 263.49
2026/02/04 00:50:31.312, 0, 4, 81920, 23, 57.71
2026/02/04 00:51:01.313, 0, 2609, 81920, 24, 67.98
2026/02/04 00:51:31.321, 0, 557, 81920, 24, 68.51
2026/02/04 00:52:01.322, 0, 4, 81920, 26, 58.25
2026/02/04 00:52:31.322, 0, 4, 81920, 23, 57.71
2026/02/04 00:53:01.323, 0, 557, 81920, 27, 77.47
2026/02/04 00:53:31.324, 98, 5545, 81920, 42, 253.81
2026/02/04 00:54:01.325, 0, 4, 81920, 24, 57.71
2026/02/04 00:54:31.325, 0, 3043, 81920, 24, 67.74
2026/02/04 00:55:01.325, 0, 557, 81920, 24, 67.74
2026/02/04 00:55:31.326, 0, 4, 81920, 25, 57.71
2026/02/04 00:56:01.327, 0, 4, 81920, 22, 57.13
2026/02/04 00:56:31.327, 0, 557, 81920, 24, 68.51
2026/02/04 00:57:01.328, 97, 5521, 81920, 41, 266.15
2026/02/04 00:57:31.328, 0, 4, 81920, 22, 57.42
2026/02/04 00:58:01.328, 0, 4, 81920, 22, 57.42
2026/02/04 00:58:31.329, 0, 557, 81920, 23, 68.27
2026/02/04 00:59:01.329, 0, 4, 81920, 26, 58.25
2026/02/04 00:59:31.330, 0, 4, 81920, 22, 57.42
2026/02/04 01:00:01.331, 0, 557, 81920, 25, 76.93
2026/02/04 01:00:31.332, 97, 5527, 81920, 40, 291.53
2026/02/04 01:01:01.332, 0, 4, 81920, 23, 57.42
2026/02/04 01:01:31.332, 0, 4, 81920, 22, 57.42
2026/02/04 01:02:01.333, 0, 4, 81920, 22, 57.42
2026/02/04 01:02:31.333, 0, 557, 81920, 24, 68.27
2026/02/04 01:03:01.334, 97, 5521, 81920, 42, 293.95
2026/02/04 01:03:31.335, 0, 4, 81920, 23, 57.13
2026/02/04 01:04:01.336, 92, 6583, 81920, 35, 201.09
2026/02/04 01:04:31.336, 1, 2697, 81920, 23, 67.74
2026/02/04 01:05:01.337, 0, 4, 81920, 24, 57.42
2026/02/04 01:05:31.337, 0, 4, 81920, 23, 57.13
2026/02/04 01:06:01.338, 0, 557, 81920, 24, 68.27
2026/02/04 01:06:31.339, 98, 5545, 81920, 41, 292.06
2026/02/04 01:07:01.340, 0, 4, 81920, 23, 57.42
2026/02/04 01:07:31.341, 92, 6849, 81920, 35, 194.87
2026/02/04 01:08:01.342, 100, 5599, 81920, 36, 291.77
2026/02/04 01:08:31.342, 0, 4, 81920, 24, 57.71
2026/02/04 01:09:01.346, 0, 4, 81920, 23, 57.42
2026/02/04 01:09:31.347, 0, 557, 81920, 25, 68.51
2026/02/04 01:10:01.348, 97, 5437, 81920, 43, 263.80
2026/02/04 01:10:31.349, 0, 4, 81920, 23, 57.71
2026/02/04 01:11:01.349, 57, 6733, 81920, 34, 209.20
2026/02/04 01:11:31.350, 0, 557, 81920, 24, 67.98
2026/02/04 01:12:01.351, 0, 4, 81920, 24, 57.71
2026/02/04 01:12:31.351, 0, 4, 81920, 23, 57.42
2026/02/04 01:13:01.352, 0, 557, 81920, 24, 68.27
2026/02/04 01:13:31.353, 97, 5473, 81920, 43, 299.62
2026/02/04 01:14:01.354, 0, 4, 81920, 23, 57.71
2026/02/04 01:14:31.355, 91, 6567, 81920, 35, 212.20
2026/02/04 01:15:01.355, 100, 5391, 81920, 36, 316.04
2026/02/04 01:15:31.356, 0, 4, 81920, 23, 57.71
2026/02/04 01:16:01.357, 0, 4, 81920, 23, 57.42
2026/02/04 01:16:31.357, 0, 557, 81920, 24, 68.27
2026/02/04 01:17:01.358, 7, 5453, 81920, 30, 78.98
2026/02/04 01:17:31.358, 0, 4, 81920, 23, 57.42
2026/02/04 01:18:01.359, 92, 6633, 81920, 36, 194.87
2026/02/04 01:18:31.360, 100, 5445, 81920, 35, 298.80
2026/02/04 01:19:01.361, 0, 4, 81920, 23, 57.42
2026/02/04 01:19:31.361, 0, 4, 81920, 23, 57.42
2026/02/04 01:20:01.361, 0, 557, 81920, 24, 68.51
2026/02/04 01:20:31.362, 98, 5577, 81920, 43, 295.55
2026/02/04 01:21:01.363, 0, 4, 81920, 23, 57.71
2026/02/04 01:21:31.364, 85, 6701, 81920, 33, 158.95
2026/02/04 01:22:01.365, 0, 557, 81920, 24, 68.51
2026/02/04 01:22:31.365, 0, 4, 81920, 24, 57.96
2026/02/04 01:23:01.366, 0, 4, 81920, 23, 57.64
2026/02/04 01:23:31.366, 0, 557, 81920, 25, 68.27
2026/02/04 01:24:01.367, 97, 5525, 81920, 43, 252.69
2026/02/04 01:24:31.367, 0, 4, 81920, 23, 57.71
2026/02/04 01:25:01.368, 69, 6733, 81920, 34, 204.87
2026/02/04 01:25:31.369, 0, 557, 81920, 24, 68.51
2026/02/04 01:26:01.370, 0, 4, 81920, 25, 57.71
2026/02/04 01:26:31.370, 0, 4, 81920, 23, 57.42
2026/02/04 01:27:01.371, 0, 557, 81920, 25, 68.27
2026/02/04 01:27:31.372, 97, 5495, 81920, 44, 278.02
2026/02/04 01:28:01.373, 0, 4, 81920, 23, 57.42
2026/02/04 01:28:31.373, 0, 4, 81920, 23, 57.42
2026/02/04 01:29:01.374, 0, 3043, 81920, 23, 67.98
2026/02/04 01:29:31.375, 0, 557, 81920, 24, 68.27
2026/02/04 01:30:01.376, 0, 4, 81920, 25, 57.71
2026/02/04 01:30:31.377, 0, 4, 81920, 23, 57.42
2026/02/04 01:31:01.377, 0, 557, 81920, 25, 68.81
2026/02/04 01:31:31.377, 98, 5367, 81920, 42, 295.31
2026/02/04 01:32:01.378, 0, 4, 81920, 23, 57.42
2026/02/04 01:32:31.378, 100, 6603, 81920, 35, 299.86
2026/02/04 01:33:01.379, 0, 557, 81920, 23, 67.98
2026/02/04 01:33:31.380, 0, 4, 81920, 24, 57.42
2026/02/04 01:34:01.381, 0, 4, 81920, 22, 57.42
2026/02/04 01:34:31.382, 0, 557, 81920, 24, 68.27
2026/02/04 01:35:01.382, 98, 5421, 81920, 42, 290.18
2026/02/04 01:35:31.383, 0, 4, 81920, 23, 57.42
2026/02/04 01:36:01.383, 100, 6527, 81920, 36, 302.33
2026/02/04 01:36:31.384, 0, 557, 81920, 23, 67.98
2026/02/04 01:37:01.385, 0, 4, 81920, 24, 57.42
2026/02/04 01:37:31.386, 0, 4, 81920, 22, 57.42
2026/02/04 01:38:01.386, 0, 557, 81920, 24, 67.98
2026/02/04 01:38:31.387, 98, 5341, 81920, 42, 261.07
2026/02/04 01:39:01.387, 0, 4, 81920, 23, 57.42
2026/02/04 01:39:31.388, 92, 6683, 81920, 35, 207.35
2026/02/04 01:40:01.388, 100, 5485, 81920, 29, 230.82
2026/02/04 01:40:31.389, 0, 4, 81920, 24, 57.71
2026/02/04 01:41:01.389, 0, 4, 81920, 22, 57.42
2026/02/04 01:41:31.390, 0, 557, 81920, 24, 68.27
2026/02/04 01:42:01.391, 98, 5499, 81920, 42, 258.89
2026/02/04 01:42:31.395, 0, 4, 81920, 23, 57.42
2026/02/04 01:43:01.396, 90, 6545, 81920, 35, 205.75
2026/02/04 01:43:31.396, 100, 5375, 81920, 32, 284.51
2026/02/04 01:44:01.397, 0, 4, 81920, 24, 57.71
2026/02/04 01:44:31.397, 0, 4, 81920, 23, 57.42
2026/02/04 01:45:01.398, 0, 557, 81920, 24, 68.27
2026/02/04 01:45:31.399, 98, 5407, 81920, 42, 285.58
2026/02/04 01:46:01.400, 0, 4, 81920, 23, 57.42
2026/02/04 01:46:31.401, 92, 6715, 81920, 34, 213.51
2026/02/04 01:47:01.401, 100, 5511, 81920, 34, 296.67
2026/02/04 01:47:31.402, 0, 4, 81920, 24, 57.42
2026/02/04 01:48:01.405, 0, 4, 81920, 23, 57.42
2026/02/04 01:48:31.406, 0, 557, 81920, 24, 68.27
2026/02/04 01:49:01.406, 98, 5239, 81920, 42, 300.15
2026/02/04 01:49:31.407, 0, 4, 81920, 23, 57.71
2026/02/04 01:50:01.407, 91, 6545, 81920, 35, 186.52
2026/02/04 01:50:31.408, 0, 2697, 81920, 24, 68.27
2026/02/04 01:51:01.409, 0, 4, 81920, 24, 57.71
2026/02/04 01:51:31.410, 0, 4, 81920, 23, 57.48
2026/02/04 01:52:01.410, 0, 557, 81920, 24, 68.27
2026/02/04 01:52:31.411, 97, 5391, 81920, 42, 289.64
2026/02/04 01:53:01.412, 0, 4, 81920, 23, 57.42
2026/02/04 01:53:31.412, 92, 6599, 81920, 34, 210.85
2026/02/04 01:54:01.413, 0, 1007, 81920, 24, 69.05
2026/02/04 01:54:31.414, 0, 4, 81920, 24, 57.42
2026/02/04 01:55:01.415, 0, 4, 81920, 22, 57.42
2026/02/04 01:55:31.415, 0, 4, 81920, 22, 57.42
2026/02/04 01:56:01.416, 0, 557, 81920, 25, 68.27
2026/02/04 01:56:31.417, 97, 5421, 81920, 43, 251.91
2026/02/04 01:57:01.417, 0, 4, 81920, 24, 57.42
2026/02/04 01:57:31.418, 0, 3043, 81920, 24, 68.27
2026/02/04 01:58:01.420, 0, 557, 81920, 24, 68.51
2026/02/04 01:58:31.421, 0, 4, 81920, 25, 57.96
2026/02/04 01:59:01.422, 0, 4, 81920, 23, 57.71
2026/02/04 01:59:31.422, 0, 557, 81920, 25, 68.51
2026/02/04 02:00:01.423, 97, 5533, 81920, 44, 291.24
2026/02/04 02:00:31.423, 0, 4, 81920, 24, 57.71
2026/02/04 02:01:01.424, 100, 6671, 81920, 35, 312.85
2026/02/04 02:01:31.424, 0, 557, 81920, 24, 68.27
2026/02/04 02:02:01.425, 0, 4, 81920, 24, 57.96
2026/02/04 02:02:31.425, 0, 4, 81920, 23, 57.42
2026/02/04 02:03:01.427, 0, 557, 81920, 25, 68.51
2026/02/04 02:03:31.427, 98, 5487, 81920, 42, 296.38
2026/02/04 02:04:01.428, 0, 4, 81920, 23, 57.71
2026/02/04 02:04:31.429, 0, 4, 81920, 22, 57.42
2026/02/04 02:05:01.430, 0, 557, 81920, 23, 67.98
2026/02/04 02:05:31.430, 0, 4, 81920, 26, 69.05
2026/02/04 02:06:01.431, 0, 4, 81920, 23, 57.19
2026/02/04 02:06:31.432, 92, 6669, 81920, 35, 215.70
2026/02/04 02:07:01.432, 100, 5473, 81920, 35, 306.64
2026/02/04 02:07:31.433, 0, 4, 81920, 23, 57.42
2026/02/04 02:08:01.433, 0, 4, 81920, 22, 57.42
2026/02/04 02:08:31.434, 0, 557, 81920, 23, 67.98
2026/02/04 02:09:01.435, 7, 5427, 81920, 31, 79.66
2026/02/04 02:09:31.436, 0, 4, 81920, 23, 57.42
2026/02/04 02:10:01.436, 92, 6647, 81920, 35, 205.16
2026/02/04 02:10:31.436, 98, 5453, 81920, 39, 268.65
2026/02/04 02:11:01.437, 0, 4, 81920, 23, 57.42
2026/02/04 02:11:31.437, 0, 4, 81920, 22, 57.13
2026/02/04 02:12:01.437, 0, 557, 81920, 24, 68.27
2026/02/04 02:12:31.438, 7, 5429, 81920, 32, 79.90
2026/02/04 02:13:01.439, 0, 4, 81920, 23, 57.13
2026/02/04 02:13:31.439, 92, 6647, 81920, 35, 227.30
2026/02/04 02:14:01.440, 0, 967, 81920, 23, 67.98
2026/02/04 02:14:31.441, 0, 4, 81920, 23, 57.71
2026/02/04 02:15:01.441, 0, 4, 81920, 22, 57.42
2026/02/04 02:15:31.441, 0, 557, 81920, 24, 68.27
2026/02/04 02:16:01.442, 98, 5423, 81920, 42, 295.55
2026/02/04 02:16:31.442, 0, 4, 81920, 23, 57.42
2026/02/04 02:17:01.443, 92, 6667, 81920, 35, 201.38
2026/02/04 02:17:31.443, 100, 5471, 81920, 34, 293.95
2026/02/04 02:18:01.444, 0, 4, 81920, 23, 57.42
2026/02/04 02:18:31.445, 0, 4, 81920, 22, 57.13
2026/02/04 02:19:01.446, 0, 4, 81920, 23, 57.13
2026/02/04 02:19:31.452, 0, 557, 81920, 25, 68.51
2026/02/04 02:20:01.453, 97, 5429, 81920, 42, 244.35
2026/02/04 02:20:31.454, 0, 4, 81920, 23, 57.71
2026/02/04 02:21:01.455, 0, 19, 81920, 22, 57.71
2026/02/04 02:21:31.456, 0, 557, 81920, 24, 67.98
2026/02/04 02:22:01.456, 0, 4, 81920, 26, 58.49
2026/02/04 02:22:31.457, 0, 4, 81920, 23, 57.42
2026/02/04 02:23:01.457, 0, 557, 81920, 27, 77.47
2026/02/04 02:23:31.458, 98, 5519, 81920, 41, 297.20
2026/02/04 02:24:01.458, 0, 4, 81920, 24, 57.78
2026/02/04 02:24:31.459, 0, 4, 81920, 23, 57.42
2026/02/04 02:25:01.460, 0, 557, 81920, 24, 67.98
2026/02/04 02:25:31.461, 0, 4, 81920, 28, 78.00
2026/02/04 02:26:01.461, 0, 4, 81920, 23, 57.42
2026/02/04 02:26:31.462, 90, 6647, 81920, 35, 217.30
2026/02/04 02:27:01.462, 100, 5453, 81920, 37, 284.02
2026/02/04 02:27:31.463, 0, 4, 81920, 24, 57.42
2026/02/04 02:28:01.464, 0, 4, 81920, 23, 57.42
2026/02/04 02:28:31.465, 0, 557, 81920, 24, 67.98
2026/02/04 02:29:01.465, 6, 5437, 81920, 31, 79.66
2026/02/04 02:29:31.466, 0, 4, 81920, 23, 57.71
2026/02/04 02:30:01.467, 53, 6687, 81920, 35, 181.91
2026/02/04 02:30:31.467, 0, 557, 81920, 24, 67.98
2026/02/04 02:31:01.468, 0, 4, 81920, 24, 57.71
2026/02/04 02:31:31.469, 0, 4, 81920, 22, 57.42
2026/02/04 02:32:01.469, 0, 557, 81920, 24, 68.27
2026/02/04 02:32:31.470, 98, 5527, 81920, 42, 290.23
2026/02/04 02:33:01.470, 0, 4, 81920, 23, 57.42
2026/02/04 02:33:31.471, 5, 2609, 81920, 23, 67.98
2026/02/04 02:34:01.472, 0, 557, 81920, 23, 67.98
2026/02/04 02:34:31.472, 0, 4, 81920, 25, 57.71
2026/02/04 02:35:01.473, 0, 4, 81920, 22, 57.19
2026/02/04 02:35:31.474, 0, 557, 81920, 25, 68.51
2026/02/04 02:36:01.475, 98, 5521, 81920, 41, 295.65
2026/02/04 02:36:31.475, 0, 4, 81920, 23, 57.42
2026/02/04 02:37:01.475, 100, 6737, 81920, 32, 298.80
2026/02/04 02:37:31.477, 0, 557, 81920, 23, 67.98
2026/02/04 02:38:01.477, 0, 4, 81920, 24, 57.71
2026/02/04 02:38:31.482, 0, 4, 81920, 22, 57.48
2026/02/04 02:39:01.483, 0, 557, 81920, 25, 68.81
2026/02/04 02:39:31.483, 97, 5597, 81920, 41, 300.69
2026/02/04 02:40:01.484, 0, 4, 81920, 23, 57.42
2026/02/04 02:40:31.486, 0, 4, 81920, 22, 57.42
2026/02/04 02:41:01.488, 0, 557, 81920, 23, 67.98
2026/02/04 02:41:31.489, 37, 555, 81920, 29, 78.29
2026/02/04 02:42:01.490, 0, 4, 81920, 23, 57.42
2026/02/04 02:42:31.490, 0, 4, 81920, 22, 57.42
2026/02/04 02:43:01.491, 92, 6651, 81920, 34, 214.34
2026/02/04 02:43:31.491, 29, 2697, 81920, 24, 68.51
2026/02/04 02:44:01.492, 0, 4, 81920, 23, 57.78
2026/02/04 02:44:31.492, 0, 4, 81920, 22, 57.42
2026/02/04 02:45:01.493, 0, 557, 81920, 24, 67.98
2026/02/04 02:45:31.493, 98, 5423, 81920, 42, 293.13
2026/02/04 02:46:01.494, 0, 4, 81920, 23, 57.42
2026/02/04 02:46:31.495, 2, 3043, 81920, 23, 67.98
2026/02/04 02:47:01.496, 0, 557, 81920, 24, 68.27
2026/02/04 02:47:31.497, 0, 4, 81920, 24, 57.71
2026/02/04 02:48:01.497, 0, 4, 81920, 22, 57.42
2026/02/04 02:48:31.498, 37, 557, 81920, 27, 77.18
2026/02/04 02:49:01.499, 97, 5445, 81920, 41, 297.97
2026/02/04 02:49:31.499, 0, 4, 81920, 24, 57.71
2026/02/04 02:50:01.500, 0, 2609, 81920, 24, 68.27
2026/02/04 02:50:31.501, 0, 557, 81920, 24, 68.51
2026/02/04 02:51:01.501, 0, 4, 81920, 25, 57.96
2026/02/04 02:51:31.503, 0, 4, 81920, 23, 57.42
2026/02/04 02:52:01.503, 72, 6685, 81920, 30, 79.90
2026/02/04 02:52:31.503, 97, 5487, 81920, 40, 284.51
2026/02/04 02:53:01.504, 0, 4, 81920, 24, 57.42
2026/02/04 02:53:31.504, 19, 2609, 81920, 23, 69.34
2026/02/04 02:54:01.505, 0, 557, 81920, 24, 67.98
2026/02/04 02:54:31.506, 0, 4, 81920, 25, 57.96
2026/02/04 02:55:01.507, 0, 4, 81920, 23, 57.42
2026/02/04 02:55:31.508, 0, 557, 81920, 26, 76.93
2026/02/04 02:56:01.509, 97, 5445, 81920, 41, 293.67
2026/02/04 02:56:31.509, 0, 4, 81920, 24, 57.71
2026/02/04 02:57:01.510, 0, 3043, 81920, 24, 68.51
2026/02/04 02:57:31.511, 0, 557, 81920, 24, 68.27
2026/02/04 02:58:01.511, 0, 4, 81920, 25, 57.96
2026/02/04 02:58:31.512, 0, 4, 81920, 23, 57.42
2026/02/04 02:59:01.513, 0, 557, 81920, 25, 68.51
2026/02/04 02:59:31.514, 97, 5383, 81920, 42, 295.85
2026/02/04 03:00:01.514, 0, 4, 81920, 24, 57.71
2026/02/04 03:00:31.516, 0, 4, 81920, 23, 57.71
2026/02/04 03:01:01.517, 0, 557, 81920, 24, 67.98
2026/02/04 03:01:31.517, 0, 4, 81920, 26, 58.78
2026/02/04 03:02:01.518, 0, 4, 81920, 23, 57.42
2026/02/04 03:02:31.519, 92, 6499, 81920, 36, 193.80
2026/02/04 03:03:01.519, 100, 5351, 81920, 40, 294.78
2026/02/04 03:03:31.520, 0, 4, 81920, 24, 57.71
2026/02/04 03:04:01.520, 0, 4, 81920, 23, 57.42
2026/02/04 03:04:31.525, 0, 557, 81920, 24, 67.98
2026/02/04 03:05:01.526, 97, 5417, 81920, 41, 272.64
2026/02/04 03:05:31.527, 0, 4, 81920, 23, 57.71
2026/02/04 03:06:01.528, 91, 6665, 81920, 36, 219.49
2026/02/04 03:06:31.529, 97, 5459, 81920, 39, 289.89
2026/02/04 03:07:01.530, 0, 4, 81920, 23, 57.71
2026/02/04 03:07:31.530, 0, 4, 81920, 22, 57.42
2026/02/04 03:08:01.531, 0, 557, 81920, 23, 67.98
2026/02/04 03:08:31.531, 0, 4, 81920, 27, 68.81
2026/02/04 03:09:01.532, 0, 4, 81920, 23, 57.13
2026/02/04 03:09:31.533, 0, 4, 81920, 23, 57.13
2026/02/04 03:10:01.533, 0, 4, 81920, 23, 57.13
2026/02/04 03:10:31.534, 0, 4, 81920, 23, 57.42
2026/02/04 03:11:01.535, 0, 4, 81920, 22, 57.13
2026/02/04 03:11:31.536, 0, 4, 81920, 22, 56.89
2026/02/04 03:12:01.536, 0, 4, 81920, 22, 56.89
2026/02/04 03:12:31.537, 0, 4, 81920, 22, 57.13
2026/02/04 03:13:01.538, 0, 3043, 81920, 23, 67.74
2026/02/04 03:13:31.541, 0, 557, 81920, 24, 67.98
2026/02/04 03:14:01.542, 0, 4, 81920, 25, 57.71
2026/02/04 03:14:31.543, 0, 4, 81920, 22, 57.42
2026/02/04 03:15:01.543, 0, 557, 81920, 25, 68.51
2026/02/04 03:15:31.543, 98, 5361, 81920, 41, 297.20
2026/02/04 03:16:01.544, 0, 4, 81920, 23, 57.42
2026/02/04 03:16:31.545, 0, 3043, 81920, 23, 67.98
2026/02/04 03:17:01.546, 0, 557, 81920, 24, 67.98
2026/02/04 03:17:31.546, 0, 4, 81920, 24, 57.71
2026/02/04 03:18:01.547, 0, 4, 81920, 22, 57.42
2026/02/04 03:18:31.548, 0, 557, 81920, 24, 68.27
2026/02/04 03:19:01.549, 98, 5373, 81920, 41, 247.02
2026/02/04 03:19:31.549, 0, 4, 81920, 23, 57.71
2026/02/04 03:20:01.549, 91, 6545, 81920, 34, 187.29
2026/02/04 03:20:31.551, 0, 557, 81920, 24, 68.27
2026/02/04 03:21:01.552, 0, 4, 81920, 24, 57.42
2026/02/04 03:21:31.553, 0, 4, 81920, 22, 57.13
2026/02/04 03:22:01.553, 0, 557, 81920, 24, 68.27
2026/02/04 03:22:31.554, 97, 5423, 81920, 42, 269.18
2026/02/04 03:23:01.554, 0, 4, 81920, 23, 57.13
2026/02/04 03:23:31.555, 0, 3043, 81920, 23, 68.27
2026/02/04 03:24:01.555, 0, 557, 81920, 24, 68.27
2026/02/04 03:24:31.556, 0, 4, 81920, 24, 57.71
2026/02/04 03:25:01.557, 0, 4, 81920, 22, 57.42
2026/02/04 03:25:31.557, 0, 557, 81920, 24, 68.27
2026/02/04 03:26:01.558, 98, 5359, 81920, 41, 296.38
2026/02/04 03:26:31.559, 0, 4, 81920, 23, 57.42
2026/02/04 03:27:01.560, 91, 6599, 81920, 35, 200.31
2026/02/04 03:27:31.560, 0, 557, 81920, 24, 67.98
2026/02/04 03:28:01.561, 0, 4, 81920, 24, 57.71
2026/02/04 03:28:31.562, 0, 4, 81920, 22, 57.42
2026/02/04 03:29:01.565, 0, 557, 81920, 24, 67.98
2026/02/04 03:29:31.566, 98, 5407, 81920, 43, 291.53
2026/02/04 03:30:01.566, 0, 4, 81920, 23, 57.71
2026/02/04 03:30:31.567, 90, 6477, 81920, 35, 198.42
2026/02/04 03:31:01.567, 100, 5327, 81920, 37, 285.33
2026/02/04 03:31:31.568, 0, 4, 81920, 23, 57.71
2026/02/04 03:32:01.568, 0, 4, 81920, 23, 57.42
2026/02/04 03:32:31.569, 0, 557, 81920, 24, 68.27
2026/02/04 03:33:01.569, 7, 4, 81920, 28, 78.29
2026/02/04 03:33:31.570, 0, 4, 81920, 23, 57.71
2026/02/04 03:34:01.571, 0, 4, 81920, 23, 57.42
2026/02/04 03:34:31.571, 92, 6543, 81920, 35, 225.15
2026/02/04 03:35:01.572, 29, 2697, 81920, 23, 69.63
2026/02/04 03:35:31.573, 0, 4, 81920, 24, 57.71
2026/02/04 03:36:01.573, 0, 4, 81920, 23, 57.13
2026/02/04 03:36:31.574, 0, 557, 81920, 25, 68.51
2026/02/04 03:37:01.574, 98, 5363, 81920, 42, 263.51
2026/02/04 03:37:31.574, 0, 4, 81920, 23, 57.42
2026/02/04 03:38:01.575, 0, 4, 81920, 22, 57.42
2026/02/04 03:38:31.575, 0, 557, 81920, 24, 68.27
2026/02/04 03:39:01.576, 0, 4, 81920, 27, 69.05
2026/02/04 03:39:31.583, 0, 4, 81920, 23, 57.71
2026/02/04 03:40:01.583, 92, 6531, 81920, 36, 191.91
2026/02/04 03:40:31.584, 100, 5361, 81920, 37, 285.33
2026/02/04 03:41:01.585, 0, 4, 81920, 23, 57.71
2026/02/04 03:41:31.585, 0, 4, 81920, 23, 57.42
2026/02/04 03:42:01.586, 0, 557, 81920, 24, 68.27
2026/02/04 03:42:31.586, 98, 5275, 81920, 44, 293.13
2026/02/04 03:43:01.587, 0, 4, 81920, 23, 57.71
2026/02/04 03:43:31.588, 92, 6569, 81920, 35, 189.48
2026/02/04 03:44:01.588, 0, 2697, 81920, 24, 68.27
2026/02/04 03:44:31.589, 0, 4, 81920, 24, 57.42
2026/02/04 03:45:01.589, 0, 4, 81920, 23, 57.71
2026/02/04 03:45:31.590, 0, 557, 81920, 25, 68.27
2026/02/04 03:46:01.591, 98, 5431, 81920, 43, 296.09
2026/02/04 03:46:31.592, 0, 4, 81920, 23, 57.42
2026/02/04 03:47:01.592, 91, 6733, 81920, 35, 206.77
2026/02/04 03:47:31.593, 0, 557, 81920, 24, 68.27
2026/02/04 03:48:01.594, 0, 4, 81920, 24, 57.71
2026/02/04 03:48:31.595, 0, 4, 81920, 23, 57.71
2026/02/04 03:49:01.595, 0, 557, 81920, 25, 68.27
2026/02/04 03:49:31.596, 97, 5547, 81920, 42, 273.25
2026/02/04 03:50:01.596, 0, 4, 81920, 23, 57.71
2026/02/04 03:50:31.597, 92, 6225, 81920, 35, 224.08
2026/02/04 03:51:01.598, 39, 5127, 81920, 28, 233.83
2026/02/04 03:51:31.599, 0, 4, 81920, 24, 57.42
2026/02/04 03:52:01.599, 0, 4, 81920, 23, 57.42
2026/02/04 03:52:31.600, 0, 4, 81920, 23, 57.42
2026/02/04 03:53:01.600, 0, 557, 81920, 25, 68.81
2026/02/04 03:53:31.601, 97, 5527, 81920, 43, 248.37
2026/02/04 03:54:01.602, 0, 4, 81920, 22, 57.42
2026/02/04 03:54:31.602, 92, 6569, 81920, 34, 211.38
2026/02/04 03:55:01.604, 0, 557, 81920, 23, 67.98
2026/02/04 03:55:31.604, 0, 4, 81920, 24, 57.71
2026/02/04 03:56:01.605, 0, 4, 81920, 22, 57.42
2026/02/04 03:56:31.606, 0, 557, 81920, 24, 68.27
2026/02/04 03:57:01.606, 97, 5431, 81920, 41, 271.07
2026/02/04 03:57:31.607, 0, 4, 81920, 22, 57.42
2026/02/04 03:58:01.607, 3, 3043, 81920, 22, 67.98
2026/02/04 03:58:31.608, 0, 557, 81920, 23, 68.27
2026/02/04 03:59:01.608, 0, 4, 81920, 25, 57.96
2026/02/04 03:59:31.609, 0, 4, 81920, 23, 57.42
2026/02/04 04:00:01.609, 7, 6705, 81920, 28, 78.29
2026/02/04 04:00:31.609, 98, 5493, 81920, 39, 276.42
2026/02/04 04:01:01.610, 0, 4, 81920, 23, 57.13
2026/02/04 04:01:31.611, 0, 4, 81920, 22, 57.13
2026/02/04 04:02:01.611, 0, 557, 81920, 24, 68.27
2026/02/04 04:02:31.612, 0, 555, 81920, 28, 77.76
2026/02/04 04:03:01.612, 0, 4, 81920, 23, 57.42
2026/02/04 04:03:31.613, 92, 6647, 81920, 36, 202.74
2026/02/04 04:04:01.614, 98, 5463, 81920, 40, 274.24
2026/02/04 04:04:31.614, 0, 4, 81920, 23, 57.71
2026/02/04 04:05:01.616, 0, 4, 81920, 22, 57.42
2026/02/04 04:05:31.617, 0, 557, 81920, 24, 68.27
2026/02/04 04:06:01.618, 98, 5463, 81920, 42, 300.69
2026/02/04 04:06:31.619, 0, 4, 81920, 23, 57.71
2026/02/04 04:07:01.619, 91, 6429, 81920, 34, 218.66
2026/02/04 04:07:31.619, 21, 2697, 81920, 23, 67.98
2026/02/04 04:08:01.620, 0, 4, 81920, 23, 57.71
2026/02/04 04:08:31.621, 0, 4, 81920, 23, 57.48
2026/02/04 04:09:01.621, 0, 557, 81920, 25, 68.51
2026/02/04 04:09:31.622, 98, 5383, 81920, 42, 295.85
2026/02/04 04:10:01.623, 0, 4, 81920, 23, 57.71
2026/02/04 04:10:31.623, 3, 3043, 81920, 23, 67.98
2026/02/04 04:11:01.624, 0, 557, 81920, 23, 68.51
2026/02/04 04:11:31.625, 0, 4, 81920, 25, 57.71
2026/02/04 04:12:01.625, 0, 4, 81920, 23, 57.13
2026/02/04 04:12:31.626, 0, 557, 81920, 25, 68.51
2026/02/04 04:13:01.627, 97, 5415, 81920, 42, 276.95
2026/02/04 04:13:31.628, 0, 4, 81920, 23, 57.42
2026/02/04 04:14:01.629, 100, 6593, 81920, 36, 304.17
2026/02/04 04:14:31.629, 0, 557, 81920, 24, 67.98
2026/02/04 04:15:01.630, 0, 4, 81920, 24, 57.96
2026/02/04 04:15:31.630, 0, 4, 81920, 23, 57.42
2026/02/04 04:16:01.631, 0, 557, 81920, 25, 68.51
2026/02/04 04:16:31.631, 97, 5465, 81920, 43, 296.38
2026/02/04 04:17:01.632, 0, 4, 81920, 23, 57.71
2026/02/04 04:17:31.632, 0, 4, 81920, 22, 57.42
2026/02/04 04:18:01.633, 0, 2609, 81920, 23, 67.98
2026/02/04 04:18:31.634, 0, 557, 81920, 24, 68.27
2026/02/04 04:19:01.635, 0, 4, 81920, 25, 57.96
2026/02/04 04:19:31.636, 0, 4, 81920, 23, 57.13
2026/02/04 04:20:01.636, 92, 6543, 81920, 36, 223.25
2026/02/04 04:20:31.637, 98, 5383, 81920, 39, 271.29
2026/02/04 04:21:01.638, 0, 4, 81920, 23, 57.42
2026/02/04 04:21:31.638, 0, 4, 81920, 23, 57.13
2026/02/04 04:22:01.639, 0, 557, 81920, 24, 68.27
2026/02/04 04:22:31.640, 0, 555, 81920, 29, 78.29
2026/02/04 04:23:01.640, 0, 4, 81920, 23, 57.42
2026/02/04 04:23:31.641, 92, 6715, 81920, 36, 223.27
2026/02/04 04:24:01.641, 100, 5513, 81920, 38, 308.53
2026/02/04 04:24:31.642, 0, 4, 81920, 23, 57.42
2026/02/04 04:25:01.643, 0, 4, 81920, 23, 57.13
2026/02/04 04:25:31.643, 0, 557, 81920, 25, 68.81
2026/02/04 04:26:01.643, 97, 5349, 81920, 43, 300.98
2026/02/04 04:26:31.644, 0, 4, 81920, 23, 57.42
2026/02/04 04:27:01.644, 0, 2727, 81920, 23, 68.27
2026/02/04 04:27:31.645, 0, 557, 81920, 24, 68.27
2026/02/04 04:28:01.646, 0, 4, 81920, 25, 57.96
2026/02/04 04:28:31.646, 0, 4, 81920, 23, 57.42
2026/02/04 04:29:01.647, 0, 557, 81920, 26, 68.51
2026/02/04 04:29:31.648, 96, 5417, 81920, 42, 272.35
2026/02/04 04:30:01.649, 0, 4, 81920, 23, 57.71
2026/02/04 04:30:31.649, 0, 4, 81920, 23, 57.42
2026/02/04 04:31:01.650, 0, 557, 81920, 24, 68.27
2026/02/04 04:31:31.651, 7, 4, 81920, 28, 77.76
2026/02/04 04:32:01.652, 0, 4, 81920, 23, 57.42
2026/02/04 04:32:31.652, 7, 557, 81920, 27, 78.00
2026/02/04 04:33:01.653, 98, 5349, 81920, 41, 267.29
2026/02/04 04:33:31.654, 0, 4, 81920, 23, 57.71
2026/02/04 04:34:01.654, 0, 4, 81920, 22, 57.42
2026/02/04 04:34:31.655, 0, 557, 81920, 24, 68.27
2026/02/04 04:35:01.655, 0, 4, 81920, 26, 58.25
2026/02/04 04:35:31.656, 0, 4, 81920, 23, 57.71
2026/02/04 04:36:01.657, 0, 4, 81920, 23, 57.42
2026/02/04 04:36:31.657, 0, 4, 81920, 23, 57.42
2026/02/04 04:37:01.658, 91, 6651, 81920, 35, 226.26
2026/02/04 04:37:31.658, 0, 1061, 81920, 23, 69.63
2026/02/04 04:38:01.659, 0, 4, 81920, 24, 57.71
2026/02/04 04:38:31.660, 0, 4, 81920, 23, 57.71
2026/02/04 04:39:01.660, 0, 557, 81920, 25, 68.27
2026/02/04 04:39:31.661, 98, 5511, 81920, 42, 299.62
2026/02/04 04:40:01.662, 0, 4, 81920, 23, 57.42
2026/02/04 04:40:31.663, 2, 2883, 81920, 23, 69.05
2026/02/04 04:41:01.663, 0, 557, 81920, 23, 67.98
2026/02/04 04:41:31.664, 0, 4, 81920, 25, 57.71
2026/02/04 04:42:01.664, 0, 4, 81920, 23, 57.13
2026/02/04 04:42:31.665, 0, 557, 81920, 25, 68.51
2026/02/04 04:43:01.666, 98, 5481, 81920, 42, 294.78
2026/02/04 04:43:31.666, 0, 4, 81920, 23, 57.42
2026/02/04 04:44:01.667, 24, 2609, 81920, 23, 67.98
2026/02/04 04:44:31.669, 0, 557, 81920, 23, 68.27
2026/02/04 04:45:01.669, 0, 4, 81920, 26, 57.96
2026/02/04 04:45:31.670, 0, 4, 81920, 23, 57.42
2026/02/04 04:46:01.671, 0, 557, 81920, 25, 68.51
2026/02/04 04:46:31.672, 97, 5425, 81920, 42, 293.95
2026/02/04 04:47:01.672, 0, 4, 81920, 23, 57.71
2026/02/04 04:47:31.673, 0, 4, 81920, 22, 57.42
2026/02/04 04:48:01.674, 0, 557, 81920, 24, 67.98
2026/02/04 04:48:31.674, 8, 4, 81920, 27, 69.05
2026/02/04 04:49:01.675, 0, 4, 81920, 23, 57.42
2026/02/04 04:49:31.676, 91, 6665, 81920, 35, 201.62
2026/02/04 04:50:01.676, 0, 2697, 81920, 24, 68.27
2026/02/04 04:50:31.676, 0, 4, 81920, 24, 57.71
2026/02/04 04:51:01.676, 0, 4, 81920, 22, 57.42
2026/02/04 04:51:31.677, 0, 557, 81920, 24, 68.27
2026/02/04 04:52:01.678, 98, 5525, 81920, 42, 300.98
2026/02/04 04:52:31.678, 0, 4, 81920, 23, 57.71
2026/02/04 04:53:01.679, 92, 6665, 81920, 35, 222.48
2026/02/04 04:53:31.680, 0, 2697, 81920, 24, 67.98
2026/02/04 04:54:01.680, 0, 4, 81920, 24, 57.42
2026/02/04 04:54:31.685, 0, 4, 81920, 22, 57.42
2026/02/04 04:55:01.685, 0, 557, 81920, 24, 68.27
2026/02/04 04:55:31.686, 98, 5461, 81920, 42, 300.63
2026/02/04 04:56:01.686, 0, 4, 81920, 23, 57.42
2026/02/04 04:56:31.687, 91, 6543, 81920, 35, 200.85
2026/02/04 04:57:01.687, 100, 5383, 81920, 37, 295.85
2026/02/04 04:57:31.688, 0, 4, 81920, 23, 57.42
2026/02/04 04:58:01.688, 0, 4, 81920, 22, 57.42
2026/02/04 04:58:31.689, 0, 4, 81920, 22, 57.42
2026/02/04 04:59:01.690, 92, 6753, 81920, 36, 221.37
2026/02/04 04:59:31.690, 100, 5541, 81920, 39, 287.47
2026/02/04 05:00:01.691, 0, 4, 81920, 24, 57.71
2026/02/04 05:00:31.692, 0, 4, 81920, 23, 57.42
2026/02/04 05:01:01.692, 0, 557, 81920, 24, 68.27
2026/02/04 05:01:31.692, 7, 555, 81920, 29, 78.83
2026/02/04 05:02:01.693, 0, 4, 81920, 23, 57.13
2026/02/04 05:02:31.694, 92, 6635, 81920, 35, 219.23
2026/02/04 05:03:01.694, 100, 5451, 81920, 36, 295.85
2026/02/04 05:03:31.695, 0, 4, 81920, 24, 57.71
2026/02/04 05:04:01.696, 0, 4, 81920, 23, 57.42
2026/02/04 05:04:31.697, 0, 557, 81920, 24, 68.27
2026/02/04 05:05:01.697, 6, 555, 81920, 29, 80.97
2026/02/04 05:05:31.698, 0, 4, 81920, 23, 57.13
2026/02/04 05:06:01.698, 91, 6615, 81920, 35, 223.51
2026/02/04 05:06:31.698, 100, 5429, 81920, 36, 295.31
2026/02/04 05:07:01.699, 0, 4, 81920, 24, 57.42
2026/02/04 05:07:31.699, 0, 4, 81920, 22, 57.42
2026/02/04 05:08:01.700, 0, 557, 81920, 24, 67.98
2026/02/04 05:08:31.700, 98, 5465, 81920, 43, 300.98
2026/02/04 05:09:01.701, 0, 4, 81920, 23, 57.42
2026/02/04 05:09:31.702, 0, 2705, 81920, 23, 68.51
2026/02/04 05:10:01.703, 0, 557, 81920, 24, 68.27
2026/02/04 05:10:31.704, 0, 4, 81920, 25, 57.96
2026/02/04 05:11:01.704, 0, 4, 81920, 22, 57.42
2026/02/04 05:11:31.705, 0, 557, 81920, 25, 68.81
2026/02/04 05:12:01.705, 98, 5559, 81920, 41, 241.64
2026/02/04 05:12:31.706, 0, 4, 81920, 23, 57.42
2026/02/04 05:13:01.707, 0, 4, 81920, 22, 57.42
2026/02/04 05:13:31.708, 0, 557, 81920, 24, 68.27
2026/02/04 05:14:01.708, 0, 4, 81920, 27, 68.73
2026/02/04 05:14:31.709, 0, 4, 81920, 22, 57.13
2026/02/04 05:15:01.710, 91, 6855, 81920, 35, 199.50
2026/02/04 05:15:31.711, 100, 5611, 81920, 36, 296.67
2026/02/04 05:16:01.711, 0, 4, 81920, 24, 57.42
2026/02/04 05:16:31.712, 0, 4, 81920, 23, 57.42
2026/02/04 05:17:01.713, 0, 557, 81920, 24, 68.27
2026/02/04 05:17:31.713, 6, 5429, 81920, 32, 80.19
2026/02/04 05:18:01.714, 0, 4, 81920, 23, 57.71
2026/02/04 05:18:31.715, 0, 4, 81920, 23, 57.42
2026/02/04 05:19:01.716, 0, 4, 81920, 23, 57.42
2026/02/04 05:19:31.716, 0, 4, 81920, 23, 57.42
2026/02/04 05:20:01.717, 0, 4, 81920, 23, 57.42
2026/02/04 05:20:31.718, 0, 4, 81920, 23, 57.42
2026/02/04 05:21:01.718, 92, 6805, 81920, 35, 210.60
2026/02/04 05:21:31.718, 100, 5577, 81920, 36, 318.51
2026/02/04 05:22:01.719, 0, 4, 81920, 24, 57.71
2026/02/04 05:22:31.719, 0, 4, 81920, 23, 57.42
2026/02/04 05:23:01.720, 0, 557, 81920, 24, 68.27
2026/02/04 05:23:31.721, 96, 5551, 81920, 42, 288.00
2026/02/04 05:24:01.722, 0, 4, 81920, 23, 57.71
2026/02/04 05:24:31.722, 36, 6719, 81920, 30, 79.90
2026/02/04 05:25:01.722, 97, 5513, 81920, 40, 291.24
2026/02/04 05:25:31.723, 0, 4, 81920, 23, 57.71
2026/02/04 05:26:01.723, 0, 4, 81920, 23, 57.42
2026/02/04 05:26:31.724, 0, 557, 81920, 24, 68.27
2026/02/04 05:27:01.724, 0, 4, 81920, 28, 69.05
2026/02/04 05:27:31.725, 0, 4, 81920, 23, 57.71
2026/02/04 05:28:01.726, 92, 6781, 81920, 35, 205.99
2026/02/04 05:28:31.726, 100, 5555, 81920, 37, 293.13
2026/02/04 05:29:01.727, 0, 4, 81920, 24, 57.71
2026/02/04 05:29:31.727, 0, 4, 81920, 23, 57.42
2026/02/04 05:30:01.727, 0, 557, 81920, 25, 68.27
2026/02/04 05:30:31.728, 97, 5527, 81920, 43, 299.62
2026/02/04 05:31:01.729, 0, 4, 81920, 23, 57.71
2026/02/04 05:31:31.730, 92, 6837, 81920, 35, 183.51
2026/02/04 05:32:01.730, 100, 5593, 81920, 34, 296.67
2026/02/04 05:32:31.731, 0, 4, 81920, 24, 57.71
2026/02/04 05:33:01.732, 0, 4, 81920, 23, 57.42
2026/02/04 05:33:31.735, 0, 557, 81920, 24, 68.51
2026/02/04 05:34:01.735, 97, 5585, 81920, 42, 289.35
2026/02/04 05:34:31.743, 0, 4, 81920, 23, 57.42
2026/02/04 05:35:01.744, 91, 6683, 81920, 35, 219.47
2026/02/04 05:35:31.744, 100, 5481, 81920, 33, 295.55
2026/02/04 05:36:01.744, 0, 4, 81920, 24, 57.71
2026/02/04 05:36:31.745, 0, 4, 81920, 23, 57.42
2026/02/04 05:37:01.745, 0, 557, 81920, 25, 68.51
2026/02/04 05:37:31.746, 98, 5575, 81920, 42, 297.20
2026/02/04 05:38:01.746, 0, 4, 81920, 23, 57.71
2026/02/04 05:38:31.747, 100, 6795, 81920, 36, 305.53
2026/02/04 05:39:01.748, 0, 557, 81920, 23, 67.98
2026/02/04 05:39:31.748, 0, 4, 81920, 24, 57.96
2026/02/04 05:40:01.748, 0, 4, 81920, 22, 57.42
2026/02/04 05:40:31.749, 0, 557, 81920, 24, 68.19
2026/02/04 05:41:01.750, 97, 5577, 81920, 42, 289.64
2026/02/04 05:41:31.751, 0, 4, 81920, 22, 57.42
2026/02/04 05:42:01.751, 0, 4, 81920, 22, 57.13
2026/02/04 05:42:31.752, 0, 4, 81920, 22, 57.13
2026/02/04 05:43:01.752, 0, 557, 81920, 24, 68.27
2026/02/04 05:43:31.753, 97, 5575, 81920, 43, 265.09
2026/02/04 05:44:01.754, 0, 4, 81920, 23, 57.42
2026/02/04 05:44:31.755, 92, 6705, 81920, 36, 224.08
2026/02/04 05:45:01.755, 97, 5495, 81920, 39, 281.80
2026/02/04 05:45:31.756, 0, 4, 81920, 23, 57.71
2026/02/04 05:46:01.756, 0, 4, 81920, 22, 57.42
2026/02/04 05:46:31.757, 0, 557, 81920, 24, 68.27
2026/02/04 05:47:01.757, 6, 5553, 81920, 31, 78.00
2026/02/04 05:47:31.758, 0, 4, 81920, 23, 57.71
2026/02/04 05:48:01.759, 92, 6681, 81920, 35, 196.52
2026/02/04 05:48:31.759, 0, 2697, 81920, 23, 67.98
2026/02/04 05:49:01.760, 0, 4, 81920, 24, 57.42
2026/02/04 05:49:31.764, 0, 4, 81920, 22, 57.13
2026/02/04 05:50:01.764, 0, 557, 81920, 24, 68.27
2026/02/04 05:50:31.765, 95, 5565, 81920, 37, 154.87
2026/02/04 05:51:01.766, 0, 4, 81920, 23, 57.42
2026/02/04 05:51:31.767, 92, 6677, 81920, 36, 218.40
2026/02/04 05:52:01.768, 100, 5479, 81920, 37, 289.64
2026/02/04 05:52:31.768, 0, 4, 81920, 23, 57.42
2026/02/04 05:53:01.769, 0, 4, 81920, 23, 57.42
2026/02/04 05:53:31.770, 0, 557, 81920, 24, 68.27
2026/02/04 05:54:01.770, 98, 5525, 81920, 43, 295.85
2026/02/04 05:54:31.772, 0, 4, 81920, 23, 57.71
2026/02/04 05:55:01.773, 92, 6771, 81920, 35, 207.59
2026/02/04 05:55:31.774, 100, 5553, 81920, 37, 297.73
2026/02/04 05:56:01.775, 0, 4, 81920, 23, 57.42
2026/02/04 05:56:31.775, 0, 4, 81920, 23, 57.13
2026/02/04 05:57:01.776, 0, 557, 81920, 24, 68.51
2026/02/04 05:57:31.776, 0, 519, 81920, 29, 78.00
2026/02/04 05:58:01.777, 0, 4, 81920, 23, 57.42
2026/02/04 05:58:31.777, 6, 557, 81920, 27, 78.00
2026/02/04 05:59:01.778, 98, 5577, 81920, 41, 252.40
2026/02/04 05:59:31.778, 0, 4, 81920, 23, 57.42
2026/02/04 06:00:01.779, 0, 4, 81920, 23, 57.42
2026/02/04 06:00:31.780, 0, 557, 81920, 24, 68.51
2026/02/04 06:01:01.781, 0, 4, 81920, 27, 69.34
2026/02/04 06:01:31.782, 0, 4, 81920, 23, 57.71
2026/02/04 06:02:01.782, 83, 557, 81920, 27, 77.47
2026/02/04 06:02:31.784, 97, 5465, 81920, 40, 289.89
2026/02/04 06:03:01.784, 0, 4, 81920, 24, 57.71
2026/02/04 06:03:31.791, 0, 4, 81920, 23, 57.42
2026/02/04 06:04:01.795, 0, 557, 81920, 24, 68.27
2026/02/04 06:04:31.796, 95, 5475, 81920, 42, 305.47
2026/02/04 06:05:01.796, 0, 4, 81920, 23, 57.42
2026/02/04 06:05:31.797, 0, 4, 81920, 23, 57.42
2026/02/04 06:06:01.798, 0, 4, 81920, 23, 57.42
2026/02/04 06:06:31.798, 0, 4, 81920, 23, 57.42
2026/02/04 06:07:01.799, 0, 4, 81920, 23, 57.42
2026/02/04 06:07:31.800, 0, 557, 81920, 24, 68.27
2026/02/04 06:08:01.800, 96, 5439, 81920, 41, 295.31
2026/02/04 06:08:31.801, 0, 4, 81920, 23, 57.42
2026/02/04 06:09:01.802, 28, 6685, 81920, 29, 79.66
2026/02/04 06:09:31.802, 97, 5481, 81920, 41, 276.95
2026/02/04 06:10:01.803, 0, 4, 81920, 24, 57.42
2026/02/04 06:10:31.804, 0, 4, 81920, 23, 57.71
2026/02/04 06:11:01.804, 0, 557, 81920, 24, 68.27
2026/02/04 06:11:31.805, 0, 4, 81920, 27, 69.34
2026/02/04 06:12:01.805, 0, 4, 81920, 23, 57.42
2026/02/04 06:12:31.806, 0, 557, 81920, 26, 77.38
2026/02/04 06:13:01.807, 98, 5561, 81920, 41, 258.89
2026/02/04 06:13:31.808, 0, 4, 81920, 23, 57.71
2026/02/04 06:14:01.808, 0, 2763, 81920, 23, 68.27
2026/02/04 06:14:31.809, 0, 557, 81920, 23, 67.98
2026/02/04 06:15:01.810, 0, 4, 81920, 25, 57.71
2026/02/04 06:15:31.810, 0, 4, 81920, 22, 57.42
2026/02/04 06:16:01.810, 0, 557, 81920, 24, 68.51
2026/02/04 06:16:31.811, 98, 5605, 81920, 42, 250.56
2026/02/04 06:17:01.811, 0, 4, 81920, 23, 57.71
2026/02/04 06:17:31.812, 0, 3043, 81920, 23, 67.98
2026/02/04 06:18:01.812, 0, 557, 81920, 23, 68.27
2026/02/04 06:18:31.812, 0, 4, 81920, 24, 57.71
2026/02/04 06:19:01.813, 0, 4, 81920, 22, 57.42
2026/02/04 06:19:31.813, 0, 557, 81920, 26, 77.47
2026/02/04 06:20:01.813, 97, 5543, 81920, 41, 244.88
2026/02/04 06:20:31.814, 0, 4, 81920, 23, 57.71
2026/02/04 06:21:01.815, 0, 2609, 81920, 23, 67.98
2026/02/04 06:21:31.815, 0, 557, 81920, 23, 67.98
2026/02/04 06:22:01.816, 0, 4, 81920, 25, 57.96
2026/02/04 06:22:31.817, 0, 4, 81920, 22, 57.42
2026/02/04 06:23:01.817, 0, 557, 81920, 25, 68.27
2026/02/04 06:23:31.818, 98, 5561, 81920, 42, 296.09
2026/02/04 06:24:01.819, 0, 4, 81920, 23, 57.42
2026/02/04 06:24:31.819, 0, 4, 81920, 22, 57.42
2026/02/04 06:25:01.820, 0, 557, 81920, 23, 68.27
2026/02/04 06:25:31.821, 2, 4, 81920, 27, 77.47
2026/02/04 06:26:01.821, 0, 4, 81920, 22, 57.42
2026/02/04 06:26:31.822, 0, 557, 81920, 25, 68.51
2026/02/04 06:27:01.823, 98, 5523, 81920, 41, 277.78
2026/02/04 06:27:31.824, 0, 4, 81920, 23, 57.42
2026/02/04 06:28:01.824, 0, 4, 81920, 22, 57.13
2026/02/04 06:28:31.825, 0, 4, 81920, 22, 57.13
2026/02/04 06:29:01.826, 0, 557, 81920, 24, 68.51
2026/02/04 06:29:31.826, 98, 5609, 81920, 42, 288.82
2026/02/04 06:30:01.827, 0, 4, 81920, 23, 57.42
2026/02/04 06:30:31.827, 0, 4, 81920, 23, 57.71
2026/02/04 06:31:01.828, 0, 557, 81920, 24, 68.27
2026/02/04 06:31:31.829, 0, 4, 81920, 27, 69.05
2026/02/04 06:32:01.830, 0, 4, 81920, 22, 57.42
2026/02/04 06:32:31.830, 0, 557, 81920, 26, 77.18
2026/02/04 06:33:01.831, 97, 5541, 81920, 41, 290.42
2026/02/04 06:33:31.831, 0, 4, 81920, 23, 57.42
2026/02/04 06:34:01.832, 0, 4, 81920, 22, 57.13
2026/02/04 06:34:31.833, 0, 557, 81920, 24, 67.98
2026/02/04 06:35:01.834, 0, 4, 81920, 27, 69.05
2026/02/04 06:35:31.834, 0, 4, 81920, 22, 57.13
2026/02/04 06:36:01.835, 92, 6853, 81920, 35, 216.28
2026/02/04 06:36:31.835, 100, 5607, 81920, 38, 312.48
2026/02/04 06:37:01.836, 0, 4, 81920, 24, 57.42
2026/02/04 06:37:31.836, 0, 4, 81920, 23, 57.42
2026/02/04 06:38:01.842, 0, 557, 81920, 24, 68.27
2026/02/04 06:38:31.842, 7, 5493, 81920, 32, 80.34
2026/02/04 06:39:01.843, 0, 4, 81920, 23, 57.42
2026/02/04 06:39:31.844, 92, 6803, 81920, 35, 186.76
2026/02/04 06:40:01.844, 100, 5577, 81920, 37, 287.47
2026/02/04 06:40:31.845, 0, 4, 81920, 24, 57.71
2026/02/04 06:41:01.846, 0, 4, 81920, 23, 57.42
2026/02/04 06:41:31.847, 0, 557, 81920, 24, 68.27
2026/02/04 06:42:01.848, 98, 5543, 81920, 42, 248.66
2026/02/04 06:42:31.849, 0, 4, 81920, 23, 57.71
2026/02/04 06:43:01.849, 92, 6839, 81920, 36, 207.30
2026/02/04 06:43:31.849, 100, 5605, 81920, 35, 288.00
2026/02/04 06:44:01.850, 0, 4, 81920, 24, 57.71
2026/02/04 06:44:31.851, 0, 4, 81920, 23, 57.71
2026/02/04 06:45:01.857, 0, 557, 81920, 25, 68.51
2026/02/04 06:45:31.858, 97, 5541, 81920, 42, 258.60
2026/02/04 06:46:01.859, 0, 4, 81920, 23, 57.71
2026/02/04 06:46:31.859, 100, 6657, 81920, 36, 303.11
2026/02/04 06:47:01.859, 0, 557, 81920, 24, 68.27
2026/02/04 06:47:31.860, 0, 4, 81920, 25, 57.71
2026/02/04 06:48:01.861, 0, 4, 81920, 23, 57.42
2026/02/04 06:48:31.861, 0, 4, 81920, 22, 57.13
2026/02/04 06:49:01.862, 7, 557, 81920, 27, 77.76
2026/02/04 06:49:31.862, 98, 5427, 81920, 41, 298.56
2026/02/04 06:50:01.863, 0, 4, 81920, 23, 57.42
2026/02/04 06:50:31.863, 0, 4, 81920, 23, 57.42
2026/02/04 06:51:01.864, 0, 557, 81920, 24, 67.98
2026/02/04 06:51:31.865, 96, 5541, 81920, 40, 296.67
2026/02/04 06:52:01.866, 0, 4, 81920, 22, 57.42
2026/02/04 06:52:31.866, 92, 6703, 81920, 35, 185.70
2026/02/04 06:53:01.867, 100, 5493, 81920, 37, 287.47
2026/02/04 06:53:31.868, 0, 4, 81920, 23, 57.71
2026/02/04 06:54:01.868, 0, 4, 81920, 22, 57.42
2026/02/04 06:54:31.869, 0, 557, 81920, 23, 67.98
2026/02/04 06:55:01.870, 97, 5565, 81920, 40, 290.71
2026/02/04 06:55:31.871, 0, 4, 81920, 22, 57.13
2026/02/04 06:56:01.871, 91, 6771, 81920, 34, 191.91
2026/02/04 06:56:31.872, 0, 4967, 81920, 23, 67.98
2026/02/04 06:57:01.873, 0, 4, 81920, 24, 57.42
2026/02/04 06:57:31.873, 0, 4, 81920, 23, 57.71
2026/02/04 06:58:01.874, 0, 557, 81920, 24, 68.19
2026/02/04 06:58:31.875, 98, 5687, 81920, 42, 295.85
2026/02/04 06:59:01.875, 0, 4, 81920, 23, 57.42
2026/02/04 06:59:31.877, 92, 6817, 81920, 35, 208.95
2026/02/04 07:00:01.877, 0, 2697, 81920, 24, 67.98
2026/02/04 07:00:31.878, 0, 4, 81920, 24, 57.96
2026/02/04 07:01:01.879, 0, 4, 81920, 23, 57.71
2026/02/04 07:01:31.879, 0, 557, 81920, 25, 68.51
2026/02/04 07:02:01.880, 97, 5473, 81920, 42, 293.13
2026/02/04 07:02:31.880, 0, 4, 81920, 23, 57.13
2026/02/04 07:03:01.881, 100, 6727, 81920, 36, 318.22
2026/02/04 07:03:31.882, 0, 557, 81920, 24, 68.27
2026/02/04 07:04:01.882, 0, 4, 81920, 25, 57.71
2026/02/04 07:04:31.890, 0, 4, 81920, 23, 57.42
2026/02/04 07:05:01.891, 0, 557, 81920, 25, 68.51
2026/02/04 07:05:31.891, 97, 5523, 81920, 42, 282.09
2026/02/04 07:06:01.892, 0, 4, 81920, 23, 57.42
2026/02/04 07:06:31.892, 100, 6683, 81920, 35, 215.16
2026/02/04 07:07:01.893, 0, 557, 81920, 24, 68.27
2026/02/04 07:07:31.894, 0, 4, 81920, 24, 57.71
2026/02/04 07:08:01.895, 0, 4, 81920, 23, 57.42
2026/02/04 07:08:31.895, 0, 557, 81920, 24, 68.81
2026/02/04 07:09:01.895, 98, 5555, 81920, 42, 295.55
2026/02/04 07:09:31.896, 0, 4, 81920, 23, 57.42
2026/02/04 07:10:01.896, 0, 3043, 81920, 23, 67.98
2026/02/04 07:10:31.900, 0, 557, 81920, 24, 68.27
2026/02/04 07:11:01.900, 0, 4, 81920, 25, 57.71
2026/02/04 07:11:31.901, 0, 4, 81920, 23, 57.71
2026/02/04 07:12:01.902, 0, 4, 81920, 22, 57.42
2026/02/04 07:12:31.902, 64, 557, 81920, 26, 77.09
2026/02/04 07:13:01.903, 98, 5481, 81920, 40, 292.60
2026/02/04 07:13:31.903, 0, 4, 81920, 23, 57.71
2026/02/04 07:14:01.904, 0, 4, 81920, 23, 57.42
2026/02/04 07:14:31.904, 0, 557, 81920, 24, 68.27
2026/02/04 07:15:01.904, 7, 5471, 81920, 31, 79.57
2026/02/04 07:15:31.905, 0, 4, 81920, 23, 57.42
2026/02/04 07:16:01.905, 91, 6769, 81920, 36, 221.95
2026/02/04 07:16:31.906, 98, 5543, 81920, 40, 282.62
2026/02/04 07:17:01.907, 0, 4, 81920, 24, 57.71
2026/02/04 07:17:31.908, 0, 4, 81920, 23, 57.71
2026/02/04 07:18:01.908, 0, 557, 81920, 24, 68.27
2026/02/04 07:18:31.909, 0, 4, 81920, 27, 74.21
2026/02/04 07:19:01.909, 0, 4, 81920, 23, 57.42
2026/02/04 07:19:31.910, 7, 557, 81920, 27, 77.91
2026/02/04 07:20:01.911, 97, 5513, 81920, 41, 245.95
2026/02/04 07:20:31.912, 0, 4, 81920, 23, 57.42
2026/02/04 07:21:01.912, 0, 4, 81920, 22, 57.13
2026/02/04 07:21:31.912, 0, 557, 81920, 24, 67.98
2026/02/04 07:22:01.913, 0, 4, 81920, 27, 69.34
2026/02/04 07:22:31.914, 0, 4, 81920, 22, 57.42
2026/02/04 07:23:01.915, 3, 6613, 81920, 29, 79.36
2026/02/04 07:23:31.916, 97, 5429, 81920, 40, 243.82
2026/02/04 07:24:01.916, 0, 4, 81920, 24, 57.71
2026/02/04 07:24:31.917, 5, 2609, 81920, 24, 68.27
2026/02/04 07:25:01.918, 0, 557, 81920, 24, 68.27
2026/02/04 07:25:31.918, 0, 4, 81920, 25, 57.96
2026/02/04 07:26:01.919, 0, 4, 81920, 23, 57.42
2026/02/04 07:26:31.924, 0, 557, 81920, 26, 77.47
2026/02/04 07:27:01.925, 98, 5463, 81920, 42, 296.67
2026/02/04 07:27:31.925, 0, 4, 81920, 24, 57.71
2026/02/04 07:28:01.926, 0, 4, 81920, 23, 57.71
2026/02/04 07:28:31.927, 0, 557, 81920, 24, 68.51
2026/02/04 07:29:01.927, 40, 555, 81920, 29, 78.20
2026/02/04 07:29:31.928, 0, 4, 81920, 23, 57.42
2026/02/04 07:30:01.928, 6, 6789, 81920, 27, 77.91
2026/02/04 07:30:31.929, 97, 5561, 81920, 40, 282.91
2026/02/04 07:31:01.930, 0, 4, 81920, 24, 57.71
2026/02/04 07:31:31.931, 0, 4, 81920, 23, 57.42
2026/02/04 07:32:01.939, 0, 557, 81920, 24, 68.27
2026/02/04 07:32:31.939, 0, 555, 81920, 28, 77.76
2026/02/04 07:33:01.940, 0, 4, 81920, 23, 57.42
2026/02/04 07:33:31.940, 91, 6513, 81920, 35, 211.67
2026/02/04 07:34:01.941, 100, 5353, 81920, 35, 294.78
2026/02/04 07:34:31.942, 0, 4, 81920, 24, 57.71
2026/02/04 07:35:01.943, 0, 4, 81920, 23, 57.42
2026/02/04 07:35:31.943, 0, 4, 81920, 22, 57.42
2026/02/04 07:36:01.943, 0, 557, 81920, 24, 68.27
2026/02/04 07:36:31.943, 97, 5543, 81920, 42, 294.48
2026/02/04 07:37:01.944, 0, 4, 81920, 23, 57.42
2026/02/04 07:37:31.944, 0, 2609, 81920, 23, 67.74
2026/02/04 07:38:01.945, 0, 557, 81920, 24, 67.98
2026/02/04 07:38:31.946, 0, 4, 81920, 25, 57.96
2026/02/04 07:39:01.947, 0, 4, 81920, 22, 57.42
2026/02/04 07:39:31.947, 0, 557, 81920, 26, 76.93
2026/02/04 07:40:01.948, 98, 5355, 81920, 41, 245.12
2026/02/04 07:40:31.948, 0, 4, 81920, 23, 57.42
2026/02/04 07:41:01.950, 0, 4, 81920, 23, 57.42
2026/02/04 07:41:31.951, 0, 557, 81920, 24, 67.98
2026/02/04 07:42:01.951, 0, 4, 81920, 26, 58.49
2026/02/04 07:42:31.952, 0, 4, 81920, 22, 57.42
2026/02/04 07:43:01.952, 0, 557, 81920, 25, 68.51
2026/02/04 07:43:31.953, 97, 5429, 81920, 42, 287.47
2026/02/04 07:44:01.954, 0, 4, 81920, 23, 57.42
2026/02/04 07:44:31.954, 62, 6571, 81920, 34, 204.93
2026/02/04 07:45:01.959, 0, 557, 81920, 23, 67.98
2026/02/04 07:45:31.960, 0, 4, 81920, 23, 57.71
2026/02/04 07:46:01.960, 0, 4, 81920, 22, 57.42
2026/02/04 07:46:31.961, 0, 557, 81920, 24, 68.51
2026/02/04 07:47:01.962, 98, 5383, 81920, 42, 247.84
2026/02/04 07:47:31.962, 0, 4, 81920, 23, 57.42
2026/02/04 07:48:01.963, 92, 6719, 81920, 35, 211.38
2026/02/04 07:48:31.963, 96, 5491, 81920, 31, 292.60
2026/02/04 07:49:01.964, 0, 4, 81920, 23, 57.71
2026/02/04 07:49:31.965, 0, 4, 81920, 22, 57.42
2026/02/04 07:50:01.965, 0, 557, 81920, 24, 68.27
2026/02/04 07:50:31.966, 7, 555, 81920, 29, 78.98
2026/02/04 07:51:01.967, 0, 4, 81920, 23, 57.42
2026/02/04 07:51:31.968, 6, 557, 81920, 27, 80.19
2026/02/04 07:52:01.969, 98, 5481, 81920, 41, 284.22
2026/02/04 07:52:31.969, 0, 4, 81920, 23, 57.42
2026/02/04 07:53:01.969, 0, 4, 81920, 22, 57.42
2026/02/04 07:53:31.970, 0, 557, 81920, 24, 67.98
2026/02/04 07:54:01.971, 0, 4, 81920, 27, 69.05
2026/02/04 07:54:31.972, 0, 4, 81920, 23, 57.71
2026/02/04 07:55:01.972, 0, 557, 81920, 27, 77.47
2026/02/04 07:55:31.973, 98, 5481, 81920, 41, 267.51
2026/02/04 07:56:01.974, 0, 4, 81920, 23, 57.42
2026/02/04 07:56:31.975, 0, 4, 81920, 23, 57.42
2026/02/04 07:57:01.975, 0, 557, 81920, 24, 68.27
2026/02/04 07:57:31.975, 97, 5401, 81920, 43, 248.62
2026/02/04 07:58:01.976, 0, 4, 81920, 23, 57.42
2026/02/04 07:58:31.976, 100, 6689, 81920, 36, 303.11
2026/02/04 07:59:01.977, 0, 557, 81920, 23, 67.98
2026/02/04 07:59:31.978, 0, 4, 81920, 24, 57.96
2026/02/04 08:00:01.979, 0, 4, 81920, 23, 57.42
2026/02/04 08:00:31.979, 0, 4, 81920, 23, 57.42
2026/02/04 08:01:01.980, 7, 6583, 81920, 28, 78.20
2026/02/04 08:01:31.981, 97, 5413, 81920, 41, 270.22
2026/02/04 08:02:01.982, 0, 4, 81920, 23, 57.71
2026/02/04 08:02:31.982, 25, 2609, 81920, 23, 67.98
2026/02/04 08:03:01.982, 0, 557, 81920, 24, 68.27
2026/02/04 08:03:31.983, 0, 4, 81920, 26, 58.25
2026/02/04 08:04:01.983, 0, 4, 81920, 23, 57.42
2026/02/04 08:04:31.984, 0, 557, 81920, 26, 69.05
2026/02/04 08:05:01.985, 98, 5365, 81920, 42, 294.48
2026/02/04 08:05:31.985, 0, 4, 81920, 23, 57.42
2026/02/04 08:06:01.986, 100, 6405, 81920, 32, 303.11
2026/02/04 08:06:31.987, 0, 557, 81920, 24, 68.19
2026/02/04 08:07:01.988, 0, 4, 81920, 25, 57.71
2026/02/04 08:07:31.989, 0, 4, 81920, 23, 57.71
2026/02/04 08:08:01.989, 0, 557, 81920, 26, 68.51
2026/02/04 08:08:31.990, 98, 5417, 81920, 42, 297.20
2026/02/04 08:09:01.991, 0, 4, 81920, 23, 57.71
2026/02/04 08:09:31.991, 0, 2609, 81920, 23, 67.44
2026/02/04 08:10:01.992, 0, 557, 81920, 24, 67.98
2026/02/04 08:10:31.992, 0, 4, 81920, 25, 57.96
2026/02/04 08:11:01.993, 0, 4, 81920, 23, 57.42
2026/02/04 08:11:31.993, 0, 557, 81920, 24, 68.19
2026/02/04 08:12:01.994, 97, 5367, 81920, 41, 298.80
2026/02/04 08:12:31.995, 0, 4, 81920, 22, 57.42
2026/02/04 08:13:01.995, 0, 3043, 81920, 23, 67.44
2026/02/04 08:13:31.996, 0, 557, 81920, 23, 68.27
2026/02/04 08:14:01.996, 0, 4, 81920, 24, 57.71
2026/02/04 08:14:31.998, 0, 4, 81920, 23, 57.42
2026/02/04 08:15:02.000, 0, 557, 81920, 25, 68.51
2026/02/04 08:15:32.001, 98, 5415, 81920, 41, 248.66
2026/02/04 08:16:02.002, 0, 4, 81920, 22, 57.42
2026/02/04 08:16:32.002, 0, 4, 81920, 22, 57.42
2026/02/04 08:17:02.003, 0, 557, 81920, 25, 68.43
2026/02/04 08:17:32.004, 98, 5415, 81920, 41, 295.85
2026/02/04 08:18:02.004, 0, 4, 81920, 23, 57.42
2026/02/04 08:18:32.004, 8, 1175, 81920, 23, 69.34
2026/02/04 08:19:02.005, 0, 557, 81920, 23, 68.27
2026/02/04 08:19:32.006, 0, 4, 81920, 25, 57.96
2026/02/04 08:20:02.007, 0, 4, 81920, 23, 57.13
2026/02/04 08:20:32.008, 6, 6535, 81920, 28, 79.36
2026/02/04 08:21:02.008, 97, 5367, 81920, 41, 245.95
2026/02/04 08:21:32.009, 0, 4, 81920, 24, 57.42
2026/02/04 08:22:02.009, 0, 4, 81920, 23, 57.13
2026/02/04 08:22:32.010, 0, 557, 81920, 24, 67.98
2026/02/04 08:23:02.010, 7, 5381, 81920, 31, 79.81
2026/02/04 08:23:32.011, 0, 4, 81920, 23, 57.42
2026/02/04 08:24:02.012, 0, 4, 81920, 23, 57.13
2026/02/04 08:24:32.012, 0, 3043, 81920, 23, 68.27
2026/02/04 08:25:02.013, 0, 557, 81920, 24, 67.98
2026/02/04 08:25:32.014, 0, 4, 81920, 25, 57.71
2026/02/04 08:26:02.014, 0, 4, 81920, 22, 57.42
2026/02/04 08:26:32.015, 0, 557, 81920, 25, 68.51
2026/02/04 08:27:02.015, 97, 5301, 81920, 42, 268.86
2026/02/04 08:27:32.016, 0, 4, 81920, 24, 57.71
2026/02/04 08:28:02.017, 0, 3043, 81920, 24, 68.27
2026/02/04 08:28:32.018, 0, 557, 81920, 24, 68.27
2026/02/04 08:29:02.018, 0, 4, 81920, 25, 57.96
2026/02/04 08:29:32.019, 0, 4, 81920, 23, 57.42
2026/02/04 08:30:02.020, 0, 557, 81920, 25, 68.51
2026/02/04 08:30:32.021, 97, 5431, 81920, 42, 296.09
2026/02/04 08:31:02.022, 0, 4, 81920, 24, 57.71
2026/02/04 08:31:32.023, 92, 6515, 81920, 35, 215.16
2026/02/04 08:32:02.024, 27, 2563, 81920, 24, 69.55
2026/02/04 08:32:32.024, 0, 4, 81920, 24, 57.96
2026/02/04 08:33:02.025, 0, 4, 81920, 23, 57.71
2026/02/04 08:33:32.025, 0, 557, 81920, 25, 68.51
2026/02/04 08:34:02.026, 97, 5397, 81920, 43, 300.15
2026/02/04 08:34:32.027, 0, 4, 81920, 23, 57.42
2026/02/04 08:35:02.028, 100, 6403, 81920, 36, 309.60
2026/02/04 08:35:32.028, 0, 557, 81920, 24, 68.27
2026/02/04 08:36:02.029, 0, 4, 81920, 24, 57.42
2026/02/04 08:36:32.029, 0, 4, 81920, 22, 57.13
2026/02/04 08:37:02.030, 0, 557, 81920, 25, 68.51
2026/02/04 08:37:32.031, 97, 5367, 81920, 41, 291.24
2026/02/04 08:38:02.032, 0, 4, 81920, 23, 57.42
2026/02/04 08:38:32.033, 0, 3043, 81920, 23, 67.66
2026/02/04 08:39:02.033, 0, 557, 81920, 23, 67.74
2026/02/04 08:39:32.034, 0, 4, 81920, 24, 57.42
2026/02/04 08:40:02.035, 0, 4, 81920, 22, 57.13
2026/02/04 08:40:32.035, 0, 557, 81920, 24, 67.74
2026/02/04 08:41:02.036, 98, 5349, 81920, 42, 288.82
2026/02/04 08:41:32.037, 0, 4, 81920, 23, 57.13
2026/02/04 08:42:02.038, 92, 6481, 81920, 35, 203.51
2026/02/04 08:42:32.038, 10, 2199, 81920, 23, 68.97
2026/02/04 08:43:02.039, 0, 4, 81920, 23, 57.42
2026/02/04 08:43:32.039, 0, 4, 81920, 22, 57.13
2026/02/04 08:44:02.040, 0, 557, 81920, 24, 67.98
2026/02/04 08:44:32.041, 97, 5207, 81920, 43, 273.47
2026/02/04 08:45:02.041, 0, 4, 81920, 23, 57.42
2026/02/04 08:45:32.042, 91, 6409, 81920, 35, 220.06
2026/02/04 08:46:02.042, 100, 5299, 81920, 37, 290.18
2026/02/04 08:46:32.042, 0, 4, 81920, 23, 57.71
2026/02/04 08:47:02.043, 0, 4, 81920, 23, 57.42
2026/02/04 08:47:32.043, 0, 557, 81920, 25, 68.43
2026/02/04 08:48:02.044, 98, 5331, 81920, 43, 300.15
2026/02/04 08:48:32.044, 0, 4, 81920, 24, 57.71
2026/02/04 08:49:02.045, 0, 4, 81920, 23, 57.42
2026/02/04 08:49:32.046, 0, 4, 81920, 23, 57.42
2026/02/04 08:50:02.046, 0, 557, 81920, 24, 68.27
2026/02/04 08:50:32.046, 0, 4, 81920, 28, 70.70
2026/02/04 08:51:02.047, 0, 4, 81920, 23, 57.71
2026/02/04 08:51:32.048, 91, 6331, 81920, 35, 203.28
2026/02/04 08:52:02.048, 100, 5221, 81920, 37, 288.29
2026/02/04 08:52:32.049, 0, 4, 81920, 24, 57.71
2026/02/04 08:53:02.050, 0, 4, 81920, 23, 57.42
2026/02/04 08:53:32.050, 0, 557, 81920, 24, 68.51
2026/02/04 08:54:02.050, 98, 5091, 81920, 43, 294.48
2026/02/04 08:54:32.051, 0, 4, 81920, 23, 57.71
2026/02/04 08:55:02.052, 0, 4, 81920, 23, 57.71
2026/02/04 08:55:32.053, 0, 557, 81920, 24, 68.19
2026/02/04 08:56:02.054, 0, 4, 81920, 27, 69.05
2026/02/04 08:56:32.054, 0, 4, 81920, 23, 57.42
2026/02/04 08:57:02.055, 92, 6143, 81920, 36, 214.91
2026/02/04 08:57:32.056, 97, 5075, 81920, 40, 292.60
2026/02/04 08:58:02.057, 0, 4, 81920, 23, 57.42
2026/02/04 08:58:32.058, 0, 4, 81920, 23, 57.13
2026/02/04 08:59:02.058, 0, 557, 81920, 24, 68.27
2026/02/04 08:59:32.059, 0, 4, 81920, 27, 77.47
2026/02/04 09:00:02.060, 0, 4, 81920, 23, 57.42
2026/02/04 09:00:32.061, 92, 6397, 81920, 35, 211.38
2026/02/04 09:01:02.061, 100, 5265, 81920, 36, 296.38
2026/02/04 09:01:32.062, 0, 4, 81920, 24, 57.71
2026/02/04 09:02:02.063, 0, 4, 81920, 23, 57.42
2026/02/04 09:02:32.063, 0, 557, 81920, 24, 68.51
2026/02/04 09:03:02.064, 98, 5255, 81920, 42, 275.36
2026/02/04 09:03:32.065, 0, 4, 81920, 23, 57.42
2026/02/04 09:04:02.066, 92, 6429, 81920, 35, 211.96
2026/02/04 09:04:32.067, 0, 2697, 81920, 24, 67.98
2026/02/04 09:05:02.067, 0, 4, 81920, 24, 57.96
2026/02/04 09:05:32.068, 0, 4, 81920, 23, 57.42
2026/02/04 09:06:02.068, 0, 557, 81920, 24, 68.51
2026/02/04 09:06:32.069, 98, 5255, 81920, 42, 276.95
2026/02/04 09:07:02.069, 0, 4, 81920, 23, 57.42
2026/02/04 09:07:32.070, 92, 6581, 81920, 35, 202.21
2026/02/04 09:08:02.070, 7, 5401, 81920, 29, 244.06
2026/02/04 09:08:32.071, 0, 4, 81920, 24, 57.71
2026/02/04 09:09:02.072, 0, 4, 81920, 23, 57.42
2026/02/04 09:09:32.073, 0, 557, 81920, 25, 68.27
2026/02/04 09:10:02.073, 98, 5255, 81920, 42, 288.58
2026/02/04 09:10:32.074, 0, 4, 81920, 23, 57.42
2026/02/04 09:11:02.075, 0, 4, 81920, 23, 57.42
2026/02/04 09:11:32.076, 0, 4, 81920, 22, 57.42
2026/02/04 09:12:02.076, 0, 557, 81920, 25, 68.27
2026/02/04 09:12:32.077, 98, 5155, 81920, 42, 298.27
2026/02/04 09:13:02.077, 0, 4, 81920, 22, 57.42
2026/02/04 09:13:32.078, 0, 3041, 81920, 23, 67.98
2026/02/04 09:14:02.079, 0, 557, 81920, 23, 67.98
2026/02/04 09:14:32.079, 0, 4, 81920, 24, 57.71
2026/02/04 09:15:02.080, 0, 4, 81920, 23, 57.13
2026/02/04 09:15:32.081, 0, 557, 81920, 24, 68.51
2026/02/04 09:16:02.082, 98, 5073, 81920, 42, 299.62
2026/02/04 09:16:32.083, 0, 4, 81920, 22, 57.42
2026/02/04 09:17:02.083, 91, 6137, 81920, 34, 196.23
2026/02/04 09:17:32.084, 28, 2697, 81920, 23, 67.74
2026/02/04 09:18:02.084, 0, 4, 81920, 23, 57.42
2026/02/04 09:18:32.085, 0, 4, 81920, 22, 57.42
2026/02/04 09:19:02.085, 0, 557, 81920, 24, 68.27
2026/02/04 09:19:32.086, 97, 5209, 81920, 41, 293.95
2026/02/04 09:20:02.087, 0, 4, 81920, 22, 57.42
2026/02/04 09:20:32.087, 91, 6341, 81920, 35, 215.98
2026/02/04 09:21:02.088, 100, 5223, 81920, 33, 301.51
2026/02/04 09:21:32.089, 0, 4, 81920, 24, 57.71
2026/02/04 09:22:02.090, 0, 4, 81920, 23, 57.42
2026/02/04 09:22:32.097, 0, 557, 81920, 25, 68.51
2026/02/04 09:23:02.098, 98, 5237, 81920, 43, 298.27
2026/02/04 09:23:32.098, 0, 4, 81920, 23, 57.42
2026/02/04 09:24:02.099, 92, 6225, 81920, 35, 224.61
2026/02/04 09:24:32.100, 14, 2419, 81920, 24, 69.63
