timestamp,gpu_util_percent,memory_used_mb,memory_total_mb,temperature_c,power_draw_w
2026/02/04 14:15:58.269, 0, 0, 81920, 23, 58.78
2026/02/04 14:16:28.270, 0, 4, 81920, 23, 58.78
2026/02/04 14:16:58.271, 0, 4, 81920, 23, 58.78
2026/02/04 14:17:28.272, 0, 4, 81920, 23, 58.78
2026/02/04 14:17:58.274, 0, 4, 81920, 23, 58.78
2026/02/04 14:18:28.274, 0, 557, 81920, 25, 70.17
2026/02/04 14:18:58.275, 7, 6019, 81920, 31, 83.06
2026/02/04 14:19:28.276, 0, 4, 81920, 24, 59.03
2026/02/04 14:19:58.277, 92, 7247, 81920, 35, 214.09
2026/02/04 14:20:28.277, 98, 5911, 81920, 38, 291.00
2026/02/04 14:20:58.278, 0, 4, 81920, 24, 59.32
2026/02/04 14:21:28.278, 0, 4, 81920, 23, 59.03
2026/02/04 14:21:58.279, 0, 557, 81920, 25, 70.33
2026/02/04 14:22:28.280, 98, 6001, 81920, 42, 306.00
2026/02/04 14:22:58.280, 0, 4, 81920, 24, 58.96
2026/02/04 14:23:28.281, 92, 7141, 81920, 35, 201.68
2026/02/04 14:23:58.281, 21, 2697, 81920, 25, 70.09
2026/02/04 14:24:28.282, 0, 4, 81920, 25, 59.61
2026/02/04 14:24:58.283, 0, 4, 81920, 24, 59.03
2026/02/04 14:25:28.288, 0, 557, 81920, 25, 70.70
2026/02/04 14:25:58.289, 98, 6019, 81920, 42, 277.78
2026/02/04 14:26:28.290, 0, 4, 81920, 24, 59.32
2026/02/04 14:26:58.290, 100, 7335, 81920, 36, 318.38
2026/02/04 14:27:28.291, 0, 557, 81920, 24, 70.09
2026/02/04 14:27:58.292, 0, 4, 81920, 25, 59.61
2026/02/04 14:28:28.295, 0, 4, 81920, 24, 59.03
2026/02/04 14:28:58.295, 0, 557, 81920, 26, 70.94
2026/02/04 14:29:28.295, 98, 5901, 81920, 42, 301.40
2026/02/04 14:29:58.296, 0, 4, 81920, 24, 59.32
2026/02/04 14:30:28.297, 0, 801, 81920, 24, 70.86
2026/02/04 14:30:58.301, 0, 557, 81920, 25, 70.41
2026/02/04 14:31:28.302, 0, 4, 81920, 27, 60.39
2026/02/04 14:31:58.303, 0, 4, 81920, 24, 59.03
2026/02/04 14:32:28.303, 58, 557, 81920, 27, 80.10
2026/02/04 14:32:58.304, 98, 5941, 81920, 40, 301.16
2026/02/04 14:33:28.304, 0, 4, 81920, 24, 59.32
2026/02/04 14:33:58.305, 19, 2609, 81920, 24, 70.09
2026/02/04 14:34:28.306, 0, 557, 81920, 25, 70.33
2026/02/04 14:34:58.306, 0, 4, 81920, 27, 60.14
2026/02/04 14:35:28.307, 0, 4, 81920, 24, 59.03
2026/02/04 14:35:58.307, 0, 557, 81920, 28, 80.34
2026/02/04 14:36:28.307, 97, 5973, 81920, 39, 280.73
2026/02/04 14:36:58.308, 0, 4, 81920, 24, 59.25
2026/02/04 14:37:28.309, 0, 4, 81920, 23, 59.03
2026/02/04 14:37:58.310, 0, 557, 81920, 25, 70.33
2026/02/04 14:38:28.310, 98, 5943, 81920, 42, 292.89
2026/02/04 14:38:58.311, 0, 4, 81920, 24, 59.03
2026/02/04 14:39:28.312, 59, 7357, 81920, 34, 214.91
2026/02/04 14:39:58.314, 0, 557, 81920, 25, 70.41
2026/02/04 14:40:28.314, 0, 4, 81920, 25, 59.61
2026/02/04 14:40:58.315, 0, 4, 81920, 24, 59.03
2026/02/04 14:41:28.315, 0, 557, 81920, 26, 70.86
2026/02/04 14:41:58.316, 98, 6007, 81920, 41, 265.62
2026/02/04 14:42:28.317, 0, 4, 81920, 24, 59.03
2026/02/04 14:42:58.317, 0, 3043, 81920, 24, 69.87
2026/02/04 14:43:28.317, 0, 557, 81920, 24, 70.17
2026/02/04 14:43:58.318, 0, 4, 81920, 26, 59.85
2026/02/04 14:44:28.319, 0, 4, 81920, 24, 59.03
2026/02/04 14:44:58.320, 0, 4, 81920, 23, 58.96
2026/02/04 14:45:28.320, 0, 4, 81920, 23, 59.03
2026/02/04 14:45:58.321, 0, 557, 81920, 25, 70.70
2026/02/04 14:46:28.322, 98, 6153, 81920, 41, 262.14
2026/02/04 14:46:58.323, 0, 4, 81920, 24, 59.03
2026/02/04 14:47:28.323, 100, 7147, 81920, 36, 316.04
2026/02/04 14:47:58.324, 0, 557, 81920, 24, 70.17
2026/02/04 14:48:28.325, 0, 4, 81920, 25, 59.54
2026/02/04 14:48:58.326, 0, 4, 81920, 24, 59.03
2026/02/04 14:49:28.327, 0, 557, 81920, 27, 70.62
2026/02/04 14:49:58.328, 98, 5895, 81920, 41, 297.20
2026/02/04 14:50:28.328, 0, 4, 81920, 24, 59.32
2026/02/04 14:50:58.329, 0, 3043, 81920, 24, 69.79
2026/02/04 14:51:28.330, 0, 557, 81920, 25, 70.33
2026/02/04 14:51:58.330, 0, 4, 81920, 26, 59.61
2026/02/04 14:52:28.331, 0, 4, 81920, 24, 59.03
2026/02/04 14:52:58.331, 0, 557, 81920, 27, 71.98
2026/02/04 14:53:28.332, 98, 5941, 81920, 41, 303.93
2026/02/04 14:53:58.332, 0, 4, 81920, 24, 59.32
2026/02/04 14:54:28.333, 0, 4, 81920, 24, 59.03
2026/02/04 14:54:58.334, 0, 557, 81920, 25, 70.70
2026/02/04 14:55:28.335, 0, 4, 81920, 27, 60.14
2026/02/04 14:55:58.339, 0, 4, 81920, 24, 59.03
2026/02/04 14:56:28.340, 0, 557, 81920, 26, 70.86
2026/02/04 14:56:58.340, 98, 5909, 81920, 40, 306.29
2026/02/04 14:57:28.341, 0, 4, 81920, 24, 59.03
2026/02/04 14:57:58.341, 0, 2609, 81920, 24, 70.09
2026/02/04 14:58:28.342, 0, 557, 81920, 25, 70.62
2026/02/04 14:58:58.342, 0, 4, 81920, 27, 59.85
2026/02/04 14:59:28.343, 0, 4, 81920, 24, 59.25
2026/02/04 14:59:58.343, 0, 557, 81920, 27, 70.86
2026/02/04 15:00:28.344, 98, 5895, 81920, 41, 300.09
2026/02/04 15:00:58.345, 0, 4, 81920, 24, 59.32
2026/02/04 15:01:28.346, 0, 4, 81920, 24, 59.03
2026/02/04 15:01:58.347, 0, 557, 81920, 25, 70.09
2026/02/04 15:02:28.347, 0, 4, 81920, 28, 60.92
2026/02/04 15:02:58.348, 0, 4, 81920, 24, 59.32
2026/02/04 15:03:28.349, 0, 557, 81920, 27, 70.86
2026/02/04 15:03:58.350, 98, 5925, 81920, 41, 301.70
2026/02/04 15:04:28.350, 0, 4, 81920, 25, 59.25
2026/02/04 15:04:58.351, 0, 4, 81920, 24, 59.32
2026/02/04 15:05:28.352, 0, 557, 81920, 25, 70.33
2026/02/04 15:05:58.353, 0, 4, 81920, 29, 71.69
2026/02/04 15:06:28.354, 0, 4, 81920, 24, 59.32
2026/02/04 15:06:58.354, 0, 557, 81920, 27, 71.24
2026/02/04 15:07:28.355, 98, 5833, 81920, 41, 286.11
2026/02/04 15:07:58.355, 0, 4, 81920, 25, 59.32
2026/02/04 15:08:28.356, 100, 7227, 81920, 33, 296.09
2026/02/04 15:08:58.357, 0, 557, 81920, 25, 70.33
2026/02/04 15:09:28.358, 0, 4, 81920, 26, 59.85
2026/02/04 15:09:58.358, 0, 4, 81920, 24, 59.03
2026/02/04 15:10:28.359, 0, 557, 81920, 27, 70.86
2026/02/04 15:10:58.360, 98, 5895, 81920, 40, 305.29
2026/02/04 15:11:28.360, 0, 4, 81920, 24, 59.03
2026/02/04 15:11:58.361, 0, 4, 81920, 24, 59.03
2026/02/04 15:12:28.362, 0, 4, 81920, 24, 59.03
2026/02/04 15:12:58.363, 91, 7177, 81920, 35, 225.15
2026/02/04 15:13:28.363, 99, 5847, 81920, 38, 311.95
2026/02/04 15:13:58.364, 0, 4, 81920, 25, 59.32
2026/02/04 15:14:28.365, 0, 4, 81920, 24, 59.03
2026/02/04 15:14:58.366, 0, 557, 81920, 25, 70.41
2026/02/04 15:15:28.366, 96, 5779, 81920, 37, 314.73
2026/02/04 15:15:58.366, 0, 4, 81920, 24, 58.96
2026/02/04 15:16:28.367, 92, 7193, 81920, 36, 201.97
2026/02/04 15:16:58.368, 100, 5855, 81920, 36, 309.24
2026/02/04 15:17:28.368, 0, 4, 81920, 25, 59.61
2026/02/04 15:17:58.369, 0, 4, 81920, 24, 59.03
2026/02/04 15:18:28.370, 0, 557, 81920, 26, 70.86
2026/02/04 15:18:58.371, 98, 5829, 81920, 42, 304.40
2026/02/04 15:19:28.374, 0, 4, 81920, 24, 59.03
2026/02/04 15:19:58.375, 92, 7205, 81920, 35, 208.42
2026/02/04 15:20:28.375, 100, 5873, 81920, 35, 320.80
2026/02/04 15:20:58.376, 0, 4, 81920, 24, 59.32
2026/02/04 15:21:28.377, 0, 4, 81920, 23, 59.03
2026/02/04 15:21:58.377, 0, 557, 81920, 25, 70.62
2026/02/04 15:22:28.378, 98, 5865, 81920, 40, 303.11
2026/02/04 15:22:58.379, 0, 4, 81920, 24, 59.03
2026/02/04 15:23:28.379, 0, 3043, 81920, 24, 69.79
2026/02/04 15:23:58.380, 0, 557, 81920, 24, 70.41
2026/02/04 15:24:28.381, 0, 4, 81920, 26, 59.61
2026/02/04 15:24:58.381, 0, 4, 81920, 23, 59.03
2026/02/04 15:25:28.381, 0, 557, 81920, 26, 70.70
2026/02/04 15:25:58.382, 98, 5873, 81920, 40, 274.82
2026/02/04 15:26:28.383, 0, 4, 81920, 24, 59.03
2026/02/04 15:26:58.383, 4, 2609, 81920, 23, 69.87
2026/02/04 15:27:28.384, 0, 557, 81920, 24, 70.70
2026/02/04 15:27:58.385, 0, 4, 81920, 26, 59.85
2026/02/04 15:28:28.385, 0, 4, 81920, 23, 59.03
2026/02/04 15:28:58.386, 0, 557, 81920, 26, 70.70
2026/02/04 15:29:28.387, 98, 5799, 81920, 40, 305.71
2026/02/04 15:29:58.388, 0, 4, 81920, 24, 59.32
2026/02/04 15:30:28.388, 100, 7191, 81920, 34, 185.41
2026/02/04 15:30:58.389, 0, 557, 81920, 24, 70.09
2026/02/04 15:31:28.390, 0, 4, 81920, 25, 59.54
2026/02/04 15:31:58.390, 0, 4, 81920, 23, 59.03
2026/02/04 15:32:28.391, 0, 557, 81920, 25, 70.41
2026/02/04 15:32:58.392, 98, 5865, 81920, 41, 299.86
2026/02/04 15:33:28.392, 0, 4, 81920, 24, 59.32
2026/02/04 15:33:58.393, 92, 7087, 81920, 35, 220.59
2026/02/04 15:34:28.394, 0, 2697, 81920, 25, 70.33
2026/02/04 15:34:58.395, 0, 4, 81920, 25, 59.61
2026/02/04 15:35:28.396, 0, 4, 81920, 24, 59.03
2026/02/04 15:35:58.396, 0, 557, 81920, 26, 70.62
2026/02/04 15:36:28.397, 98, 5963, 81920, 42, 301.22
2026/02/04 15:36:58.397, 0, 4, 81920, 24, 59.32
2026/02/04 15:37:28.398, 0, 4, 81920, 24, 59.03
2026/02/04 15:37:58.399, 0, 4, 81920, 24, 59.03
2026/02/04 15:38:28.400, 0, 557, 81920, 26, 70.86
2026/02/04 15:38:58.401, 98, 5751, 81920, 42, 283.69
2026/02/04 15:39:28.402, 0, 4, 81920, 24, 59.32
2026/02/04 15:39:58.402, 92, 7071, 81920, 35, 225.15
2026/02/04 15:40:28.402, 14, 2697, 81920, 25, 70.41
2026/02/04 15:40:58.403, 0, 4, 81920, 25, 59.61
2026/02/04 15:41:28.404, 0, 4, 81920, 24, 59.32
2026/02/04 15:41:58.404, 0, 557, 81920, 25, 70.62
2026/02/04 15:42:28.405, 98, 5811, 81920, 41, 296.67
2026/02/04 15:42:58.406, 0, 4, 81920, 24, 59.32
2026/02/04 15:43:28.406, 100, 7095, 81920, 36, 310.07
2026/02/04 15:43:58.407, 0, 557, 81920, 25, 70.33
2026/02/04 15:44:28.408, 0, 4, 81920, 26, 59.78
2026/02/04 15:44:58.410, 0, 4, 81920, 24, 59.32
2026/02/04 15:45:28.410, 0, 557, 81920, 26, 70.62
2026/02/04 15:45:58.411, 98, 5807, 81920, 42, 307.06
2026/02/04 15:46:28.412, 0, 4, 81920, 24, 59.32
2026/02/04 15:46:58.413, 0, 2609, 81920, 24, 70.09
2026/02/04 15:47:28.413, 0, 557, 81920, 25, 70.33
2026/02/04 15:47:58.414, 0, 4, 81920, 27, 60.14
2026/02/04 15:48:28.419, 0, 4, 81920, 24, 59.03
2026/02/04 15:48:58.419, 0, 557, 81920, 26, 70.94
2026/02/04 15:49:28.420, 98, 5875, 81920, 40, 299.62
2026/02/04 15:49:58.420, 0, 4, 81920, 24, 59.25
2026/02/04 15:50:28.421, 0, 4, 81920, 23, 59.03
2026/02/04 15:50:58.422, 0, 557, 81920, 25, 70.41
2026/02/04 15:51:28.422, 0, 4, 81920, 29, 84.43
2026/02/04 15:51:58.423, 0, 4, 81920, 23, 59.03
2026/02/04 15:52:28.423, 0, 557, 81920, 27, 79.57
2026/02/04 15:52:58.424, 98, 5861, 81920, 40, 298.21
2026/02/04 15:53:28.425, 0, 4, 81920, 24, 59.03
2026/02/04 15:53:58.426, 0, 4, 81920, 23, 59.03
2026/02/04 15:54:28.426, 0, 557, 81920, 25, 70.17
2026/02/04 15:54:58.427, 0, 4, 81920, 28, 71.45
2026/02/04 15:55:28.428, 0, 4, 81920, 24, 59.03
2026/02/04 15:55:58.428, 7, 7341, 81920, 28, 82.00
2026/02/04 15:56:28.428, 98, 5973, 81920, 38, 288.00
2026/02/04 15:56:58.429, 0, 4, 81920, 24, 59.03
2026/02/04 15:57:28.429, 0, 4, 81920, 23, 59.03
2026/02/04 15:57:58.430, 0, 557, 81920, 25, 70.41
2026/02/04 15:58:28.430, 98, 5847, 81920, 41, 250.51
2026/02/04 15:58:58.431, 0, 4, 81920, 24, 59.03
2026/02/04 15:59:28.432, 91, 7177, 81920, 35, 210.31
2026/02/04 15:59:58.432, 100, 5839, 81920, 36, 302.22
2026/02/04 16:00:28.433, 0, 4, 81920, 25, 59.32
2026/02/04 16:00:58.433, 0, 4, 81920, 24, 59.03
2026/02/04 16:01:28.433, 0, 557, 81920, 25, 70.41
2026/02/04 16:01:58.434, 6, 5923, 81920, 32, 82.53
2026/02/04 16:02:28.435, 0, 4, 81920, 24, 59.03
2026/02/04 16:02:58.435, 6, 7021, 81920, 29, 82.34
2026/02/04 16:03:28.436, 98, 5737, 81920, 39, 305.71
2026/02/04 16:03:58.437, 0, 4, 81920, 24, 59.32
2026/02/04 16:04:28.437, 0, 4, 81920, 23, 59.03
2026/02/04 16:04:58.438, 0, 4, 81920, 23, 59.03
2026/02/04 16:05:28.438, 0, 557, 81920, 27, 80.19
2026/02/04 16:05:58.438, 98, 5911, 81920, 39, 304.47
2026/02/04 16:06:28.439, 0, 4, 81920, 24, 59.03
2026/02/04 16:06:58.439, 0, 4, 81920, 23, 59.03
2026/02/04 16:07:28.440, 0, 557, 81920, 25, 70.41
2026/02/04 16:07:58.441, 7, 555, 81920, 30, 82.24
2026/02/04 16:08:28.442, 0, 4, 81920, 24, 59.03
2026/02/04 16:08:58.443, 92, 7191, 81920, 34, 206.77
2026/02/04 16:09:28.443, 100, 5865, 81920, 32, 299.33
2026/02/04 16:09:58.444, 0, 4, 81920, 25, 59.32
2026/02/04 16:10:28.445, 0, 4, 81920, 24, 59.03
2026/02/04 16:10:58.446, 0, 557, 81920, 25, 70.62
2026/02/04 16:11:28.447, 39, 555, 81920, 31, 85.06
2026/02/04 16:11:58.447, 0, 4, 81920, 24, 59.32
2026/02/04 16:12:28.448, 92, 7087, 81920, 35, 202.21
2026/02/04 16:12:58.449, 100, 5785, 81920, 34, 305.53
2026/02/04 16:13:28.449, 0, 4, 81920, 25, 59.61
2026/02/04 16:13:58.450, 0, 4, 81920, 24, 59.03
2026/02/04 16:14:28.450, 0, 557, 81920, 25, 70.70
2026/02/04 16:14:58.451, 98, 5983, 81920, 42, 281.02
2026/02/04 16:15:28.452, 0, 4, 81920, 24, 59.25
2026/02/04 16:15:58.453, 92, 7205, 81920, 35, 222.19
2026/02/04 16:16:28.453, 99, 5875, 81920, 35, 312.72
2026/02/04 16:16:58.454, 0, 4, 81920, 25, 59.61
2026/02/04 16:17:28.455, 0, 4, 81920, 24, 59.03
2026/02/04 16:17:58.456, 0, 557, 81920, 25, 70.41
2026/02/04 16:18:28.456, 98, 5933, 81920, 42, 305.82
2026/02/04 16:18:58.458, 0, 4, 81920, 24, 59.03
2026/02/04 16:19:28.459, 91, 7191, 81920, 35, 224.37
2026/02/04 16:19:58.459, 100, 5865, 81920, 34, 322.16
2026/02/04 16:20:28.460, 0, 4, 81920, 25, 59.61
2026/02/04 16:20:58.460, 0, 4, 81920, 24, 59.32
2026/02/04 16:21:28.461, 0, 557, 81920, 26, 70.70
2026/02/04 16:21:58.461, 98, 5801, 81920, 42, 306.89
2026/02/04 16:22:28.462, 0, 4, 81920, 25, 59.25
2026/02/04 16:22:58.463, 91, 7241, 81920, 35, 219.23
2026/02/04 16:23:28.463, 0, 2697, 81920, 25, 70.09
2026/02/04 16:23:58.464, 0, 4, 81920, 25, 59.61
2026/02/04 16:24:28.464, 0, 4, 81920, 24, 59.54
2026/02/04 16:24:58.465, 0, 557, 81920, 26, 70.86
2026/02/04 16:25:28.467, 97, 5929, 81920, 41, 282.82
2026/02/04 16:25:58.468, 0, 4, 81920, 24, 59.78
2026/02/04 16:26:28.468, 0, 3043, 81920, 24, 70.33
2026/02/04 16:26:58.469, 0, 557, 81920, 25, 70.33
2026/02/04 16:27:28.470, 0, 4, 81920, 26, 59.85
2026/02/04 16:27:58.470, 0, 4, 81920, 24, 59.32
2026/02/04 16:28:28.471, 7, 7293, 81920, 28, 80.88
2026/02/04 16:28:58.471, 98, 5923, 81920, 39, 302.86
2026/02/04 16:29:28.472, 0, 4, 81920, 24, 59.25
2026/02/04 16:29:58.473, 0, 4, 81920, 23, 59.03
2026/02/04 16:30:28.474, 0, 4, 81920, 23, 58.78
2026/02/04 16:30:58.474, 92, 7189, 81920, 35, 229.76
2026/02/04 16:31:28.474, 98, 5863, 81920, 38, 261.07
2026/02/04 16:31:58.475, 0, 4, 81920, 24, 59.32
2026/02/04 16:32:28.476, 0, 4, 81920, 23, 59.03
2026/02/04 16:32:58.476, 0, 557, 81920, 25, 70.17
2026/02/04 16:33:28.477, 75, 555, 81920, 30, 84.96
2026/02/04 16:33:58.477, 0, 4, 81920, 23, 59.03
2026/02/04 16:34:28.478, 92, 7273, 81920, 34, 216.28
2026/02/04 16:34:58.478, 100, 5929, 81920, 32, 304.17
2026/02/04 16:35:28.479, 0, 4, 81920, 24, 59.32
2026/02/04 16:35:58.480, 0, 4, 81920, 23, 59.03
2026/02/04 16:36:28.480, 0, 557, 81920, 25, 70.41
2026/02/04 16:36:58.481, 98, 5909, 81920, 41, 291.00
2026/02/04 16:37:28.481, 0, 4, 81920, 24, 59.03
2026/02/04 16:37:58.482, 0, 3043, 81920, 24, 69.87
2026/02/04 16:38:28.485, 0, 557, 81920, 24, 70.17
2026/02/04 16:38:58.485, 0, 4, 81920, 25, 59.61
2026/02/04 16:39:28.486, 0, 4, 81920, 23, 59.03
2026/02/04 16:39:58.487, 0, 557, 81920, 25, 70.62
2026/02/04 16:40:28.487, 98, 5909, 81920, 41, 305.18
2026/02/04 16:40:58.488, 0, 4, 81920, 24, 58.96
2026/02/04 16:41:28.489, 100, 7329, 81920, 36, 311.20
2026/02/04 16:41:58.489, 0, 557, 81920, 25, 70.33
2026/02/04 16:42:28.490, 0, 4, 81920, 26, 59.61
2026/02/04 16:42:58.491, 0, 4, 81920, 24, 59.32
2026/02/04 16:43:28.491, 0, 557, 81920, 26, 70.86
2026/02/04 16:43:58.492, 98, 5973, 81920, 41, 306.06
2026/02/04 16:44:28.493, 0, 4, 81920, 24, 59.32
2026/02/04 16:44:58.493, 0, 3043, 81920, 24, 70.09
2026/02/04 16:45:28.493, 0, 557, 81920, 25, 70.33
2026/02/04 16:45:58.493, 0, 4, 81920, 26, 59.85
2026/02/04 16:46:28.494, 0, 4, 81920, 24, 59.03
2026/02/04 16:46:58.494, 0, 557, 81920, 26, 70.70
2026/02/04 16:47:28.495, 98, 6081, 81920, 41, 293.67
2026/02/04 16:47:58.496, 0, 4, 81920, 24, 59.32
2026/02/04 16:48:28.497, 0, 3043, 81920, 24, 70.17
2026/02/04 16:48:58.498, 0, 557, 81920, 25, 70.33
2026/02/04 16:49:28.498, 0, 4, 81920, 26, 59.85
2026/02/04 16:49:58.499, 0, 4, 81920, 24, 59.03
2026/02/04 16:50:28.501, 0, 557, 81920, 26, 70.70
2026/02/04 16:50:58.502, 97, 5809, 81920, 41, 305.82
2026/02/04 16:51:28.502, 0, 4, 81920, 24, 59.32
2026/02/04 16:51:58.503, 0, 3043, 81920, 25, 70.09
2026/02/04 16:52:28.504, 0, 557, 81920, 25, 70.70
2026/02/04 16:52:58.504, 0, 4, 81920, 27, 60.14
2026/02/04 16:53:28.505, 0, 4, 81920, 24, 59.32
2026/02/04 16:53:58.505, 0, 557, 81920, 26, 70.94
2026/02/04 16:54:28.506, 98, 5953, 81920, 41, 302.58
2026/02/04 16:54:58.506, 0, 4, 81920, 24, 59.32
2026/02/04 16:55:28.506, 100, 7213, 81920, 36, 313.62
2026/02/04 16:55:58.508, 0, 557, 81920, 25, 70.09
2026/02/04 16:56:28.509, 0, 4, 81920, 25, 59.54
2026/02/04 16:56:58.510, 0, 4, 81920, 24, 59.03
2026/02/04 16:57:28.511, 0, 4, 81920, 24, 59.03
2026/02/04 16:57:58.511, 91, 7425, 81920, 35, 233.00
2026/02/04 16:58:28.512, 0, 557, 81920, 25, 70.41
2026/02/04 16:58:58.512, 0, 4, 81920, 25, 59.61
2026/02/04 16:59:28.513, 0, 4, 81920, 24, 59.03
2026/02/04 16:59:58.514, 0, 557, 81920, 25, 70.70
2026/02/04 17:00:28.514, 98, 5991, 81920, 41, 281.27
2026/02/04 17:00:58.515, 0, 4, 81920, 24, 59.03
2026/02/04 17:01:28.515, 100, 7431, 81920, 36, 311.66
2026/02/04 17:01:58.515, 0, 557, 81920, 24, 70.17
2026/02/04 17:02:28.516, 0, 4, 81920, 25, 59.54
2026/02/04 17:02:58.517, 0, 4, 81920, 24, 59.03
2026/02/04 17:03:28.518, 0, 557, 81920, 26, 70.86
2026/02/04 17:03:58.518, 97, 6001, 81920, 40, 296.38
2026/02/04 17:04:28.519, 0, 4, 81920, 24, 59.32
2026/02/04 17:04:58.520, 0, 4, 81920, 23, 59.03
2026/02/04 17:05:28.521, 0, 557, 81920, 25, 70.33
2026/02/04 17:05:58.521, 91, 5941, 81920, 40, 310.83
2026/02/04 17:06:28.522, 0, 4, 81920, 23, 59.03
2026/02/04 17:06:58.522, 91, 7343, 81920, 35, 206.53
2026/02/04 17:07:28.523, 100, 5973, 81920, 35, 303.11
2026/02/04 17:07:58.524, 0, 4, 81920, 25, 59.32
2026/02/04 17:08:28.525, 0, 4, 81920, 23, 59.03
2026/02/04 17:08:58.525, 0, 557, 81920, 25, 70.33
2026/02/04 17:09:28.526, 97, 5961, 81920, 41, 297.20
2026/02/04 17:09:58.527, 0, 4, 81920, 23, 59.03
2026/02/04 17:10:28.527, 90, 7325, 81920, 34, 203.57
2026/02/04 17:10:58.528, 0, 557, 81920, 24, 70.17
2026/02/04 17:11:28.529, 0, 4, 81920, 25, 59.25
2026/02/04 17:11:58.529, 0, 4, 81920, 23, 58.78
2026/02/04 17:12:28.530, 0, 557, 81920, 25, 70.41
2026/02/04 17:12:58.531, 97, 5963, 81920, 41, 300.69
2026/02/04 17:13:28.532, 0, 4, 81920, 24, 59.03
2026/02/04 17:13:58.532, 95, 7237, 81920, 32, 305.00
2026/02/04 17:14:28.534, 0, 557, 81920, 24, 70.41
2026/02/04 17:14:58.534, 0, 4, 81920, 26, 59.61
2026/02/04 17:15:28.535, 0, 4, 81920, 23, 59.03
2026/02/04 17:15:58.536, 0, 557, 81920, 27, 79.57
2026/02/04 17:16:28.537, 97, 6081, 81920, 40, 306.06
2026/02/04 17:16:58.537, 0, 4, 81920, 24, 59.25
2026/02/04 17:17:28.538, 0, 4, 81920, 24, 59.03
2026/02/04 17:17:58.539, 0, 557, 81920, 25, 70.62
2026/02/04 17:18:28.539, 73, 5985, 81920, 36, 84.43
2026/02/04 17:18:58.540, 0, 4, 81920, 24, 59.25
2026/02/04 17:19:28.541, 0, 4, 81920, 24, 59.03
2026/02/04 17:19:58.541, 0, 4, 81920, 24, 59.03
2026/02/04 17:20:28.542, 0, 557, 81920, 26, 70.70
2026/02/04 17:20:58.543, 97, 6001, 81920, 41, 301.16
2026/02/04 17:21:28.544, 0, 4, 81920, 24, 59.32
2026/02/04 17:21:58.544, 3, 3043, 81920, 24, 71.45
2026/02/04 17:22:28.544, 0, 557, 81920, 25, 70.62
2026/02/04 17:22:58.545, 0, 4, 81920, 27, 60.07
2026/02/04 17:23:28.547, 0, 4, 81920, 24, 59.25
2026/02/04 17:23:58.548, 0, 557, 81920, 27, 70.94
2026/02/04 17:24:28.548, 97, 5975, 81920, 41, 305.82
2026/02/04 17:24:58.549, 0, 4, 81920, 25, 59.32
2026/02/04 17:25:28.550, 26, 2609, 81920, 24, 70.41
2026/02/04 17:25:58.551, 0, 557, 81920, 25, 70.41
2026/02/04 17:26:28.552, 0, 4, 81920, 27, 60.32
2026/02/04 17:26:58.554, 0, 4, 81920, 24, 59.32
2026/02/04 17:27:28.554, 86, 7291, 81920, 33, 114.46
2026/02/04 17:27:58.555, 97, 5939, 81920, 39, 304.64
2026/02/04 17:28:28.555, 0, 4, 81920, 25, 59.32
2026/02/04 17:28:58.556, 0, 4, 81920, 24, 58.96
2026/02/04 17:29:28.557, 0, 557, 81920, 25, 70.41
2026/02/04 17:29:58.558, 7, 6017, 81920, 32, 82.00
2026/02/04 17:30:28.559, 0, 4, 81920, 24, 59.03
2026/02/04 17:30:58.559, 91, 7343, 81920, 34, 208.71
2026/02/04 17:31:28.559, 0, 2697, 81920, 24, 70.33
2026/02/04 17:31:58.560, 0, 4, 81920, 25, 59.32
2026/02/04 17:32:28.561, 0, 4, 81920, 24, 59.03
2026/02/04 17:32:58.561, 0, 557, 81920, 25, 70.41
2026/02/04 17:33:28.562, 97, 5831, 81920, 41, 305.71
2026/02/04 17:33:58.563, 0, 4, 81920, 24, 59.03
2026/02/04 17:34:28.564, 0, 7265, 81920, 29, 173.27
2026/02/04 17:34:58.565, 0, 557, 81920, 25, 70.09
2026/02/04 17:35:28.566, 0, 4, 81920, 26, 59.61
2026/02/04 17:35:58.566, 0, 4, 81920, 24, 59.03
2026/02/04 17:36:28.567, 7, 7225, 81920, 28, 80.63
2026/02/04 17:36:58.568, 97, 5895, 81920, 39, 271.29
2026/02/04 17:37:28.569, 0, 4, 81920, 24, 59.32
2026/02/04 17:37:58.570, 0, 4, 81920, 24, 59.03
2026/02/04 17:38:28.570, 0, 557, 81920, 25, 70.41
2026/02/04 17:38:58.571, 97, 5953, 81920, 41, 306.00
2026/02/04 17:39:28.571, 0, 4, 81920, 24, 59.03
2026/02/04 17:39:58.572, 91, 7191, 81920, 34, 209.77
2026/02/04 17:40:28.572, 0, 557, 81920, 25, 70.41
2026/02/04 17:40:58.573, 0, 4, 81920, 25, 59.61
2026/02/04 17:41:28.577, 0, 4, 81920, 23, 59.03
2026/02/04 17:41:58.578, 0, 557, 81920, 25, 70.41
2026/02/04 17:42:28.579, 97, 5799, 81920, 41, 279.67
2026/02/04 17:42:58.580, 0, 4, 81920, 24, 58.96
2026/02/04 17:43:28.580, 0, 7093, 81920, 24, 70.09
2026/02/04 17:43:58.588, 0, 557, 81920, 24, 70.17
2026/02/04 17:44:28.589, 0, 4, 81920, 26, 59.54
2026/02/04 17:44:58.589, 0, 4, 81920, 24, 59.03
2026/02/04 17:45:28.590, 0, 557, 81920, 25, 70.33
2026/02/04 17:45:58.591, 97, 6025, 81920, 40, 299.33
2026/02/04 17:46:28.592, 0, 4, 81920, 24, 59.03
2026/02/04 17:46:58.592, 0, 4, 81920, 23, 58.78
2026/02/04 17:47:28.593, 0, 4, 81920, 23, 58.78
2026/02/04 17:47:58.593, 0, 557, 81920, 25, 70.41
2026/02/04 17:48:28.594, 97, 5847, 81920, 41, 304.64
2026/02/04 17:48:58.595, 0, 4, 81920, 24, 58.96
2026/02/04 17:49:28.596, 91, 7075, 81920, 34, 214.38
2026/02/04 17:49:58.596, 0, 2697, 81920, 24, 70.17
2026/02/04 17:50:28.596, 0, 4, 81920, 25, 59.32
2026/02/04 17:50:58.597, 0, 4, 81920, 23, 58.78
2026/02/04 17:51:28.598, 0, 557, 81920, 25, 70.70
2026/02/04 17:51:58.599, 97, 5959, 81920, 40, 260.24
2026/02/04 17:52:28.600, 0, 4, 81920, 24, 59.03
2026/02/04 17:52:58.600, 20, 2609, 81920, 24, 69.87
2026/02/04 17:53:28.601, 0, 557, 81920, 25, 70.41
2026/02/04 17:53:58.601, 0, 4, 81920, 27, 60.07
2026/02/04 17:54:28.602, 0, 4, 81920, 24, 59.03
2026/02/04 17:54:58.603, 77, 557, 81920, 28, 81.46
2026/02/04 17:55:28.603, 97, 5929, 81920, 40, 295.21
2026/02/04 17:55:58.604, 0, 4, 81920, 25, 59.32
2026/02/04 17:56:28.605, 0, 4, 81920, 24, 59.03
2026/02/04 17:56:58.606, 0, 557, 81920, 25, 70.41
2026/02/04 17:57:28.607, 45, 5987, 81920, 34, 82.24
2026/02/04 17:57:58.607, 0, 4, 81920, 24, 59.32
2026/02/04 17:58:28.608, 91, 7409, 81920, 35, 236.25
2026/02/04 17:58:58.608, 0, 557, 81920, 25, 70.41
2026/02/04 17:59:28.609, 0, 4, 81920, 26, 59.85
2026/02/04 17:59:58.610, 0, 4, 81920, 24, 59.32
2026/02/04 18:00:28.610, 0, 557, 81920, 27, 70.94
2026/02/04 18:00:58.611, 97, 5875, 81920, 41, 306.06
2026/02/04 18:01:28.611, 0, 4, 81920, 25, 59.32
2026/02/04 18:01:58.612, 3, 3043, 81920, 25, 73.14
2026/02/04 18:02:28.613, 0, 557, 81920, 25, 70.41
2026/02/04 18:02:58.613, 0, 4, 81920, 27, 59.85
2026/02/04 18:03:28.614, 0, 4, 81920, 24, 59.32
2026/02/04 18:03:58.614, 19, 557, 81920, 28, 81.17
2026/02/04 18:04:28.615, 97, 5991, 81920, 40, 271.82
2026/02/04 18:04:58.616, 0, 4, 81920, 25, 59.32
2026/02/04 18:05:28.617, 0, 4, 81920, 24, 59.03
2026/02/04 18:05:58.618, 0, 557, 81920, 25, 70.41
2026/02/04 18:06:28.619, 0, 4, 81920, 29, 86.03
2026/02/04 18:06:58.619, 0, 4, 81920, 24, 58.96
2026/02/04 18:07:28.620, 91, 7413, 81920, 35, 222.72
2026/02/04 18:07:58.621, 100, 6043, 81920, 36, 328.11
2026/02/04 18:08:28.621, 0, 4, 81920, 25, 59.32
2026/02/04 18:08:58.623, 0, 4, 81920, 24, 59.03
2026/02/04 18:09:28.623, 0, 557, 81920, 25, 70.62
2026/02/04 18:09:58.623, 6, 5951, 81920, 33, 82.00
2026/02/04 18:10:28.624, 0, 4, 81920, 24, 59.03
2026/02/04 18:10:58.625, 0, 4, 81920, 23, 59.03
2026/02/04 18:11:28.625, 0, 4, 81920, 23, 59.03
2026/02/04 18:11:58.626, 0, 557, 81920, 25, 70.41
2026/02/04 18:12:28.627, 97, 5779, 81920, 41, 295.31
2026/02/04 18:12:58.628, 0, 4, 81920, 24, 59.03
2026/02/04 18:13:28.628, 91, 7055, 81920, 34, 220.30
2026/02/04 18:13:58.629, 0, 875, 81920, 25, 70.70
2026/02/04 18:14:28.630, 0, 4, 81920, 26, 59.61
2026/02/04 18:14:58.631, 0, 4, 81920, 24, 59.32
2026/02/04 18:15:28.631, 0, 557, 81920, 26, 70.62
2026/02/04 18:15:58.632, 97, 5765, 81920, 41, 304.40
2026/02/04 18:16:28.632, 0, 4, 81920, 24, 59.32
2026/02/04 18:16:58.633, 0, 3043, 81920, 24, 70.17
2026/02/04 18:17:28.634, 0, 557, 81920, 25, 70.41
2026/02/04 18:17:58.635, 0, 4, 81920, 27, 59.78
2026/02/04 18:18:28.636, 0, 4, 81920, 24, 59.03
2026/02/04 18:18:58.636, 7, 6941, 81920, 28, 80.72
2026/02/04 18:19:28.637, 97, 5677, 81920, 39, 302.51
2026/02/04 18:19:58.638, 0, 4, 81920, 24, 59.03
2026/02/04 18:20:28.639, 0, 4, 81920, 23, 59.03
2026/02/04 18:20:58.639, 0, 557, 81920, 25, 70.17
2026/02/04 18:21:28.640, 90, 5827, 81920, 37, 83.06
2026/02/04 18:21:58.641, 0, 4, 81920, 23, 59.03
2026/02/04 18:22:28.642, 91, 7021, 81920, 34, 231.94
2026/02/04 18:22:58.642, 17, 2697, 81920, 24, 71.77
2026/02/04 18:23:28.643, 0, 4, 81920, 25, 59.32
2026/02/04 18:23:58.644, 0, 4, 81920, 23, 59.03
2026/02/04 18:24:28.645, 0, 557, 81920, 25, 70.33
2026/02/04 18:24:58.645, 97, 5803, 81920, 40, 254.04
2026/02/04 18:25:28.646, 0, 4, 81920, 24, 59.03
2026/02/04 18:25:58.646, 99, 7115, 81920, 35, 312.02
2026/02/04 18:26:28.647, 0, 557, 81920, 24, 69.79
2026/02/04 18:26:58.648, 0, 4, 81920, 25, 59.54
2026/02/04 18:27:28.649, 0, 4, 81920, 23, 58.96
2026/02/04 18:27:58.649, 0, 557, 81920, 27, 79.66
2026/02/04 18:28:28.649, 97, 5941, 81920, 39, 268.86
2026/02/04 18:28:58.650, 0, 4, 81920, 24, 59.03
2026/02/04 18:29:28.651, 0, 4, 81920, 23, 58.78
2026/02/04 18:29:58.651, 0, 557, 81920, 24, 70.09
2026/02/04 18:30:28.652, 0, 4, 81920, 29, 87.68
2026/02/04 18:30:58.696, 0, 4, 81920, 23, 59.03
2026/02/04 18:31:28.697, 6, 6939, 81920, 28, 81.70
2026/02/04 18:31:58.698, 97, 5669, 81920, 39, 300.69
2026/02/04 18:32:28.699, 0, 4, 81920, 24, 59.32
2026/02/04 18:32:58.699, 0, 4, 81920, 24, 59.03
2026/02/04 18:33:28.700, 0, 557, 81920, 26, 70.70
2026/02/04 18:33:58.701, 97, 5815, 81920, 40, 276.13
2026/02/04 18:34:28.702, 0, 4, 81920, 24, 59.32
2026/02/04 18:34:58.702, 0, 4, 81920, 23, 59.03
2026/02/04 18:35:28.702, 0, 557, 81920, 25, 70.17
2026/02/04 18:35:58.702, 0, 4, 81920, 28, 71.53
2026/02/04 18:36:28.703, 0, 4, 81920, 24, 59.03
2026/02/04 18:36:58.704, 91, 7057, 81920, 35, 202.74
2026/02/04 18:37:28.704, 0, 2807, 81920, 25, 70.33
2026/02/04 18:37:58.705, 0, 4, 81920, 25, 59.61
2026/02/04 18:38:28.706, 0, 4, 81920, 24, 59.32
2026/02/04 18:38:58.707, 0, 4, 81920, 24, 59.03
2026/02/04 18:39:28.707, 90, 7193, 81920, 35, 233.83
2026/02/04 18:39:58.708, 0, 557, 81920, 25, 70.09
2026/02/04 18:40:28.709, 0, 4, 81920, 25, 59.61
2026/02/04 18:40:58.718, 0, 4, 81920, 24, 59.03
2026/02/04 18:41:28.719, 0, 557, 81920, 27, 71.24
2026/02/04 18:41:58.719, 97, 5715, 81920, 41, 306.29
2026/02/04 18:42:28.720, 0, 4, 81920, 25, 59.32
2026/02/04 18:42:58.721, 0, 4, 81920, 24, 59.03
2026/02/04 18:43:28.722, 0, 557, 81920, 25, 70.41
2026/02/04 18:43:58.723, 0, 4, 81920, 28, 72.22
2026/02/04 18:44:28.724, 0, 4, 81920, 24, 59.03
2026/02/04 18:44:58.724, 0, 557, 81920, 27, 80.10
2026/02/04 18:45:28.725, 97, 5707, 81920, 40, 293.42
2026/02/04 18:45:58.726, 0, 4, 81920, 25, 59.32
2026/02/04 18:46:28.726, 0, 4, 81920, 24, 59.03
2026/02/04 18:46:58.727, 0, 557, 81920, 25, 70.70
2026/02/04 18:47:28.728, 97, 5687, 81920, 42, 272.94
2026/02/04 18:47:58.728, 0, 4, 81920, 24, 59.32
2026/02/04 18:48:28.729, 0, 4, 81920, 23, 59.03
2026/02/04 18:48:58.730, 0, 557, 81920, 25, 70.17
2026/02/04 18:49:28.731, 0, 4, 81920, 28, 71.16
2026/02/04 18:49:58.731, 0, 4, 81920, 23, 59.03
2026/02/04 18:50:28.732, 91, 7159, 81920, 35, 231.64
2026/02/04 18:50:58.732, 100, 5847, 81920, 36, 309.48
2026/02/04 18:51:28.733, 0, 4, 81920, 24, 59.03
2026/02/04 18:51:58.733, 0, 4, 81920, 23, 59.03
2026/02/04 18:52:28.734, 0, 557, 81920, 24, 70.41
2026/02/04 18:52:58.734, 97, 5745, 81920, 40, 306.06
2026/02/04 18:53:28.735, 0, 4, 81920, 23, 59.03
2026/02/04 18:53:58.736, 100, 7077, 81920, 35, 315.43
2026/02/04 18:54:28.736, 0, 557, 81920, 24, 69.79
2026/02/04 18:54:58.737, 0, 4, 81920, 25, 59.32
2026/02/04 18:55:28.737, 0, 4, 81920, 23, 58.78
2026/02/04 18:55:58.738, 7, 7125, 81920, 28, 81.17
2026/02/04 18:56:28.738, 97, 5813, 81920, 38, 303.93
2026/02/04 18:56:58.739, 0, 4, 81920, 24, 59.32
2026/02/04 18:57:28.740, 0, 4, 81920, 23, 59.03
2026/02/04 18:57:58.741, 0, 557, 81920, 25, 70.70
2026/02/04 18:58:28.742, 97, 5859, 81920, 40, 285.86
2026/02/04 18:58:58.742, 0, 4, 81920, 24, 59.32
2026/02/04 18:59:28.743, 61, 7037, 81920, 34, 229.51
2026/02/04 18:59:58.744, 0, 557, 81920, 24, 70.17
2026/02/04 19:00:28.745, 0, 4, 81920, 25, 59.61
2026/02/04 19:00:58.746, 0, 4, 81920, 23, 59.03
2026/02/04 19:01:28.747, 0, 557, 81920, 26, 70.86
2026/02/04 19:01:58.748, 97, 5813, 81920, 39, 279.67
2026/02/04 19:02:28.748, 0, 4, 81920, 24, 59.03
2026/02/04 19:02:58.749, 0, 4, 81920, 23, 59.03
2026/02/04 19:03:28.750, 0, 4, 81920, 23, 59.03
2026/02/04 19:03:58.750, 0, 557, 81920, 27, 80.88
2026/02/04 19:04:28.751, 97, 5927, 81920, 39, 301.70
2026/02/04 19:04:58.752, 0, 4, 81920, 24, 59.25
2026/02/04 19:05:28.753, 0, 4, 81920, 23, 59.03
2026/02/04 19:05:58.753, 0, 557, 81920, 25, 70.33
2026/02/04 19:06:28.753, 7, 5889, 81920, 31, 82.77
2026/02/04 19:06:58.754, 0, 4, 81920, 24, 59.03
2026/02/04 19:07:28.754, 99, 7109, 81920, 33, 307.89
2026/02/04 19:07:58.755, 0, 557, 81920, 25, 70.09
2026/02/04 19:08:28.756, 0, 4, 81920, 26, 59.61
2026/02/04 19:08:58.757, 0, 4, 81920, 24, 59.03
2026/02/04 19:09:28.757, 0, 557, 81920, 26, 70.62
2026/02/04 19:09:58.758, 97, 5795, 81920, 40, 307.06
2026/02/04 19:10:28.759, 0, 4, 81920, 24, 59.32
2026/02/04 19:10:58.759, 0, 3043, 81920, 24, 70.41
2026/02/04 19:11:28.760, 0, 557, 81920, 25, 70.33
2026/02/04 19:11:58.761, 0, 4, 81920, 26, 59.78
2026/02/04 19:12:28.762, 0, 4, 81920, 24, 59.03
2026/02/04 19:12:58.763, 91, 7257, 81920, 34, 85.49
2026/02/04 19:13:28.763, 97, 5911, 81920, 39, 252.16
2026/02/04 19:13:58.764, 0, 4, 81920, 25, 59.32
2026/02/04 19:14:28.765, 0, 4, 81920, 24, 59.03
2026/02/04 19:14:58.766, 0, 557, 81920, 25, 70.41
2026/02/04 19:15:28.766, 0, 4, 81920, 29, 72.07
2026/02/04 19:15:58.767, 0, 4, 81920, 24, 59.32
2026/02/04 19:16:28.768, 90, 7159, 81920, 36, 234.07
2026/02/04 19:16:58.768, 97, 5843, 81920, 38, 294.14
2026/02/04 19:17:28.769, 0, 4, 81920, 25, 59.61
2026/02/04 19:17:58.771, 0, 4, 81920, 24, 59.03
2026/02/04 19:18:28.771, 0, 557, 81920, 25, 70.70
2026/02/04 19:18:58.772, 97, 5779, 81920, 41, 295.50
2026/02/04 19:19:28.773, 0, 4, 81920, 24, 59.03
2026/02/04 19:19:58.773, 90, 7205, 81920, 34, 231.09
2026/02/04 19:20:28.773, 0, 2697, 81920, 25, 70.17
2026/02/04 19:20:58.774, 0, 4, 81920, 25, 59.61
2026/02/04 19:21:28.775, 0, 4, 81920, 24, 59.03
2026/02/04 19:21:58.776, 0, 557, 81920, 26, 70.62
2026/02/04 19:22:28.777, 97, 5779, 81920, 41, 298.80
2026/02/04 19:22:58.777, 0, 4, 81920, 24, 59.03
2026/02/04 19:23:28.778, 91, 7243, 81920, 34, 226.26
2026/02/04 19:23:58.778, 0, 2697, 81920, 24, 70.17
2026/02/04 19:24:28.779, 0, 4, 81920, 25, 59.32
2026/02/04 19:24:58.779, 0, 4, 81920, 23, 59.03
2026/02/04 19:25:28.780, 0, 557, 81920, 25, 70.70
2026/02/04 19:25:58.781, 97, 5895, 81920, 41, 303.64
2026/02/04 19:26:28.781, 0, 4, 81920, 24, 59.32
2026/02/04 19:26:58.782, 99, 7077, 81920, 36, 315.80
2026/02/04 19:27:28.783, 0, 557, 81920, 24, 70.33
2026/02/04 19:27:58.783, 0, 4, 81920, 25, 59.61
2026/02/04 19:28:28.784, 0, 4, 81920, 23, 59.03
2026/02/04 19:28:58.784, 0, 557, 81920, 25, 70.41
2026/02/04 19:29:28.785, 97, 5875, 81920, 41, 306.64
2026/02/04 19:29:58.786, 0, 4, 81920, 24, 59.32
2026/02/04 19:30:28.786, 0, 4, 81920, 23, 59.03
2026/02/04 19:30:58.787, 0, 4, 81920, 23, 59.03
2026/02/04 19:31:28.787, 91, 7223, 81920, 35, 211.13
2026/02/04 19:31:58.788, 98, 5895, 81920, 38, 295.85
2026/02/04 19:32:28.788, 0, 4, 81920, 24, 59.32
2026/02/04 19:32:58.789, 0, 4, 81920, 23, 59.03
2026/02/04 19:33:28.793, 0, 557, 81920, 25, 70.17
2026/02/04 19:33:58.794, 0, 555, 81920, 29, 81.46
2026/02/04 19:34:28.795, 0, 4, 81920, 24, 59.03
2026/02/04 19:34:58.796, 3, 7125, 81920, 29, 82.00
2026/02/04 19:35:28.796, 97, 5813, 81920, 39, 270.47
2026/02/04 19:35:58.797, 0, 4, 81920, 25, 59.32
2026/02/04 19:36:28.797, 0, 4, 81920, 24, 59.03
2026/02/04 19:36:58.798, 0, 557, 81920, 26, 70.62
2026/02/04 19:37:28.799, 97, 5751, 81920, 41, 251.09
2026/02/04 19:37:58.800, 0, 4, 81920, 24, 59.32
2026/02/04 19:38:28.801, 91, 7087, 81920, 34, 189.26
2026/02/04 19:38:58.801, 0, 557, 81920, 25, 70.41
2026/02/04 19:39:28.802, 0, 4, 81920, 25, 59.54
2026/02/04 19:39:58.803, 0, 4, 81920, 24, 58.96
2026/02/04 19:40:28.804, 0, 557, 81920, 25, 70.33
2026/02/04 19:40:58.805, 97, 5653, 81920, 41, 303.58
2026/02/04 19:41:28.805, 0, 4, 81920, 24, 59.32
2026/02/04 19:41:58.806, 91, 7241, 81920, 34, 208.71
2026/02/04 19:42:28.808, 0, 557, 81920, 25, 70.17
2026/02/04 19:42:58.808, 0, 4, 81920, 25, 59.61
2026/02/04 19:43:28.809, 0, 4, 81920, 24, 59.03
2026/02/04 19:43:58.809, 0, 557, 81920, 25, 70.62
2026/02/04 19:44:28.810, 97, 5765, 81920, 41, 303.64
2026/02/04 19:44:58.811, 0, 4, 81920, 24, 59.03
2026/02/04 19:45:28.811, 0, 2609, 81920, 24, 70.17
2026/02/04 19:45:58.812, 0, 557, 81920, 24, 70.09
2026/02/04 19:46:28.813, 0, 4, 81920, 26, 59.85
2026/02/04 19:46:58.814, 0, 4, 81920, 24, 59.03
2026/02/04 19:47:28.815, 7, 7109, 81920, 29, 82.00
2026/02/04 19:47:58.815, 97, 5801, 81920, 39, 305.53
2026/02/04 19:48:28.816, 0, 4, 81920, 24, 59.32
2026/02/04 19:48:58.816, 0, 4, 81920, 24, 58.96
2026/02/04 19:49:28.817, 0, 557, 81920, 25, 70.41
2026/02/04 19:49:58.818, 97, 5803, 81920, 41, 302.22
2026/02/04 19:50:28.819, 0, 4, 81920, 24, 59.03
2026/02/04 19:50:58.820, 91, 7021, 81920, 34, 216.81
2026/02/04 19:51:28.821, 26, 2697, 81920, 24, 71.77
2026/02/04 19:51:58.822, 0, 4, 81920, 25, 59.32
2026/02/04 19:52:28.823, 0, 4, 81920, 23, 58.96
2026/02/04 19:52:58.823, 0, 557, 81920, 25, 70.70
2026/02/04 19:53:28.824, 96, 5877, 81920, 41, 292.31
2026/02/04 19:53:58.824, 0, 4, 81920, 24, 59.03
2026/02/04 19:54:28.825, 91, 7151, 81920, 35, 204.64
2026/02/04 19:54:58.826, 24, 2697, 81920, 24, 71.53
2026/02/04 19:55:28.826, 0, 4, 81920, 25, 59.61
2026/02/04 19:55:58.827, 0, 4, 81920, 23, 59.03
2026/02/04 19:56:28.828, 0, 557, 81920, 26, 70.94
2026/02/04 19:56:58.829, 97, 5643, 81920, 41, 260.78
2026/02/04 19:57:28.829, 0, 4, 81920, 24, 59.32
2026/02/04 19:57:58.830, 0, 4, 81920, 24, 59.03
2026/02/04 19:58:28.831, 0, 4, 81920, 24, 59.03
2026/02/04 19:58:58.831, 0, 557, 81920, 26, 70.94
2026/02/04 19:59:28.832, 97, 5575, 81920, 41, 306.53
2026/02/04 19:59:58.833, 0, 4, 81920, 24, 59.32
2026/02/04 20:00:28.833, 0, 3043, 81920, 24, 70.17
2026/02/04 20:00:58.835, 0, 557, 81920, 25, 70.33
2026/02/04 20:01:28.836, 0, 4, 81920, 26, 59.61
2026/02/04 20:01:58.836, 0, 4, 81920, 23, 59.03
2026/02/04 20:02:28.837, 0, 557, 81920, 27, 79.57
2026/02/04 20:02:58.838, 97, 5803, 81920, 40, 304.76
2026/02/04 20:03:28.838, 0, 4, 81920, 24, 59.03
2026/02/04 20:03:58.838, 0, 4, 81920, 23, 59.03
2026/02/04 20:04:28.839, 0, 557, 81920, 25, 70.41
2026/02/04 20:04:58.840, 7, 5777, 81920, 32, 82.87
2026/02/04 20:05:28.841, 0, 4, 81920, 24, 59.03
2026/02/04 20:05:58.841, 92, 7007, 81920, 34, 233.83
2026/02/04 20:06:28.842, 0, 557, 81920, 24, 70.17
2026/02/04 20:06:58.843, 0, 4, 81920, 25, 59.32
2026/02/04 20:07:28.844, 0, 4, 81920, 23, 59.03
2026/02/04 20:07:58.845, 0, 557, 81920, 26, 70.70
2026/02/04 20:08:28.845, 97, 5813, 81920, 40, 305.82
2026/02/04 20:08:58.846, 0, 4, 81920, 24, 59.32
2026/02/04 20:09:28.847, 0, 4, 81920, 23, 59.03
2026/02/04 20:09:58.848, 0, 557, 81920, 25, 70.41
2026/02/04 20:10:28.849, 7, 555, 81920, 30, 85.79
2026/02/04 20:10:58.849, 0, 4, 81920, 24, 59.03
2026/02/04 20:11:28.850, 7, 557, 81920, 28, 80.72
2026/02/04 20:11:58.851, 97, 5751, 81920, 39, 251.38
2026/02/04 20:12:28.852, 0, 4, 81920, 24, 59.32
2026/02/04 20:12:58.853, 0, 4, 81920, 24, 59.03
2026/02/04 20:13:28.853, 0, 557, 81920, 25, 70.41
2026/02/04 20:13:58.854, 0, 519, 81920, 29, 81.46
2026/02/04 20:14:28.855, 0, 4, 81920, 24, 59.03
2026/02/04 20:14:58.856, 91, 7021, 81920, 34, 219.47
2026/02/04 20:15:28.857, 0, 777, 81920, 25, 70.41
2026/02/04 20:15:58.857, 0, 4, 81920, 25, 59.61
2026/02/04 20:16:28.858, 0, 4, 81920, 24, 59.03
2026/02/04 20:16:58.859, 0, 557, 81920, 26, 70.33
2026/02/04 20:17:28.860, 97, 5843, 81920, 41, 299.62
2026/02/04 20:17:58.861, 0, 4, 81920, 24, 59.03
2026/02/04 20:18:28.862, 100, 6909, 81920, 35, 308.53
2026/02/04 20:18:58.862, 0, 557, 81920, 24, 70.33
2026/02/04 20:19:28.863, 0, 4, 81920, 25, 59.61
2026/02/04 20:19:58.864, 0, 4, 81920, 23, 59.03
2026/02/04 20:20:28.864, 0, 557, 81920, 26, 70.41
2026/02/04 20:20:58.865, 97, 5803, 81920, 41, 291.24
2026/02/04 20:21:28.866, 0, 4, 81920, 24, 59.32
2026/02/04 20:21:58.866, 5, 2609, 81920, 24, 70.17
2026/02/04 20:22:28.867, 0, 557, 81920, 25, 70.70
2026/02/04 20:22:58.867, 0, 4, 81920, 27, 60.14
2026/02/04 20:23:28.868, 0, 4, 81920, 24, 59.32
2026/02/04 20:23:58.869, 91, 7151, 81920, 35, 219.47
2026/02/04 20:24:28.870, 100, 5833, 81920, 36, 303.29
2026/02/04 20:24:58.871, 0, 4, 81920, 25, 59.32
2026/02/04 20:25:28.871, 0, 4, 81920, 24, 59.03
2026/02/04 20:25:58.872, 0, 4, 81920, 23, 59.03
2026/02/04 20:26:28.873, 66, 557, 81920, 27, 80.97
2026/02/04 20:26:58.873, 97, 5813, 81920, 40, 304.47
2026/02/04 20:27:28.874, 0, 4, 81920, 25, 59.32
2026/02/04 20:27:58.874, 0, 4, 81920, 24, 59.03
2026/02/04 20:28:28.874, 0, 557, 81920, 25, 70.33
2026/02/04 20:28:58.875, 0, 555, 81920, 30, 81.70
2026/02/04 20:29:28.876, 0, 4, 81920, 24, 59.32
2026/02/04 20:29:58.877, 92, 7007, 81920, 35, 212.20
2026/02/04 20:30:28.877, 98, 5731, 81920, 30, 234.90
2026/02/04 20:30:58.878, 0, 4, 81920, 25, 59.61
2026/02/04 20:31:28.879, 0, 4, 81920, 24, 59.03
2026/02/04 20:31:58.880, 0, 557, 81920, 26, 70.70
2026/02/04 20:32:28.881, 97, 5765, 81920, 41, 287.47
2026/02/04 20:32:58.881, 0, 4, 81920, 24, 59.03
2026/02/04 20:33:28.882, 100, 7107, 81920, 34, 308.53
2026/02/04 20:33:58.883, 0, 557, 81920, 25, 70.17
2026/02/04 20:34:28.883, 0, 4, 81920, 26, 59.61
2026/02/04 20:34:58.884, 0, 4, 81920, 24, 59.03
2026/02/04 20:35:28.884, 0, 557, 81920, 25, 70.41
2026/02/04 20:35:58.885, 97, 5719, 81920, 41, 300.87
2026/02/04 20:36:28.885, 0, 4, 81920, 24, 59.03
2026/02/04 20:36:58.886, 100, 7237, 81920, 36, 305.71
2026/02/04 20:37:28.886, 0, 557, 81920, 24, 70.17
2026/02/04 20:37:58.887, 0, 4, 81920, 25, 59.61
2026/02/04 20:38:28.887, 0, 4, 81920, 24, 59.03
2026/02/04 20:38:58.888, 0, 557, 81920, 26, 70.70
2026/02/04 20:39:28.889, 97, 5735, 81920, 41, 301.22
2026/02/04 20:39:58.889, 0, 4, 81920, 24, 59.03
2026/02/04 20:40:28.890, 90, 6989, 81920, 34, 221.12
2026/02/04 20:40:58.891, 0, 557, 81920, 24, 70.17
2026/02/04 20:41:28.891, 0, 4, 81920, 25, 59.61
2026/02/04 20:41:58.892, 0, 4, 81920, 23, 59.03
2026/02/04 20:42:28.893, 0, 557, 81920, 25, 70.41
2026/02/04 20:42:58.894, 97, 5731, 81920, 41, 301.22
2026/02/04 20:43:28.894, 0, 4, 81920, 24, 59.03
2026/02/04 20:43:58.895, 3, 3043, 81920, 24, 70.17
2026/02/04 20:44:28.896, 0, 557, 81920, 25, 70.41
2026/02/04 20:44:58.896, 0, 4, 81920, 26, 59.85
2026/02/04 20:45:28.903, 0, 4, 81920, 24, 59.03
2026/02/04 20:45:58.903, 0, 557, 81920, 26, 70.70
2026/02/04 20:46:28.904, 97, 5865, 81920, 40, 306.35
2026/02/04 20:46:58.905, 0, 4, 81920, 24, 59.03
2026/02/04 20:47:28.906, 0, 4, 81920, 23, 59.03
2026/02/04 20:47:58.906, 0, 557, 81920, 24, 70.41
2026/02/04 20:48:28.906, 0, 4, 81920, 28, 71.24
2026/02/04 20:48:58.907, 0, 4, 81920, 23, 59.03
2026/02/04 20:49:28.907, 91, 7071, 81920, 35, 223.84
2026/02/04 20:49:58.907, 8, 2697, 81920, 24, 70.17
2026/02/04 20:50:28.908, 0, 4, 81920, 25, 59.32
2026/02/04 20:50:58.909, 0, 4, 81920, 24, 59.03
2026/02/04 20:51:28.909, 0, 4, 81920, 24, 59.03
2026/02/04 20:51:58.910, 70, 7005, 81920, 33, 197.59
2026/02/04 20:52:28.910, 0, 557, 81920, 24, 70.41
2026/02/04 20:52:58.911, 0, 4, 81920, 25, 59.61
2026/02/04 20:53:28.912, 0, 4, 81920, 24, 59.03
2026/02/04 20:53:58.912, 0, 557, 81920, 25, 70.33
2026/02/04 20:54:28.913, 97, 5835, 81920, 41, 302.33
2026/02/04 20:54:58.914, 0, 4, 81920, 24, 59.03
2026/02/04 20:55:28.914, 92, 7021, 81920, 34, 230.82
2026/02/04 20:55:58.914, 5, 1265, 81920, 24, 71.69
2026/02/04 20:56:28.915, 0, 4, 81920, 25, 59.32
2026/02/04 20:56:58.916, 0, 4, 81920, 23, 59.03
2026/02/04 20:57:28.916, 0, 557, 81920, 25, 70.33
2026/02/04 20:57:58.916, 97, 5687, 81920, 41, 306.82
2026/02/04 20:58:28.917, 0, 4, 81920, 24, 59.03
2026/02/04 20:58:58.918, 91, 7037, 81920, 34, 200.31
2026/02/04 20:59:28.918, 0, 2697, 81920, 24, 69.87
2026/02/04 20:59:58.919, 0, 4, 81920, 25, 59.32
2026/02/04 21:00:28.919, 0, 4, 81920, 23, 59.03
2026/02/04 21:00:58.920, 0, 557, 81920, 26, 70.62
2026/02/04 21:01:28.921, 97, 5731, 81920, 41, 306.53
2026/02/04 21:01:58.922, 0, 4, 81920, 24, 59.03
2026/02/04 21:02:28.923, 0, 4, 81920, 24, 59.03
2026/02/04 21:02:58.924, 0, 557, 81920, 25, 70.41
2026/02/04 21:03:28.925, 0, 555, 81920, 30, 81.80
2026/02/04 21:03:58.925, 0, 4, 81920, 24, 59.03
2026/02/04 21:04:28.926, 7, 7089, 81920, 29, 82.09
2026/02/04 21:04:58.926, 97, 5785, 81920, 40, 295.55
2026/02/04 21:05:28.927, 0, 4, 81920, 25, 59.32
2026/02/04 21:05:58.928, 0, 4, 81920, 24, 59.03
2026/02/04 21:06:28.929, 0, 557, 81920, 25, 70.17
2026/02/04 21:06:58.929, 0, 4, 81920, 28, 71.53
2026/02/04 21:07:28.930, 0, 4, 81920, 24, 59.03
2026/02/04 21:07:58.931, 0, 557, 81920, 27, 79.81
2026/02/04 21:08:28.932, 97, 5607, 81920, 39, 255.41
2026/02/04 21:08:58.932, 0, 4, 81920, 24, 59.03
2026/02/04 21:09:28.933, 0, 2609, 81920, 24, 70.33
2026/02/04 21:09:58.933, 0, 557, 81920, 25, 70.41
2026/02/04 21:10:28.934, 0, 4, 81920, 27, 60.14
2026/02/04 21:10:58.935, 0, 4, 81920, 24, 59.03
2026/02/04 21:11:28.935, 7, 7141, 81920, 29, 82.34
2026/02/04 21:11:58.935, 96, 5829, 81920, 39, 262.67
2026/02/04 21:12:28.936, 0, 4, 81920, 24, 59.32
2026/02/04 21:12:58.937, 0, 4, 81920, 23, 59.03
2026/02/04 21:13:28.938, 0, 557, 81920, 25, 70.09
2026/02/04 21:13:58.938, 0, 555, 81920, 29, 81.17
2026/02/04 21:14:28.939, 0, 4, 81920, 24, 59.03
2026/02/04 21:14:58.939, 61, 7023, 81920, 30, 83.16
2026/02/04 21:15:28.939, 97, 5739, 81920, 38, 284.51
2026/02/04 21:15:58.940, 0, 4, 81920, 24, 59.32
2026/02/04 21:16:28.940, 0, 4, 81920, 24, 59.03
2026/02/04 21:16:58.941, 0, 557, 81920, 25, 70.41
2026/02/04 21:17:28.941, 96, 5859, 81920, 34, 82.63
2026/02/04 21:17:58.942, 0, 4, 81920, 24, 59.03
2026/02/04 21:18:28.943, 0, 4, 81920, 23, 59.03
2026/02/04 21:18:58.946, 0, 4, 81920, 23, 59.03
2026/02/04 21:19:28.946, 0, 557, 81920, 25, 70.41
2026/02/04 21:19:58.946, 7, 5793, 81920, 31, 82.77
2026/02/04 21:20:28.947, 0, 4, 81920, 24, 59.03
2026/02/04 21:20:58.948, 91, 7139, 81920, 35, 232.18
2026/02/04 21:21:28.949, 0, 2697, 81920, 24, 70.41
2026/02/04 21:21:58.949, 0, 4, 81920, 25, 59.32
2026/02/04 21:22:28.950, 0, 4, 81920, 24, 59.03
2026/02/04 21:22:58.951, 0, 557, 81920, 26, 70.70
2026/02/04 21:23:28.951, 97, 5707, 81920, 41, 307.18
2026/02/04 21:23:58.952, 0, 4, 81920, 25, 59.32
2026/02/04 21:24:28.957, 0, 4, 81920, 24, 59.32
2026/02/04 21:24:58.958, 0, 557, 81920, 25, 70.94
2026/02/04 21:25:28.959, 0, 555, 81920, 30, 81.80
2026/02/04 21:25:58.960, 0, 4, 81920, 24, 59.32
2026/02/04 21:26:28.960, 91, 7139, 81920, 36, 219.47
2026/02/04 21:26:58.960, 100, 5829, 81920, 38, 322.82
2026/02/04 21:27:28.961, 0, 4, 81920, 25, 59.32
2026/02/04 21:27:58.961, 0, 4, 81920, 24, 59.03
2026/02/04 21:28:28.961, 0, 557, 81920, 25, 70.33
2026/02/04 21:28:58.962, 97, 5623, 81920, 42, 258.89
2026/02/04 21:29:28.962, 0, 4, 81920, 24, 59.32
2026/02/04 21:29:58.963, 91, 7089, 81920, 36, 205.99
2026/02/04 21:30:28.963, 100, 5799, 81920, 38, 306.82
2026/02/04 21:30:58.964, 0, 4, 81920, 25, 59.32
2026/02/04 21:31:28.965, 0, 4, 81920, 24, 59.03
2026/02/04 21:31:58.965, 0, 557, 81920, 25, 70.70
2026/02/04 21:32:28.966, 97, 5735, 81920, 42, 282.91
2026/02/04 21:32:58.967, 0, 4, 81920, 24, 59.03
2026/02/04 21:33:28.967, 90, 7015, 81920, 35, 231.35
2026/02/04 21:33:58.968, 100, 5735, 81920, 37, 313.54
2026/02/04 21:34:28.969, 0, 4, 81920, 25, 59.32
2026/02/04 21:34:58.969, 0, 4, 81920, 24, 59.32
2026/02/04 21:35:28.970, 0, 557, 81920, 25, 70.70
2026/02/04 21:35:58.970, 69, 5719, 81920, 34, 83.36
2026/02/04 21:36:28.970, 0, 4, 81920, 24, 59.32
2026/02/04 21:36:58.971, 34, 6951, 81920, 31, 83.36
2026/02/04 21:37:28.971, 97, 5685, 81920, 39, 267.80
2026/02/04 21:37:58.972, 0, 4, 81920, 24, 59.32
2026/02/04 21:38:28.972, 0, 4, 81920, 23, 59.03
2026/02/04 21:38:58.973, 0, 557, 81920, 25, 70.33
2026/02/04 21:39:28.974, 57, 5779, 81920, 33, 83.06
2026/02/04 21:39:58.974, 0, 4, 81920, 23, 59.03
2026/02/04 21:40:28.975, 91, 6975, 81920, 34, 233.83
2026/02/04 21:40:58.976, 100, 5707, 81920, 36, 303.11
2026/02/04 21:41:28.977, 0, 4, 81920, 24, 59.32
2026/02/04 21:41:58.978, 0, 4, 81920, 23, 58.71
2026/02/04 21:42:28.978, 0, 4, 81920, 23, 58.78
2026/02/04 21:42:58.979, 7, 7009, 81920, 28, 81.17
2026/02/04 21:43:28.980, 97, 5713, 81920, 38, 305.29
2026/02/04 21:43:58.980, 0, 4, 81920, 24, 59.03
2026/02/04 21:44:28.981, 0, 4, 81920, 23, 58.78
2026/02/04 21:44:58.981, 0, 557, 81920, 24, 70.09
2026/02/04 21:45:28.982, 97, 5745, 81920, 41, 300.44
2026/02/04 21:45:58.982, 0, 4, 81920, 23, 59.03
2026/02/04 21:46:28.983, 0, 3043, 81920, 24, 69.79
2026/02/04 21:46:58.984, 0, 557, 81920, 24, 70.17
2026/02/04 21:47:28.985, 0, 4, 81920, 26, 59.61
2026/02/04 21:47:58.987, 0, 4, 81920, 24, 59.03
2026/02/04 21:48:28.988, 91, 6985, 81920, 35, 230.58
2026/02/04 21:48:58.988, 100, 5707, 81920, 37, 329.02
2026/02/04 21:49:28.989, 0, 4, 81920, 25, 59.32
2026/02/04 21:49:58.990, 0, 4, 81920, 24, 59.03
2026/02/04 21:50:28.991, 0, 557, 81920, 25, 70.41
2026/02/04 21:50:58.992, 95, 5731, 81920, 40, 305.00
2026/02/04 21:51:28.992, 0, 4, 81920, 24, 59.32
2026/02/04 21:51:58.992, 91, 7123, 81920, 35, 229.22
2026/02/04 21:52:28.993, 100, 5813, 81920, 37, 306.06
2026/02/04 21:52:58.994, 0, 4, 81920, 24, 59.32
2026/02/04 21:53:28.995, 0, 4, 81920, 23, 59.03
2026/02/04 21:53:58.995, 0, 557, 81920, 25, 70.70
2026/02/04 21:54:28.996, 97, 5779, 81920, 41, 288.29
2026/02/04 21:54:58.997, 0, 4, 81920, 24, 59.03
2026/02/04 21:55:28.997, 0, 6971, 81920, 27, 188.12
2026/02/04 21:55:58.998, 0, 557, 81920, 25, 70.09
2026/02/04 21:56:28.999, 0, 4, 81920, 26, 59.85
2026/02/04 21:56:59.000, 0, 4, 81920, 24, 59.03
2026/02/04 21:57:29.000, 0, 557, 81920, 26, 70.94
2026/02/04 21:57:59.001, 97, 5739, 81920, 41, 287.22
2026/02/04 21:58:29.002, 0, 4, 81920, 24, 59.32
2026/02/04 21:58:59.002, 0, 2609, 81920, 24, 69.87
2026/02/04 21:59:29.002, 0, 557, 81920, 24, 70.41
2026/02/04 21:59:59.003, 0, 4, 81920, 27, 60.14
2026/02/04 22:00:29.004, 0, 4, 81920, 24, 59.03
2026/02/04 22:00:59.005, 91, 7019, 81920, 35, 218.16
2026/02/04 22:01:29.006, 100, 5739, 81920, 37, 307.96
2026/02/04 22:01:59.007, 0, 4, 81920, 25, 59.61
2026/02/04 22:02:29.008, 0, 4, 81920, 24, 59.32
2026/02/04 22:02:59.008, 0, 557, 81920, 26, 70.94
2026/02/04 22:03:29.009, 97, 5677, 81920, 42, 305.53
2026/02/04 22:03:59.010, 0, 4, 81920, 24, 59.32
2026/02/04 22:04:29.010, 100, 6911, 81920, 36, 316.04
2026/02/04 22:04:59.011, 0, 557, 81920, 25, 70.41
2026/02/04 22:05:29.012, 0, 4, 81920, 26, 59.61
2026/02/04 22:05:59.012, 0, 4, 81920, 24, 59.03
2026/02/04 22:06:29.013, 0, 4, 81920, 24, 59.03
2026/02/04 22:06:59.013, 91, 6955, 81920, 34, 208.42
2026/02/04 22:07:29.014, 0, 557, 81920, 25, 70.41
2026/02/04 22:07:59.014, 0, 4, 81920, 25, 59.61
2026/02/04 22:08:29.015, 0, 4, 81920, 24, 59.03
2026/02/04 22:08:59.015, 0, 557, 81920, 26, 70.41
2026/02/04 22:09:29.015, 97, 5769, 81920, 41, 300.98
2026/02/04 22:09:59.016, 0, 4, 81920, 24, 59.32
2026/02/04 22:10:29.016, 0, 6879, 81920, 24, 70.17
2026/02/04 22:10:59.017, 0, 557, 81920, 25, 70.17
2026/02/04 22:11:29.018, 0, 4, 81920, 26, 59.85
2026/02/04 22:11:59.022, 0, 4, 81920, 24, 59.32
2026/02/04 22:12:29.023, 0, 557, 81920, 26, 71.24
2026/02/04 22:12:59.024, 97, 5747, 81920, 41, 257.53
2026/02/04 22:13:29.025, 0, 4, 81920, 25, 59.32
2026/02/04 22:13:59.025, 25, 2609, 81920, 25, 70.41
2026/02/04 22:14:29.026, 0, 557, 81920, 25, 70.41
2026/02/04 22:14:59.027, 0, 4, 81920, 27, 60.39
2026/02/04 22:15:29.028, 0, 4, 81920, 24, 59.03
2026/02/04 22:15:59.028, 0, 557, 81920, 27, 80.10
2026/02/04 22:16:29.029, 97, 5655, 81920, 40, 302.05
2026/02/04 22:16:59.029, 0, 4, 81920, 24, 59.32
2026/02/04 22:17:29.030, 0, 4, 81920, 23, 59.03
2026/02/04 22:17:59.030, 0, 557, 81920, 25, 70.09
2026/02/04 22:18:29.031, 0, 4, 81920, 28, 71.53
2026/02/04 22:18:59.032, 0, 4, 81920, 23, 59.03
2026/02/04 22:19:29.033, 68, 557, 81920, 27, 80.63
2026/02/04 22:19:59.033, 97, 5813, 81920, 39, 289.89
2026/02/04 22:20:29.034, 0, 4, 81920, 24, 59.32
2026/02/04 22:20:59.035, 0, 4, 81920, 24, 59.03
2026/02/04 22:21:29.036, 0, 557, 81920, 25, 70.41
2026/02/04 22:21:59.036, 7, 5569, 81920, 32, 83.46
2026/02/04 22:22:29.037, 0, 4, 81920, 24, 59.03
2026/02/04 22:22:59.037, 69, 7071, 81920, 34, 224.91
2026/02/04 22:23:29.041, 0, 557, 81920, 24, 70.17
2026/02/04 22:23:59.042, 0, 4, 81920, 25, 59.61
2026/02/04 22:24:29.043, 0, 4, 81920, 23, 58.78
2026/02/04 22:24:59.044, 0, 557, 81920, 26, 70.70
2026/02/04 22:25:29.044, 97, 5571, 81920, 40, 306.00
2026/02/04 22:25:59.045, 0, 4, 81920, 24, 59.03
2026/02/04 22:26:29.046, 0, 3043, 81920, 24, 70.17
2026/02/04 22:26:59.047, 0, 557, 81920, 25, 70.17
2026/02/04 22:27:29.048, 0, 4, 81920, 26, 59.85
2026/02/04 22:27:59.048, 0, 4, 81920, 23, 59.03
2026/02/04 22:28:29.049, 7, 863, 81920, 28, 80.63
2026/02/04 22:28:59.049, 97, 5717, 81920, 39, 299.62
2026/02/04 22:29:29.050, 0, 4, 81920, 24, 59.32
2026/02/04 22:29:59.051, 7, 1141, 81920, 24, 71.53
2026/02/04 22:30:29.052, 0, 557, 81920, 24, 70.17
2026/02/04 22:30:59.053, 0, 4, 81920, 27, 60.39
2026/02/04 22:31:29.053, 0, 4, 81920, 24, 59.03
2026/02/04 22:31:59.054, 0, 4, 81920, 23, 59.03
2026/02/04 22:32:29.055, 100, 6943, 81920, 32, 309.84
2026/02/04 22:32:59.055, 0, 557, 81920, 25, 70.41
2026/02/04 22:33:29.056, 0, 4, 81920, 26, 59.61
2026/02/04 22:33:59.057, 0, 4, 81920, 24, 59.03
2026/02/04 22:34:29.058, 0, 557, 81920, 25, 70.70
2026/02/04 22:34:59.058, 97, 5703, 81920, 41, 249.73
2026/02/04 22:35:29.059, 0, 4, 81920, 24, 59.03
2026/02/04 22:35:59.059, 0, 3043, 81920, 24, 70.41
2026/02/04 22:36:29.062, 0, 557, 81920, 25, 70.33
2026/02/04 22:36:59.063, 0, 4, 81920, 26, 59.85
2026/02/04 22:37:29.063, 0, 4, 81920, 24, 59.03
2026/02/04 22:37:59.063, 0, 557, 81920, 26, 70.86
2026/02/04 22:38:29.064, 97, 5653, 81920, 40, 306.35
2026/02/04 22:38:59.064, 0, 4, 81920, 24, 59.03
2026/02/04 22:39:29.064, 26, 6871, 81920, 28, 227.33
2026/02/04 22:39:59.065, 0, 557, 81920, 24, 70.41
2026/02/04 22:40:29.066, 0, 4, 81920, 26, 59.61
2026/02/04 22:40:59.067, 0, 4, 81920, 23, 59.03
2026/02/04 22:41:29.067, 0, 557, 81920, 26, 70.62
2026/02/04 22:41:59.068, 97, 5707, 81920, 40, 306.82
2026/02/04 22:42:29.069, 0, 4, 81920, 24, 58.96
2026/02/04 22:42:59.070, 100, 6805, 81920, 32, 310.07
2026/02/04 22:43:29.071, 0, 557, 81920, 24, 70.17
2026/02/04 22:43:59.072, 0, 4, 81920, 25, 59.61
2026/02/04 22:44:29.073, 0, 4, 81920, 23, 59.03
2026/02/04 22:44:59.073, 0, 557, 81920, 26, 70.62
2026/02/04 22:45:29.074, 97, 5587, 81920, 41, 250.80
2026/02/04 22:45:59.074, 0, 4, 81920, 24, 59.32
2026/02/04 22:46:29.075, 0, 4, 81920, 24, 59.03
2026/02/04 22:46:59.078, 0, 557, 81920, 25, 70.41
2026/02/04 22:47:29.079, 0, 4, 81920, 28, 71.45
2026/02/04 22:47:59.080, 0, 4, 81920, 24, 59.03
2026/02/04 22:48:29.080, 91, 6901, 81920, 34, 234.86
2026/02/04 22:48:59.081, 10, 2697, 81920, 25, 71.53
2026/02/04 22:49:29.082, 0, 4, 81920, 25, 59.61
2026/02/04 22:49:59.082, 0, 4, 81920, 24, 59.03
2026/02/04 22:50:29.083, 0, 557, 81920, 25, 70.33
2026/02/04 22:50:59.084, 97, 5739, 81920, 42, 305.18
2026/02/04 22:51:29.084, 0, 4, 81920, 24, 59.03
2026/02/04 22:51:59.085, 91, 6903, 81920, 35, 203.57
2026/02/04 22:52:29.086, 15, 2697, 81920, 25, 71.45
2026/02/04 22:52:59.087, 0, 4, 81920, 25, 59.61
2026/02/04 22:53:29.087, 0, 4, 81920, 24, 59.03
2026/02/04 22:53:59.087, 0, 557, 81920, 25, 70.33
2026/02/04 22:54:29.088, 97, 5669, 81920, 41, 288.25
2026/02/04 22:54:59.089, 0, 4, 81920, 24, 58.96
2026/02/04 22:55:29.089, 0, 4, 81920, 23, 58.96
2026/02/04 22:55:59.090, 0, 4, 81920, 23, 58.78
2026/02/04 22:56:29.091, 0, 557, 81920, 25, 70.41
2026/02/04 22:56:59.091, 97, 5703, 81920, 42, 266.68
2026/02/04 22:57:29.092, 0, 4, 81920, 24, 59.03
2026/02/04 22:57:59.093, 100, 6927, 81920, 36, 309.77
2026/02/04 22:58:29.094, 0, 557, 81920, 25, 70.33
2026/02/04 22:58:59.094, 0, 4, 81920, 26, 59.61
2026/02/04 22:59:29.095, 0, 4, 81920, 24, 59.03
2026/02/04 22:59:59.096, 0, 557, 81920, 27, 80.10
2026/02/04 23:00:29.097, 97, 5601, 81920, 40, 306.82
2026/02/04 23:00:59.098, 0, 4, 81920, 24, 59.25
2026/02/04 23:01:29.099, 0, 4, 81920, 23, 59.03
2026/02/04 23:01:59.099, 0, 557, 81920, 25, 70.33
2026/02/04 23:02:29.100, 97, 5703, 81920, 41, 257.82
2026/02/04 23:02:59.101, 0, 4, 81920, 24, 58.96
2026/02/04 23:03:29.102, 100, 7041, 81920, 36, 341.56
2026/02/04 23:03:59.103, 0, 557, 81920, 25, 70.09
2026/02/04 23:04:29.104, 0, 4, 81920, 25, 59.61
2026/02/04 23:04:59.105, 0, 4, 81920, 24, 59.03
2026/02/04 23:05:29.109, 0, 557, 81920, 26, 70.94
2026/02/04 23:05:59.109, 97, 5623, 81920, 41, 306.53
2026/02/04 23:06:29.110, 0, 4, 81920, 24, 59.03
2026/02/04 23:06:59.110, 87, 6893, 81920, 31, 299.33
2026/02/04 23:07:29.112, 0, 557, 81920, 25, 70.17
2026/02/04 23:07:59.112, 0, 4, 81920, 26, 59.61
2026/02/04 23:08:29.113, 0, 4, 81920, 24, 59.03
2026/02/04 23:08:59.114, 0, 557, 81920, 26, 70.86
2026/02/04 23:09:29.115, 97, 5655, 81920, 42, 305.71
2026/02/04 23:09:59.116, 0, 4, 81920, 25, 59.32
2026/02/04 23:10:29.116, 91, 6837, 81920, 35, 211.38
2026/02/04 23:10:59.117, 0, 557, 81920, 25, 70.33
2026/02/04 23:11:29.118, 0, 4, 81920, 25, 59.54
2026/02/04 23:11:59.118, 0, 4, 81920, 24, 59.03
2026/02/04 23:12:29.121, 0, 557, 81920, 25, 70.33
2026/02/04 23:12:59.121, 97, 5427, 81920, 41, 303.05
2026/02/04 23:13:29.122, 0, 4, 81920, 24, 59.25
2026/02/04 23:13:59.123, 1, 3041, 81920, 24, 70.17
2026/02/04 23:14:29.124, 0, 557, 81920, 25, 70.70
2026/02/04 23:14:59.124, 0, 4, 81920, 26, 59.85
2026/02/04 23:15:29.125, 0, 4, 81920, 24, 59.03
2026/02/04 23:15:59.126, 0, 557, 81920, 26, 70.62
2026/02/04 23:16:29.126, 97, 5621, 81920, 41, 304.93
2026/02/04 23:16:59.127, 0, 4, 81920, 24, 59.25
2026/02/04 23:17:29.127, 0, 3043, 81920, 24, 70.33
2026/02/04 23:17:59.129, 0, 557, 81920, 25, 70.33
2026/02/04 23:18:29.130, 0, 4, 81920, 26, 59.78
2026/02/04 23:18:59.131, 0, 4, 81920, 24, 58.96
2026/02/04 23:19:29.131, 0, 557, 81920, 26, 70.86
2026/02/04 23:19:59.132, 97, 5699, 81920, 41, 297.20
2026/02/04 23:20:29.133, 0, 4, 81920, 24, 59.32
2026/02/04 23:20:59.133, 0, 4, 81920, 24, 58.96
2026/02/04 23:21:29.134, 0, 4, 81920, 24, 58.96
2026/02/04 23:21:59.135, 0, 557, 81920, 27, 80.10
2026/02/04 23:22:29.135, 97, 5623, 81920, 40, 306.53
2026/02/04 23:22:59.136, 0, 4, 81920, 24, 59.25
2026/02/04 23:23:29.136, 0, 4, 81920, 23, 58.96
2026/02/04 23:23:59.137, 0, 557, 81920, 25, 70.17
2026/02/04 23:24:29.138, 97, 5617, 81920, 41, 286.11
2026/02/04 23:24:59.139, 0, 4, 81920, 23, 59.03
2026/02/04 23:25:29.140, 91, 6849, 81920, 35, 214.09
2026/02/04 23:25:59.140, 100, 5607, 81920, 37, 310.07
2026/02/04 23:26:29.141, 0, 4, 81920, 24, 59.25
2026/02/04 23:26:59.142, 0, 4, 81920, 23, 59.03
2026/02/04 23:27:29.143, 0, 557, 81920, 25, 70.62
2026/02/04 23:27:59.143, 97, 5669, 81920, 41, 306.35
2026/02/04 23:28:29.143, 0, 4, 81920, 24, 59.03
2026/02/04 23:28:59.144, 61, 6785, 81920, 32, 220.59
2026/02/04 23:29:29.145, 0, 557, 81920, 24, 70.17
2026/02/04 23:29:59.145, 0, 4, 81920, 25, 59.32
2026/02/04 23:30:29.146, 0, 4, 81920, 23, 59.03
2026/02/04 23:30:59.147, 0, 557, 81920, 27, 80.10
2026/02/04 23:31:29.147, 97, 5785, 81920, 39, 289.84
2026/02/04 23:31:59.148, 0, 4, 81920, 24, 59.03
2026/02/04 23:32:29.149, 0, 4, 81920, 23, 59.03
2026/02/04 23:32:59.149, 0, 557, 81920, 24, 70.09
2026/02/04 23:33:29.150, 6, 555, 81920, 30, 85.49
2026/02/04 23:33:59.151, 0, 4, 81920, 23, 59.03
2026/02/04 23:34:29.151, 3, 6905, 81920, 29, 82.00
2026/02/04 23:34:59.152, 97, 5651, 81920, 38, 298.21
2026/02/04 23:35:29.153, 0, 4, 81920, 24, 58.96
2026/02/04 23:35:59.154, 0, 4, 81920, 23, 58.71
2026/02/04 23:36:29.154, 0, 557, 81920, 24, 70.41
2026/02/04 23:36:59.155, 0, 555, 81920, 29, 81.46
2026/02/04 23:37:29.155, 0, 4, 81920, 23, 59.03
2026/02/04 23:37:59.156, 91, 6869, 81920, 35, 228.69
2026/02/04 23:38:29.156, 96, 5621, 81920, 39, 317.32
2026/02/04 23:38:59.157, 0, 4, 81920, 25, 59.32
2026/02/04 23:39:29.160, 0, 4, 81920, 24, 58.96
2026/02/04 23:39:59.161, 0, 557, 81920, 25, 70.62
2026/02/04 23:40:29.162, 56, 555, 81920, 31, 81.70
2026/02/04 23:40:59.163, 0, 4, 81920, 24, 59.25
2026/02/04 23:41:29.163, 91, 6645, 81920, 36, 213.02
2026/02/04 23:41:59.163, 100, 5451, 81920, 38, 325.11
2026/02/04 23:42:29.164, 0, 4, 81920, 25, 59.54
2026/02/04 23:42:59.165, 0, 4, 81920, 24, 59.03
2026/02/04 23:43:29.165, 0, 557, 81920, 25, 70.33
2026/02/04 23:43:59.165, 97, 5579, 81920, 42, 304.11
2026/02/04 23:44:29.165, 0, 4, 81920, 24, 59.03
2026/02/04 23:44:59.166, 91, 6799, 81920, 35, 230.82
2026/02/04 23:45:29.167, 100, 5575, 81920, 35, 308.24
2026/02/04 23:45:59.168, 0, 4, 81920, 25, 59.32
2026/02/04 23:46:29.169, 0, 4, 81920, 24, 59.03
2026/02/04 23:46:59.170, 0, 4, 81920, 24, 59.03
2026/02/04 23:47:29.171, 90, 6975, 81920, 35, 232.71
2026/02/04 23:47:59.171, 100, 5683, 81920, 37, 298.27
2026/02/04 23:48:29.172, 0, 4, 81920, 25, 59.25
2026/02/04 23:48:59.173, 0, 4, 81920, 24, 59.03
2026/02/04 23:49:29.173, 0, 557, 81920, 25, 70.09
2026/02/04 23:49:59.174, 7, 555, 81920, 30, 85.20
2026/02/04 23:50:29.175, 0, 4, 81920, 24, 59.03
2026/02/04 23:50:59.176, 91, 7123, 81920, 35, 209.24
2026/02/04 23:51:29.176, 99, 5813, 81920, 38, 313.62
2026/02/04 23:51:59.177, 0, 4, 81920, 25, 59.32
2026/02/04 23:52:29.179, 0, 4, 81920, 24, 59.03
2026/02/04 23:52:59.179, 0, 557, 81920, 25, 70.41
2026/02/04 23:53:29.180, 0, 555, 81920, 30, 81.70
2026/02/04 23:53:59.180, 0, 4, 81920, 24, 59.32
2026/02/04 23:54:29.181, 7, 7125, 81920, 28, 82.09
2026/02/04 23:54:59.182, 97, 5813, 81920, 39, 281.80
2026/02/04 23:55:29.183, 0, 4, 81920, 25, 59.32
2026/02/04 23:55:59.183, 25, 2609, 81920, 24, 69.79
2026/02/04 23:56:29.184, 0, 557, 81920, 25, 70.41
2026/02/04 23:56:59.185, 0, 4, 81920, 27, 60.39
2026/02/04 23:57:29.186, 0, 4, 81920, 24, 59.03
2026/02/04 23:57:59.186, 7, 7045, 81920, 28, 80.88
2026/02/04 23:58:29.186, 97, 5749, 81920, 40, 270.22
2026/02/04 23:58:59.187, 0, 4, 81920, 25, 59.32
2026/02/04 23:59:29.195, 0, 4, 81920, 24, 59.03
2026/02/04 23:59:59.195, 0, 557, 81920, 25, 70.33
2026/02/05 00:00:29.196, 71, 555, 81920, 30, 84.96
2026/02/05 00:00:59.197, 0, 4, 81920, 24, 59.03
2026/02/05 00:01:29.198, 3, 6889, 81920, 29, 82.24
2026/02/05 00:01:59.198, 97, 5641, 81920, 39, 289.64
2026/02/05 00:02:29.199, 0, 4, 81920, 24, 59.25
2026/02/05 00:02:59.199, 0, 4, 81920, 23, 58.78
2026/02/05 00:03:29.200, 0, 557, 81920, 25, 70.41
2026/02/05 00:03:59.201, 97, 5737, 81920, 41, 298.21
2026/02/05 00:04:29.202, 0, 4, 81920, 24, 58.96
2026/02/05 00:04:59.202, 100, 6769, 81920, 34, 309.84
2026/02/05 00:05:29.203, 0, 557, 81920, 24, 70.17
2026/02/05 00:05:59.203, 0, 4, 81920, 25, 59.61
2026/02/05 00:06:29.204, 0, 4, 81920, 23, 58.78
2026/02/05 00:06:59.205, 0, 557, 81920, 25, 70.33
2026/02/05 00:07:29.205, 97, 5779, 81920, 41, 304.47
2026/02/05 00:07:59.206, 0, 4, 81920, 23, 59.03
2026/02/05 00:08:29.206, 3, 3043, 81920, 24, 69.87
2026/02/05 00:08:59.207, 0, 557, 81920, 24, 70.41
2026/02/05 00:09:29.208, 0, 4, 81920, 26, 59.85
2026/02/05 00:09:59.209, 0, 4, 81920, 24, 59.03
2026/02/05 00:10:29.209, 0, 4, 81920, 23, 59.03
2026/02/05 00:10:59.210, 54, 7189, 81920, 34, 205.46
2026/02/05 00:11:29.210, 0, 557, 81920, 25, 70.41
2026/02/05 00:11:59.211, 0, 4, 81920, 25, 59.61
2026/02/05 00:12:29.212, 0, 4, 81920, 24, 59.03
2026/02/05 00:12:59.212, 0, 557, 81920, 26, 70.33
2026/02/05 00:13:29.212, 97, 5831, 81920, 40, 252.69
2026/02/05 00:13:59.213, 0, 4, 81920, 24, 59.03
2026/02/05 00:14:29.214, 0, 4, 81920, 23, 59.03
2026/02/05 00:14:59.215, 0, 557, 81920, 25, 70.17
2026/02/05 00:15:29.216, 6, 5845, 81920, 31, 82.53
2026/02/05 00:15:59.217, 0, 4, 81920, 24, 59.03
2026/02/05 00:16:29.218, 91, 7143, 81920, 34, 229.51
2026/02/05 00:16:59.218, 20, 2629, 81920, 24, 71.53
2026/02/05 00:17:29.219, 0, 4, 81920, 25, 59.32
2026/02/05 00:17:59.219, 0, 4, 81920, 23, 59.03
2026/02/05 00:18:29.219, 0, 557, 81920, 25, 70.33
2026/02/05 00:18:59.220, 97, 5689, 81920, 41, 306.00
2026/02/05 00:19:29.221, 0, 4, 81920, 24, 59.03
2026/02/05 00:19:59.221, 0, 3043, 81920, 24, 70.09
2026/02/05 00:20:29.222, 0, 557, 81920, 25, 70.41
2026/02/05 00:20:59.223, 0, 4, 81920, 26, 59.85
2026/02/05 00:21:29.227, 0, 4, 81920, 24, 59.03
2026/02/05 00:21:59.227, 0, 557, 81920, 26, 70.62
2026/02/05 00:22:29.227, 97, 5717, 81920, 41, 305.71
2026/02/05 00:22:59.228, 0, 4, 81920, 24, 59.25
2026/02/05 00:23:29.229, 0, 4, 81920, 24, 58.96
2026/02/05 00:23:59.229, 0, 557, 81920, 25, 70.33
2026/02/05 00:24:29.230, 0, 519, 81920, 29, 82.00
2026/02/05 00:24:59.231, 0, 4, 81920, 24, 59.25
2026/02/05 00:25:29.231, 91, 7107, 81920, 35, 204.10
2026/02/05 00:25:59.231, 100, 5801, 81920, 39, 297.39
2026/02/05 00:26:29.232, 0, 4, 81920, 25, 59.32
2026/02/05 00:26:59.232, 0, 4, 81920, 24, 59.03
2026/02/05 00:27:29.233, 0, 557, 81920, 25, 70.33
2026/02/05 00:27:59.233, 6, 5815, 81920, 33, 82.24
2026/02/05 00:28:29.233, 0, 4, 81920, 24, 59.03
2026/02/05 00:28:59.234, 83, 7163, 81920, 31, 301.75
2026/02/05 00:29:29.235, 0, 557, 81920, 25, 70.33
2026/02/05 00:29:59.236, 0, 4, 81920, 26, 59.85
2026/02/05 00:30:29.236, 0, 4, 81920, 24, 58.96
2026/02/05 00:30:59.236, 0, 557, 81920, 26, 70.70
2026/02/05 00:31:29.236, 97, 5909, 81920, 41, 252.98
2026/02/05 00:31:59.237, 0, 4, 81920, 24, 59.25
2026/02/05 00:32:29.238, 0, 4, 81920, 24, 58.96
2026/02/05 00:32:59.239, 0, 4, 81920, 24, 59.03
2026/02/05 00:33:29.240, 0, 557, 81920, 25, 70.33
2026/02/05 00:33:59.240, 97, 5715, 81920, 41, 252.40
2026/02/05 00:34:29.241, 0, 4, 81920, 24, 59.25
2026/02/05 00:34:59.242, 91, 7003, 81920, 35, 233.83
2026/02/05 00:35:29.242, 0, 2697, 81920, 25, 70.09
2026/02/05 00:35:59.243, 0, 4, 81920, 25, 59.25
2026/02/05 00:36:29.243, 0, 4, 81920, 24, 58.96
2026/02/05 00:36:59.244, 0, 557, 81920, 25, 70.62
2026/02/05 00:37:29.245, 97, 5697, 81920, 41, 306.53
2026/02/05 00:37:59.245, 0, 4, 81920, 24, 58.96
2026/02/05 00:38:29.246, 91, 7191, 81920, 34, 232.98
2026/02/05 00:38:59.247, 0, 1103, 81920, 25, 70.86
2026/02/05 00:39:29.247, 0, 4, 81920, 25, 59.54
2026/02/05 00:39:59.248, 0, 4, 81920, 24, 59.03
2026/02/05 00:40:29.249, 0, 557, 81920, 25, 70.86
2026/02/05 00:40:59.250, 97, 5781, 81920, 41, 305.18
2026/02/05 00:41:29.251, 0, 4, 81920, 24, 59.25
2026/02/05 00:41:59.251, 0, 3043, 81920, 24, 70.09
2026/02/05 00:42:29.252, 0, 557, 81920, 25, 70.33
2026/02/05 00:42:59.252, 0, 4, 81920, 26, 59.78
2026/02/05 00:43:29.253, 0, 4, 81920, 24, 58.96
2026/02/05 00:43:59.253, 0, 557, 81920, 26, 70.86
2026/02/05 00:44:29.254, 97, 5749, 81920, 40, 247.85
2026/02/05 00:44:59.255, 0, 4, 81920, 24, 59.25
2026/02/05 00:45:29.255, 0, 4, 81920, 24, 58.96
2026/02/05 00:45:59.256, 0, 557, 81920, 25, 70.62
2026/02/05 00:46:29.256, 0, 4, 81920, 29, 71.69
2026/02/05 00:46:59.257, 0, 4, 81920, 24, 59.25
2026/02/05 00:47:29.258, 91, 7003, 81920, 35, 227.36
2026/02/05 00:47:59.258, 100, 5717, 81920, 35, 303.29
2026/02/05 00:48:29.259, 0, 4, 81920, 25, 59.25
2026/02/05 00:48:59.259, 0, 4, 81920, 24, 58.96
2026/02/05 00:49:29.260, 0, 557, 81920, 25, 70.86
2026/02/05 00:49:59.261, 97, 5667, 81920, 41, 271.26
2026/02/05 00:50:29.261, 0, 4, 81920, 24, 59.25
2026/02/05 00:50:59.262, 90, 7059, 81920, 34, 230.56
2026/02/05 00:51:29.263, 0, 557, 81920, 24, 70.33
2026/02/05 00:51:59.264, 0, 4, 81920, 25, 59.54
2026/02/05 00:52:29.265, 0, 4, 81920, 23, 58.96
2026/02/05 00:52:59.265, 0, 557, 81920, 26, 70.62
2026/02/05 00:53:29.266, 96, 5589, 81920, 40, 304.64
2026/02/05 00:53:59.266, 0, 4, 81920, 24, 59.25
2026/02/05 00:54:29.267, 0, 4, 81920, 23, 58.96
2026/02/05 00:54:59.267, 0, 557, 81920, 25, 70.25
2026/02/05 00:55:29.268, 0, 519, 81920, 29, 80.63
2026/02/05 00:55:59.268, 0, 4, 81920, 24, 58.96
2026/02/05 00:56:29.269, 7, 557, 81920, 28, 81.90
2026/02/05 00:56:59.270, 97, 5715, 81920, 39, 302.51
2026/02/05 00:57:29.271, 0, 4, 81920, 24, 59.25
2026/02/05 00:57:59.272, 0, 4, 81920, 23, 58.96
2026/02/05 00:58:29.272, 0, 4, 81920, 23, 58.96
2026/02/05 00:58:59.273, 90, 7005, 81920, 35, 233.80
2026/02/05 00:59:29.273, 100, 5719, 81920, 37, 333.19
2026/02/05 00:59:59.274, 0, 4, 81920, 25, 59.25
2026/02/05 01:00:29.274, 0, 4, 81920, 23, 58.96
2026/02/05 01:00:59.275, 0, 557, 81920, 25, 70.09
2026/02/05 01:01:29.276, 7, 5697, 81920, 31, 82.77
2026/02/05 01:01:59.277, 0, 4, 81920, 24, 58.96
2026/02/05 01:02:29.277, 91, 6883, 81920, 34, 232.73
2026/02/05 01:02:59.278, 26, 2697, 81920, 24, 71.98
2026/02/05 01:03:29.278, 0, 4, 81920, 25, 59.25
2026/02/05 01:03:59.279, 0, 4, 81920, 23, 58.96
2026/02/05 01:04:29.280, 0, 557, 81920, 25, 70.62
2026/02/05 01:04:59.281, 97, 5685, 81920, 41, 308.17
2026/02/05 01:05:29.282, 0, 4, 81920, 24, 58.96
2026/02/05 01:05:59.283, 0, 3043, 81920, 24, 70.09
2026/02/05 01:06:29.284, 0, 557, 81920, 24, 70.33
2026/02/05 01:06:59.285, 0, 4, 81920, 26, 59.78
2026/02/05 01:07:29.285, 0, 4, 81920, 23, 58.96
2026/02/05 01:07:59.286, 7, 6951, 81920, 28, 81.08
2026/02/05 01:08:29.287, 97, 5685, 81920, 39, 254.04
2026/02/05 01:08:59.287, 0, 4, 81920, 24, 59.25
2026/02/05 01:09:29.290, 0, 4, 81920, 23, 58.96
2026/02/05 01:09:59.290, 0, 557, 81920, 25, 70.09
2026/02/05 01:10:29.291, 7, 4, 81920, 29, 81.17
2026/02/05 01:10:59.291, 0, 4, 81920, 24, 58.96
2026/02/05 01:11:29.292, 92, 7021, 81920, 35, 231.09
2026/02/05 01:11:59.292, 100, 5739, 81920, 35, 306.82
2026/02/05 01:12:29.293, 0, 4, 81920, 25, 59.25
2026/02/05 01:12:59.294, 0, 4, 81920, 23, 58.96
2026/02/05 01:13:29.295, 0, 557, 81920, 25, 70.33
2026/02/05 01:13:59.296, 97, 5687, 81920, 41, 262.95
2026/02/05 01:14:29.296, 0, 4, 81920, 24, 58.96
2026/02/05 01:14:59.297, 60, 6939, 81920, 34, 195.47
2026/02/05 01:15:29.301, 0, 557, 81920, 24, 70.09
2026/02/05 01:15:59.302, 0, 4, 81920, 25, 59.54
2026/02/05 01:16:29.303, 0, 4, 81920, 23, 58.96
2026/02/05 01:16:59.304, 0, 557, 81920, 26, 70.86
2026/02/05 01:17:29.304, 97, 5675, 81920, 40, 306.29
2026/02/05 01:17:59.305, 0, 4, 81920, 24, 59.25
2026/02/05 01:18:29.305, 2, 2769, 81920, 24, 74.66
2026/02/05 01:18:59.306, 0, 557, 81920, 25, 70.33
2026/02/05 01:19:29.306, 0, 4, 81920, 26, 59.78
2026/02/05 01:19:59.307, 0, 4, 81920, 24, 58.96
2026/02/05 01:20:29.308, 0, 557, 81920, 27, 80.10
2026/02/05 01:20:59.309, 97, 5703, 81920, 39, 305.18
2026/02/05 01:21:29.309, 0, 4, 81920, 24, 59.25
2026/02/05 01:21:59.310, 26, 2609, 81920, 24, 71.69
2026/02/05 01:22:29.310, 0, 557, 81920, 25, 70.25
2026/02/05 01:22:59.310, 0, 4, 81920, 27, 60.32
2026/02/05 01:23:29.311, 0, 4, 81920, 24, 58.96
2026/02/05 01:23:59.312, 0, 4, 81920, 23, 58.96
2026/02/05 01:24:29.312, 0, 4, 81920, 23, 58.96
2026/02/05 01:24:59.313, 0, 557, 81920, 25, 70.62
2026/02/05 01:25:29.313, 97, 5675, 81920, 40, 307.24
2026/02/05 01:25:59.314, 0, 4, 81920, 24, 59.25
2026/02/05 01:26:29.315, 0, 4, 81920, 24, 58.96
2026/02/05 01:26:59.315, 0, 557, 81920, 26, 70.54
2026/02/05 01:27:29.316, 97, 5579, 81920, 41, 304.05
2026/02/05 01:27:59.316, 0, 4, 81920, 24, 59.25
2026/02/05 01:28:29.317, 0, 4, 81920, 24, 58.89
2026/02/05 01:28:59.318, 0, 557, 81920, 25, 70.25
2026/02/05 01:29:29.319, 97, 5779, 81920, 42, 282.58
2026/02/05 01:29:59.319, 0, 4, 81920, 24, 59.25
2026/02/05 01:30:29.320, 0, 4, 81920, 24, 58.96
2026/02/05 01:30:59.321, 0, 557, 81920, 25, 70.25
2026/02/05 01:31:29.322, 95, 5775, 81920, 41, 317.48
2026/02/05 01:31:59.323, 0, 4, 81920, 24, 59.18
2026/02/05 01:32:29.323, 0, 2763, 81920, 24, 70.25
2026/02/05 01:32:59.324, 0, 557, 81920, 25, 70.54
2026/02/05 01:33:29.324, 0, 4, 81920, 27, 60.00
2026/02/05 01:33:59.327, 0, 4, 81920, 24, 59.18
2026/02/05 01:34:29.328, 91, 6881, 81920, 36, 235.41
2026/02/05 01:34:59.328, 100, 5637, 81920, 36, 297.04
2026/02/05 01:35:29.329, 0, 4, 81920, 25, 59.47
2026/02/05 01:35:59.330, 0, 4, 81920, 24, 58.89
2026/02/05 01:36:29.332, 0, 557, 81920, 27, 80.25
2026/02/05 01:36:59.332, 97, 5737, 81920, 40, 306.18
2026/02/05 01:37:29.333, 0, 4, 81920, 25, 59.47
2026/02/05 01:37:59.334, 0, 4, 81920, 24, 59.18
2026/02/05 01:38:29.334, 0, 557, 81920, 26, 70.54
2026/02/05 01:38:59.335, 97, 5677, 81920, 41, 306.99
2026/02/05 01:39:29.336, 0, 4, 81920, 24, 59.18
2026/02/05 01:39:59.336, 0, 4, 81920, 24, 58.96
2026/02/05 01:40:29.337, 0, 557, 81920, 26, 70.78
2026/02/05 01:40:59.338, 97, 5707, 81920, 40, 265.60
2026/02/05 01:41:29.338, 0, 4, 81920, 24, 59.18
2026/02/05 01:41:59.340, 0, 4, 81920, 23, 58.89
2026/02/05 01:42:29.341, 0, 557, 81920, 25, 70.25
2026/02/05 01:42:59.342, 96, 5749, 81920, 41, 306.46
2026/02/05 01:43:29.343, 0, 4, 81920, 23, 58.96
2026/02/05 01:43:59.344, 0, 4, 81920, 23, 58.89
2026/02/05 01:44:29.345, 0, 557, 81920, 24, 70.01
2026/02/05 01:44:59.346, 35, 555, 81920, 30, 86.22
2026/02/05 01:45:29.346, 0, 4, 81920, 23, 58.89
2026/02/05 01:45:59.347, 1, 2769, 81920, 23, 74.86
2026/02/05 01:46:29.347, 0, 557, 81920, 24, 70.25
2026/02/05 01:46:59.392, 0, 4, 81920, 26, 59.71
2026/02/05 01:47:29.392, 0, 4, 81920, 23, 58.96
2026/02/05 01:47:59.393, 90, 6955, 81920, 34, 209.82
2026/02/05 01:48:29.394, 0, 2697, 81920, 24, 70.01
2026/02/05 01:48:59.395, 0, 4, 81920, 25, 59.47
2026/02/05 01:49:29.396, 0, 4, 81920, 24, 58.89
2026/02/05 01:49:59.397, 0, 4, 81920, 23, 58.96
2026/02/05 01:50:29.397, 0, 4, 81920, 23, 58.89
2026/02/05 01:50:59.400, 0, 557, 81920, 25, 70.54
2026/02/05 01:51:29.400, 97, 5655, 81920, 41, 291.97
2026/02/05 01:51:59.401, 0, 4, 81920, 24, 58.89
2026/02/05 01:52:29.401, 0, 4, 81920, 23, 58.96
2026/02/05 01:52:59.401, 0, 557, 81920, 25, 70.62
2026/02/05 01:53:29.402, 97, 5803, 81920, 41, 306.46
2026/02/05 01:53:59.403, 0, 4, 81920, 24, 58.89
2026/02/05 01:54:29.407, 0, 4, 81920, 23, 58.64
2026/02/05 01:54:59.407, 0, 557, 81920, 25, 70.25
2026/02/05 01:55:29.408, 6, 5761, 81920, 32, 82.97
2026/02/05 01:55:59.409, 0, 4, 81920, 24, 59.25
2026/02/05 01:56:29.409, 0, 4, 81920, 23, 58.96
2026/02/05 01:56:59.410, 0, 557, 81920, 25, 70.09
2026/02/05 01:57:29.411, 0, 519, 81920, 29, 81.61
2026/02/05 01:57:59.411, 0, 4, 81920, 24, 58.96
2026/02/05 01:58:29.412, 91, 6941, 81920, 35, 232.73
2026/02/05 01:58:59.413, 100, 5677, 81920, 34, 302.22
2026/02/05 01:59:29.413, 0, 4, 81920, 25, 59.25
2026/02/05 01:59:59.414, 0, 4, 81920, 24, 58.96
2026/02/05 02:00:29.415, 0, 557, 81920, 25, 70.62
2026/02/05 02:00:59.415, 62, 5719, 81920, 40, 315.14
2026/02/05 02:01:29.416, 0, 4, 81920, 24, 59.25
2026/02/05 02:01:59.420, 0, 4, 81920, 24, 59.25
2026/02/05 02:02:29.421, 0, 557, 81920, 26, 70.62
2026/02/05 02:02:59.421, 0, 519, 81920, 30, 82.00
2026/02/05 02:03:29.422, 0, 4, 81920, 24, 59.25
2026/02/05 02:03:59.423, 0, 557, 81920, 28, 80.25
2026/02/05 02:04:29.424, 97, 5747, 81920, 40, 290.67
2026/02/05 02:04:59.424, 0, 4, 81920, 25, 59.25
2026/02/05 02:05:29.426, 0, 4, 81920, 24, 59.18
2026/02/05 02:05:59.427, 0, 557, 81920, 25, 70.25
2026/02/05 02:06:29.427, 6, 5651, 81920, 33, 83.79
2026/02/05 02:06:59.428, 0, 4, 81920, 24, 59.25
2026/02/05 02:07:29.429, 91, 6871, 81920, 35, 232.73
2026/02/05 02:07:59.430, 20, 2697, 81920, 25, 71.61
2026/02/05 02:08:29.430, 0, 4, 81920, 25, 59.47
2026/02/05 02:08:59.431, 0, 4, 81920, 24, 58.96
2026/02/05 02:09:29.432, 4, 7005, 81920, 29, 81.90
2026/02/05 02:09:59.432, 97, 5717, 81920, 39, 251.86
2026/02/05 02:10:29.433, 0, 4, 81920, 24, 59.25
2026/02/05 02:10:59.437, 0, 4, 81920, 24, 58.89
2026/02/05 02:11:29.437, 0, 557, 81920, 27, 80.01
2026/02/05 02:11:59.438, 98, 5775, 81920, 39, 299.99
2026/02/05 02:12:29.439, 0, 4, 81920, 24, 59.25
2026/02/05 02:12:59.439, 0, 4, 81920, 23, 58.96
2026/02/05 02:13:29.440, 0, 557, 81920, 25, 70.33
2026/02/05 02:13:59.440, 98, 5677, 81920, 41, 282.00
2026/02/05 02:14:29.442, 0, 4, 81920, 24, 59.25
2026/02/05 02:14:59.443, 92, 6545, 81920, 34, 232.73
2026/02/05 02:15:29.443, 100, 5385, 81920, 33, 301.40
2026/02/05 02:15:59.444, 0, 4, 81920, 24, 59.25
2026/02/05 02:16:29.444, 0, 4, 81920, 23, 58.96
2026/02/05 02:16:59.445, 0, 4, 81920, 23, 58.71
2026/02/05 02:17:29.446, 92, 6637, 81920, 33, 231.09
2026/02/05 02:17:59.447, 0, 2697, 81920, 24, 69.79
2026/02/05 02:18:29.448, 0, 4, 81920, 24, 59.25
2026/02/05 02:18:59.449, 0, 4, 81920, 23, 58.96
2026/02/05 02:19:29.449, 0, 557, 81920, 25, 70.33
2026/02/05 02:19:59.450, 98, 5413, 81920, 41, 295.21
2026/02/05 02:20:29.450, 0, 4, 81920, 23, 58.96
2026/02/05 02:20:59.451, 92, 6479, 81920, 35, 215.98
2026/02/05 02:21:29.451, 100, 5343, 81920, 36, 306.82
2026/02/05 02:21:59.452, 0, 4, 81920, 24, 59.18
2026/02/05 02:22:29.452, 0, 4, 81920, 23, 58.89
2026/02/05 02:22:59.453, 0, 557, 81920, 25, 70.25
2026/02/05 02:23:29.454, 97, 5429, 81920, 41, 251.86
2026/02/05 02:23:59.454, 0, 4, 81920, 24, 58.89
2026/02/05 02:24:29.455, 91, 6569, 81920, 34, 233.80
2026/02/05 02:24:59.456, 54, 5397, 81920, 30, 291.19
2026/02/05 02:25:29.457, 0, 4, 81920, 25, 59.47
2026/02/05 02:25:59.458, 0, 4, 81920, 24, 58.96
2026/02/05 02:26:29.458, 0, 557, 81920, 27, 80.01
2026/02/05 02:26:59.458, 97, 5417, 81920, 40, 300.81
2026/02/05 02:27:29.459, 0, 4, 81920, 25, 59.47
2026/02/05 02:27:59.460, 0, 4, 81920, 24, 58.96
2026/02/05 02:28:29.461, 0, 557, 81920, 26, 70.78
2026/02/05 02:28:59.461, 97, 5401, 81920, 41, 306.99
2026/02/05 02:29:29.462, 0, 4, 81920, 24, 59.18
2026/02/05 02:29:59.462, 0, 4, 81920, 24, 58.89
2026/02/05 02:30:29.463, 0, 557, 81920, 25, 70.54
2026/02/05 02:30:59.464, 98, 5451, 81920, 41, 300.52
2026/02/05 02:31:29.465, 0, 4, 81920, 24, 58.96
2026/02/05 02:31:59.465, 67, 6537, 81920, 31, 306.18
2026/02/05 02:32:29.466, 0, 557, 81920, 25, 70.01
2026/02/05 02:32:59.467, 0, 4, 81920, 26, 59.78
2026/02/05 02:33:29.467, 0, 4, 81920, 24, 59.18
2026/02/05 02:33:59.468, 91, 6465, 81920, 35, 213.31
2026/02/05 02:34:29.469, 0, 5331, 81920, 24, 70.25
2026/02/05 02:34:59.469, 0, 4, 81920, 25, 59.47
2026/02/05 02:35:29.470, 0, 4, 81920, 24, 58.89
2026/02/05 02:35:59.471, 91, 6531, 81920, 35, 209.00
2026/02/05 02:36:29.471, 99, 5367, 81920, 39, 272.62
2026/02/05 02:36:59.472, 0, 4, 81920, 25, 59.18
2026/02/05 02:37:29.473, 0, 4, 81920, 24, 58.89
2026/02/05 02:37:59.473, 0, 557, 81920, 26, 70.78
2026/02/05 02:38:29.474, 97, 5299, 81920, 41, 261.54
2026/02/05 02:38:59.475, 0, 4, 81920, 24, 59.18
2026/02/05 02:39:29.476, 0, 4, 81920, 24, 58.96
2026/02/05 02:39:59.477, 0, 557, 81920, 25, 70.54
2026/02/05 02:40:29.477, 95, 5415, 81920, 41, 300.52
2026/02/05 02:40:59.477, 0, 4, 81920, 24, 59.25
2026/02/05 02:41:29.478, 0, 4, 81920, 24, 58.96
2026/02/05 02:41:59.479, 0, 4, 81920, 24, 58.96
2026/02/05 02:42:29.480, 0, 557, 81920, 27, 70.54
2026/02/05 02:42:59.481, 97, 5301, 81920, 41, 304.58
2026/02/05 02:43:29.481, 0, 4, 81920, 24, 59.25
2026/02/05 02:43:59.482, 0, 4, 81920, 24, 58.96
2026/02/05 02:44:29.483, 0, 557, 81920, 25, 70.54
2026/02/05 02:44:59.484, 97, 5301, 81920, 42, 290.03
2026/02/05 02:45:29.484, 0, 4, 81920, 24, 58.89
2026/02/05 02:45:59.485, 2, 3043, 81920, 24, 70.01
2026/02/05 02:46:29.486, 0, 557, 81920, 25, 70.25
2026/02/05 02:46:59.487, 0, 4, 81920, 27, 60.00
2026/02/05 02:47:29.488, 0, 4, 81920, 24, 58.89
2026/02/05 02:47:59.489, 90, 6409, 81920, 35, 213.60
2026/02/05 02:48:29.489, 0, 2697, 81920, 25, 70.01
2026/02/05 02:48:59.490, 0, 4, 81920, 25, 59.47
2026/02/05 02:49:29.491, 0, 4, 81920, 24, 58.96
2026/02/05 02:49:59.492, 91, 6361, 81920, 34, 198.73
2026/02/05 02:50:29.492, 0, 557, 81920, 25, 70.01
2026/02/05 02:50:59.493, 0, 4, 81920, 25, 59.54
2026/02/05 02:51:29.494, 0, 4, 81920, 24, 58.89
2026/02/05 02:51:59.494, 0, 557, 81920, 27, 80.25
2026/02/05 02:52:29.494, 96, 5365, 81920, 40, 267.49
2026/02/05 02:52:59.495, 0, 4, 81920, 24, 59.18
2026/02/05 02:53:29.496, 0, 4, 81920, 24, 58.89
2026/02/05 02:53:59.498, 0, 557, 81920, 25, 70.25
2026/02/05 02:54:29.499, 97, 5375, 81920, 42, 305.18
2026/02/05 02:54:59.500, 0, 4, 81920, 24, 59.25
2026/02/05 02:55:29.501, 0, 3043, 81920, 24, 70.25
2026/02/05 02:55:59.502, 0, 557, 81920, 25, 70.25
2026/02/05 02:56:29.503, 0, 4, 81920, 26, 59.78
2026/02/05 02:56:59.504, 0, 4, 81920, 24, 58.96
2026/02/05 02:57:29.504, 20, 6511, 81920, 34, 232.98
2026/02/05 02:57:59.505, 0, 557, 81920, 25, 70.25
2026/02/05 02:58:29.506, 0, 4, 81920, 25, 59.47
2026/02/05 02:58:59.506, 0, 4, 81920, 23, 58.89
2026/02/05 02:59:29.507, 91, 6467, 81920, 35, 234.09
2026/02/05 02:59:59.507, 100, 5331, 81920, 36, 310.47
2026/02/05 03:00:29.508, 0, 4, 81920, 24, 59.18
2026/02/05 03:00:59.509, 0, 4, 81920, 23, 58.96
2026/02/05 03:01:29.510, 91, 6533, 81920, 35, 202.51
2026/02/05 03:01:59.511, 97, 5367, 81920, 38, 297.58
2026/02/05 03:02:29.511, 0, 4, 81920, 24, 59.25
2026/02/05 03:02:59.512, 0, 4, 81920, 23, 58.71
2026/02/05 03:03:29.513, 0, 557, 81920, 26, 79.57
2026/02/05 03:03:59.514, 97, 5367, 81920, 39, 304.82
2026/02/05 03:04:29.514, 0, 4, 81920, 24, 58.89
2026/02/05 03:04:59.515, 0, 4, 81920, 23, 58.89
2026/02/05 03:05:29.516, 0, 557, 81920, 25, 70.25
2026/02/05 03:05:59.517, 97, 5367, 81920, 41, 256.17
2026/02/05 03:06:29.518, 0, 4, 81920, 24, 58.89
2026/02/05 03:06:59.519, 0, 4, 81920, 23, 58.89
2026/02/05 03:07:29.519, 0, 557, 81920, 25, 70.25
2026/02/05 03:07:59.520, 29, 5353, 81920, 33, 83.26
2026/02/05 03:08:29.521, 0, 4, 81920, 24, 58.89
2026/02/05 03:08:59.522, 0, 1327, 81920, 24, 71.61
2026/02/05 03:09:29.523, 0, 557, 81920, 25, 70.25
2026/02/05 03:09:59.524, 0, 4, 81920, 28, 71.61
2026/02/05 03:10:29.525, 0, 4, 81920, 24, 58.89
2026/02/05 03:10:59.525, 0, 4, 81920, 23, 58.96
2026/02/05 03:11:29.527, 0, 4, 81920, 23, 58.96
2026/02/05 03:11:59.527, 0, 557, 81920, 25, 70.25
2026/02/05 03:12:29.528, 97, 5367, 81920, 41, 273.15
2026/02/05 03:12:59.529, 0, 4, 81920, 24, 58.89
2026/02/05 03:13:29.529, 0, 4, 81920, 23, 58.96
2026/02/05 03:13:59.530, 0, 557, 81920, 25, 70.33
2026/02/05 03:14:29.531, 0, 4, 81920, 28, 71.69
2026/02/05 03:14:59.532, 0, 4, 81920, 24, 58.96
2026/02/05 03:15:29.532, 92, 6499, 81920, 35, 232.20
2026/02/05 03:15:59.533, 100, 5351, 81920, 37, 311.95
2026/02/05 03:16:29.533, 0, 4, 81920, 24, 59.25
2026/02/05 03:16:59.534, 0, 4, 81920, 23, 58.96
2026/02/05 03:17:29.535, 0, 557, 81920, 25, 70.33
2026/02/05 03:17:59.535, 7, 555, 81920, 30, 82.77
2026/02/05 03:18:29.537, 0, 4, 81920, 24, 58.96
2026/02/05 03:18:59.537, 0, 557, 81920, 27, 80.88
2026/02/05 03:19:29.537, 98, 5365, 81920, 40, 305.71
2026/02/05 03:19:59.538, 0, 4, 81920, 24, 59.25
2026/02/05 03:20:29.539, 0, 4, 81920, 24, 58.96
2026/02/05 03:20:59.539, 0, 557, 81920, 25, 70.62
2026/02/05 03:21:29.540, 0, 4, 81920, 29, 71.69
2026/02/05 03:21:59.541, 0, 4, 81920, 24, 59.25
2026/02/05 03:22:29.541, 0, 557, 81920, 27, 71.16
2026/02/05 03:22:59.542, 98, 5301, 81920, 41, 302.22
2026/02/05 03:23:29.543, 0, 4, 81920, 25, 59.25
2026/02/05 03:23:59.543, 100, 6467, 81920, 35, 315.89
2026/02/05 03:24:29.544, 0, 557, 81920, 25, 70.33
2026/02/05 03:24:59.544, 0, 4, 81920, 26, 59.54
2026/02/05 03:25:29.545, 0, 4, 81920, 24, 58.96
2026/02/05 03:25:59.546, 0, 557, 81920, 25, 70.62
2026/02/05 03:26:29.546, 98, 5349, 81920, 42, 303.76
2026/02/05 03:26:59.546, 0, 4, 81920, 24, 59.25
2026/02/05 03:27:29.547, 92, 6467, 81920, 35, 230.56
2026/02/05 03:27:59.547, 100, 5333, 81920, 35, 310.07
2026/02/05 03:28:29.548, 0, 4, 81920, 25, 59.54
2026/02/05 03:28:59.548, 0, 4, 81920, 24, 58.96
2026/02/05 03:29:29.549, 0, 557, 81920, 25, 70.33
2026/02/05 03:29:59.549, 6, 555, 81920, 31, 86.56
2026/02/05 03:30:29.550, 0, 4, 81920, 24, 59.25
2026/02/05 03:30:59.551, 92, 6379, 81920, 35, 202.21
2026/02/05 03:31:29.551, 100, 5255, 81920, 35, 306.82
2026/02/05 03:31:59.552, 0, 4, 81920, 25, 59.25
2026/02/05 03:32:29.556, 0, 4, 81920, 24, 58.96
2026/02/05 03:32:59.557, 0, 557, 81920, 26, 70.62
2026/02/05 03:33:29.558, 98, 5331, 81920, 41, 305.71
2026/02/05 03:33:59.558, 0, 4, 81920, 24, 58.96
2026/02/05 03:34:29.559, 0, 4, 81920, 24, 58.96
2026/02/05 03:34:59.559, 0, 4, 81920, 23, 58.96
2026/02/05 03:35:29.560, 0, 557, 81920, 25, 70.33
2026/02/05 03:35:59.561, 74, 5217, 81920, 39, 206.53
2026/02/05 03:36:29.561, 0, 4, 81920, 24, 59.25
2026/02/05 03:36:59.562, 100, 6425, 81920, 35, 325.02
2026/02/05 03:37:29.563, 0, 557, 81920, 25, 70.33
2026/02/05 03:37:59.564, 0, 4, 81920, 26, 59.54
2026/02/05 03:38:29.565, 0, 4, 81920, 24, 58.96
2026/02/05 03:38:59.566, 0, 557, 81920, 25, 70.33
2026/02/05 03:39:29.566, 98, 5255, 81920, 41, 303.29
2026/02/05 03:39:59.567, 0, 4, 81920, 24, 58.96
2026/02/05 03:40:29.567, 100, 6547, 81920, 36, 315.67
2026/02/05 03:40:59.568, 0, 557, 81920, 25, 70.33
2026/02/05 03:41:29.569, 0, 4, 81920, 25, 59.47
2026/02/05 03:41:59.569, 0, 4, 81920, 24, 58.96
2026/02/05 03:42:29.570, 0, 557, 81920, 26, 71.08
2026/02/05 03:42:59.571, 97, 5333, 81920, 41, 300.09
2026/02/05 03:43:29.572, 0, 4, 81920, 24, 59.18
2026/02/05 03:43:59.573, 0, 4, 81920, 23, 58.96
2026/02/05 03:44:29.575, 0, 557, 81920, 25, 70.25
2026/02/05 03:44:59.575, 6, 5405, 81920, 31, 82.97
2026/02/05 03:45:29.576, 0, 4, 81920, 23, 58.96
2026/02/05 03:45:59.576, 0, 3041, 81920, 24, 70.01
2026/02/05 03:46:29.577, 0, 557, 81920, 24, 70.01
2026/02/05 03:46:59.578, 0, 4, 81920, 26, 59.78
2026/02/05 03:47:29.579, 0, 4, 81920, 23, 58.96
2026/02/05 03:47:59.580, 91, 6499, 81920, 34, 209.00
2026/02/05 03:48:29.581, 100, 5351, 81920, 36, 310.47
2026/02/05 03:48:59.581, 0, 4, 81920, 24, 59.25
2026/02/05 03:49:29.582, 0, 4, 81920, 23, 58.89
2026/02/05 03:49:59.582, 0, 557, 81920, 25, 70.33
2026/02/05 03:50:29.583, 98, 5311, 81920, 41, 304.58
2026/02/05 03:50:59.584, 0, 4, 81920, 24, 59.25
2026/02/05 03:51:29.584, 0, 507, 81920, 24, 72.97
2026/02/05 03:51:59.585, 0, 557, 81920, 25, 70.01
2026/02/05 03:52:29.586, 0, 519, 81920, 29, 81.61
2026/02/05 03:52:59.586, 0, 4, 81920, 24, 59.25
2026/02/05 03:53:29.587, 0, 3043, 81920, 24, 70.25
2026/02/05 03:53:59.588, 0, 557, 81920, 25, 70.25
2026/02/05 03:54:29.589, 0, 4, 81920, 26, 59.71
2026/02/05 03:54:59.589, 0, 4, 81920, 24, 58.89
2026/02/05 03:55:29.590, 0, 4, 81920, 23, 58.96
2026/02/05 03:55:59.591, 0, 4, 81920, 23, 58.96
2026/02/05 03:56:29.591, 0, 557, 81920, 25, 70.25
2026/02/05 03:56:59.591, 6, 5247, 81920, 31, 82.97
2026/02/05 03:57:29.592, 0, 4, 81920, 23, 58.89
2026/02/05 03:57:59.592, 0, 4, 81920, 23, 58.96
2026/02/05 03:58:29.593, 0, 557, 81920, 24, 70.01
2026/02/05 03:58:59.594, 0, 519, 81920, 29, 81.37
2026/02/05 03:59:29.594, 0, 4, 81920, 23, 58.89
2026/02/05 03:59:59.595, 92, 6667, 81920, 34, 233.28
2026/02/05 04:00:29.596, 0, 557, 81920, 24, 70.25
2026/02/05 04:00:59.597, 0, 4, 81920, 25, 59.54
2026/02/05 04:01:29.598, 0, 4, 81920, 23, 58.89
2026/02/05 04:01:59.598, 92, 6499, 81920, 35, 204.40
2026/02/05 04:02:29.598, 100, 5351, 81920, 35, 310.47
2026/02/05 04:02:59.599, 0, 4, 81920, 25, 59.18
2026/02/05 04:03:29.600, 0, 4, 81920, 24, 58.89
2026/02/05 04:03:59.600, 0, 557, 81920, 27, 80.25
2026/02/05 04:04:29.601, 97, 5355, 81920, 40, 306.70
2026/02/05 04:04:59.602, 0, 4, 81920, 24, 59.25
2026/02/05 04:05:29.602, 22, 2527, 81920, 24, 71.08
2026/02/05 04:05:59.603, 0, 557, 81920, 25, 70.54
2026/02/05 04:06:29.604, 0, 4, 81920, 28, 71.37
2026/02/05 04:06:59.605, 0, 4, 81920, 24, 59.18
2026/02/05 04:07:29.605, 0, 2769, 81920, 25, 70.01
2026/02/05 04:07:59.605, 0, 557, 81920, 25, 70.25
2026/02/05 04:08:29.606, 0, 4, 81920, 28, 60.25
2026/02/05 04:08:59.606, 0, 4, 81920, 24, 59.18
2026/02/05 04:09:29.608, 0, 4, 81920, 24, 59.18
2026/02/05 04:09:59.612, 0, 557, 81920, 25, 70.33
2026/02/05 04:10:29.613, 0, 519, 81920, 29, 81.61
2026/02/05 04:10:59.614, 0, 4, 81920, 24, 58.96
2026/02/05 04:11:29.615, 0, 4, 81920, 24, 58.89
2026/02/05 04:11:59.615, 0, 557, 81920, 25, 70.25
2026/02/05 04:12:29.616, 0, 555, 81920, 29, 81.61
2026/02/05 04:12:59.617, 0, 4, 81920, 24, 58.89
2026/02/05 04:13:29.618, 99, 6423, 81920, 36, 313.47
2026/02/05 04:13:59.618, 0, 557, 81920, 25, 70.54
2026/02/05 04:14:29.619, 0, 4, 81920, 26, 59.54
2026/02/05 04:14:59.621, 0, 4, 81920, 24, 59.18
2026/02/05 04:15:29.622, 91, 6273, 81920, 35, 221.11
2026/02/05 04:15:59.623, 100, 5169, 81920, 34, 303.46
2026/02/05 04:16:29.623, 0, 4, 81920, 25, 59.47
2026/02/05 04:16:59.624, 0, 4, 81920, 24, 58.89
2026/02/05 04:17:29.625, 91, 6571, 81920, 35, 223.58
2026/02/05 04:17:59.625, 100, 5399, 81920, 36, 314.54
2026/02/05 04:18:29.626, 0, 4, 81920, 25, 59.47
2026/02/05 04:18:59.627, 0, 4, 81920, 24, 59.18
2026/02/05 04:19:29.627, 23, 6583, 81920, 30, 82.14
2026/02/05 04:19:59.628, 97, 5401, 81920, 39, 300.81
2026/02/05 04:20:29.629, 0, 4, 81920, 25, 59.54
2026/02/05 04:20:59.630, 0, 4, 81920, 24, 58.89
2026/02/05 04:21:29.631, 0, 557, 81920, 28, 80.54
2026/02/05 04:21:59.632, 97, 5331, 81920, 39, 299.74
2026/02/05 04:22:29.632, 0, 4, 81920, 24, 59.25
2026/02/05 04:22:59.633, 0, 4, 81920, 23, 58.89
2026/02/05 04:23:29.634, 0, 4, 81920, 23, 58.96
2026/02/05 04:23:59.635, 0, 4, 81920, 23, 58.96
2026/02/05 04:24:29.636, 0, 4, 81920, 23, 58.71
2026/02/05 04:24:59.636, 0, 3043, 81920, 24, 70.09
2026/02/05 04:25:29.637, 0, 557, 81920, 24, 70.01
2026/02/05 04:25:59.638, 0, 4, 81920, 25, 59.47
2026/02/05 04:26:29.639, 0, 4, 81920, 23, 58.96
2026/02/05 04:26:59.639, 91, 6399, 81920, 34, 229.25
2026/02/05 04:27:29.639, 100, 5267, 81920, 31, 295.74
2026/02/05 04:27:59.640, 0, 4, 81920, 24, 59.25
2026/02/05 04:28:29.641, 0, 4, 81920, 23, 58.96
2026/02/05 04:28:59.641, 93, 6433, 81920, 31, 82.68
2026/02/05 04:29:29.641, 96, 5289, 81920, 39, 316.95
2026/02/05 04:29:59.642, 0, 4, 81920, 24, 59.25
2026/02/05 04:30:29.643, 0, 4, 81920, 23, 58.96
2026/02/05 04:30:59.643, 0, 557, 81920, 27, 79.82
2026/02/05 04:31:29.644, 97, 5397, 81920, 39, 249.15
2026/02/05 04:31:59.645, 0, 4, 81920, 24, 59.18
2026/02/05 04:32:29.646, 0, 4, 81920, 24, 58.96
2026/02/05 04:32:59.647, 0, 557, 81920, 26, 70.78
2026/02/05 04:33:29.648, 97, 5291, 81920, 39, 302.16
2026/02/05 04:33:59.648, 0, 4, 81920, 24, 59.25
2026/02/05 04:34:29.649, 0, 4, 81920, 23, 58.71
2026/02/05 04:34:59.649, 0, 557, 81920, 25, 70.54
2026/02/05 04:35:29.650, 97, 5371, 81920, 40, 259.12
2026/02/05 04:35:59.651, 0, 4, 81920, 24, 58.96
2026/02/05 04:36:29.651, 0, 4, 81920, 23, 58.89
2026/02/05 04:36:59.651, 0, 557, 81920, 25, 70.33
2026/02/05 04:37:29.652, 97, 5375, 81920, 41, 288.77
2026/02/05 04:37:59.653, 0, 4, 81920, 24, 58.96
2026/02/05 04:38:29.654, 0, 2609, 81920, 24, 70.33
2026/02/05 04:38:59.655, 0, 557, 81920, 25, 70.09
2026/02/05 04:39:29.656, 0, 4, 81920, 27, 60.07
2026/02/05 04:39:59.657, 0, 4, 81920, 24, 59.25
2026/02/05 04:40:29.657, 100, 6419, 81920, 33, 311.01
2026/02/05 04:40:59.658, 0, 557, 81920, 25, 70.25
2026/02/05 04:41:29.659, 0, 4, 81920, 26, 59.78
2026/02/05 04:41:59.662, 0, 4, 81920, 24, 59.18
2026/02/05 04:42:29.662, 91, 6359, 81920, 35, 236.22
2026/02/05 04:42:59.662, 28, 2697, 81920, 25, 70.86
2026/02/05 04:43:29.663, 0, 4, 81920, 25, 59.54
2026/02/05 04:43:59.664, 0, 4, 81920, 24, 59.25
2026/02/05 04:44:29.665, 0, 4, 81920, 24, 58.96
2026/02/05 04:44:59.666, 0, 4, 81920, 24, 58.96
2026/02/05 04:45:29.672, 0, 4, 81920, 24, 58.96
2026/02/05 04:45:59.673, 0, 557, 81920, 25, 70.54
2026/02/05 04:46:29.674, 7, 5379, 81920, 32, 83.26
2026/02/05 04:46:59.675, 0, 4, 81920, 24, 59.25
2026/02/05 04:47:29.675, 0, 4, 81920, 24, 58.89
2026/02/05 04:47:59.676, 0, 557, 81920, 25, 70.25
2026/02/05 04:48:29.676, 6, 5315, 81920, 34, 83.79
2026/02/05 04:48:59.677, 0, 4, 81920, 24, 59.25
2026/02/05 04:49:29.678, 0, 4, 81920, 24, 58.96
2026/02/05 04:49:59.679, 0, 557, 81920, 25, 70.25
2026/02/05 04:50:29.679, 6, 555, 81920, 31, 87.29
2026/02/05 04:50:59.680, 0, 4, 81920, 24, 59.25
2026/02/05 04:51:29.681, 0, 4, 81920, 24, 59.25
2026/02/05 04:51:59.684, 0, 557, 81920, 25, 70.54
2026/02/05 04:52:29.684, 0, 4, 81920, 28, 71.61
2026/02/05 04:52:59.685, 0, 4, 81920, 24, 59.25
2026/02/05 04:53:29.685, 100, 6357, 81920, 32, 198.49
2026/02/05 04:53:59.686, 0, 557, 81920, 25, 70.33
2026/02/05 04:54:29.687, 0, 4, 81920, 26, 59.78
2026/02/05 04:54:59.688, 0, 4, 81920, 24, 58.89
2026/02/05 04:55:29.688, 0, 557, 81920, 27, 79.72
2026/02/05 04:55:59.689, 97, 5315, 81920, 40, 302.51
2026/02/05 04:56:29.690, 0, 4, 81920, 24, 59.25
2026/02/05 04:56:59.694, 0, 4, 81920, 24, 58.96
2026/02/05 04:57:29.695, 0, 557, 81920, 26, 70.54
2026/02/05 04:57:59.696, 97, 5311, 81920, 41, 253.75
2026/02/05 04:58:29.697, 0, 4, 81920, 24, 58.96
2026/02/05 04:58:59.697, 0, 4, 81920, 23, 58.96
2026/02/05 04:59:29.698, 0, 557, 81920, 25, 70.33
2026/02/05 04:59:59.698, 97, 5229, 81920, 40, 306.70
2026/02/05 05:00:29.699, 0, 4, 81920, 24, 58.96
2026/02/05 05:00:59.700, 0, 4, 81920, 23, 58.96
2026/02/05 05:01:29.704, 0, 557, 81920, 25, 70.25
2026/02/05 05:01:59.704, 97, 5311, 81920, 40, 295.50
2026/02/05 05:02:29.705, 0, 4, 81920, 23, 58.96
2026/02/05 05:02:59.705, 0, 4, 81920, 23, 58.96
2026/02/05 05:03:29.708, 0, 557, 81920, 25, 70.01
2026/02/05 05:03:59.708, 13, 555, 81920, 30, 81.61
2026/02/05 05:04:29.709, 0, 4, 81920, 24, 58.96
2026/02/05 05:04:59.710, 0, 3043, 81920, 24, 70.01
2026/02/05 05:05:29.710, 0, 557, 81920, 24, 70.01
2026/02/05 05:05:59.711, 0, 4, 81920, 26, 59.71
2026/02/05 05:06:29.711, 0, 4, 81920, 24, 58.96
2026/02/05 05:06:59.712, 25, 2609, 81920, 24, 71.16
2026/02/05 05:07:29.713, 0, 557, 81920, 24, 70.25
2026/02/05 05:07:59.713, 0, 4, 81920, 28, 71.08
2026/02/05 05:08:29.714, 0, 4, 81920, 24, 58.96
2026/02/05 05:08:59.715, 0, 6335, 81920, 26, 246.49
2026/02/05 05:09:29.716, 0, 557, 81920, 24, 70.33
2026/02/05 05:09:59.716, 0, 4, 81920, 26, 59.78
2026/02/05 05:10:29.717, 0, 4, 81920, 23, 58.89
2026/02/05 05:10:59.718, 58, 6301, 81920, 31, 306.53
2026/02/05 05:11:29.719, 0, 557, 81920, 24, 70.01
2026/02/05 05:11:59.720, 0, 4, 81920, 25, 59.54
2026/02/05 05:12:29.721, 0, 4, 81920, 23, 58.96
2026/02/05 05:12:59.722, 0, 4, 81920, 23, 58.96
2026/02/05 05:13:29.723, 0, 4, 81920, 23, 58.96
2026/02/05 05:13:59.724, 0, 557, 81920, 27, 79.72
2026/02/05 05:14:29.725, 97, 5315, 81920, 40, 282.58
2026/02/05 05:14:59.725, 0, 4, 81920, 24, 59.25
2026/02/05 05:15:29.726, 0, 4, 81920, 24, 59.25
2026/02/05 05:15:59.726, 0, 557, 81920, 26, 70.62
2026/02/05 05:16:29.727, 97, 5263, 81920, 42, 252.11
2026/02/05 05:16:59.728, 0, 4, 81920, 24, 59.25
2026/02/05 05:17:29.729, 0, 4, 81920, 24, 59.04
2026/02/05 05:17:59.731, 0, 557, 81920, 25, 70.38
2026/02/05 05:18:29.732, 0, 555, 81920, 30, 81.61
2026/02/05 05:18:59.732, 0, 4, 81920, 24, 58.96
2026/02/05 05:19:29.733, 0, 3041, 81920, 24, 70.01
2026/02/05 05:19:59.733, 0, 557, 81920, 25, 70.25
2026/02/05 05:20:29.734, 0, 4, 81920, 26, 59.78
2026/02/05 05:20:59.734, 0, 4, 81920, 24, 58.96
2026/02/05 05:21:29.735, 0, 3043, 81920, 24, 70.09
2026/02/05 05:21:59.736, 0, 557, 81920, 25, 70.54
2026/02/05 05:22:29.737, 0, 4, 81920, 27, 59.71
2026/02/05 05:22:59.738, 0, 4, 81920, 24, 59.25
2026/02/05 05:23:29.738, 91, 6429, 81920, 34, 230.02
2026/02/05 05:23:59.739, 0, 557, 81920, 25, 70.25
2026/02/05 05:24:29.740, 0, 4, 81920, 26, 59.54
2026/02/05 05:24:59.741, 0, 4, 81920, 24, 58.96
2026/02/05 05:25:29.741, 92, 6259, 81920, 34, 202.51
2026/02/05 05:25:59.742, 0, 557, 81920, 25, 70.25
2026/02/05 05:26:29.743, 0, 4, 81920, 25, 59.54
2026/02/05 05:26:59.744, 0, 4, 81920, 24, 58.96
2026/02/05 05:27:29.744, 91, 6327, 81920, 35, 200.91
2026/02/05 05:27:59.745, 100, 5203, 81920, 35, 312.36
2026/02/05 05:28:29.746, 0, 4, 81920, 25, 59.54
2026/02/05 05:28:59.747, 0, 4, 81920, 24, 58.96
2026/02/05 05:29:29.747, 91, 6377, 81920, 35, 233.27
2026/02/05 05:29:59.747, 35, 5253, 81920, 29, 238.64
2026/02/05 05:30:29.748, 0, 4, 81920, 25, 59.54
2026/02/05 05:30:59.749, 0, 4, 81920, 24, 58.96
2026/02/05 05:31:29.749, 91, 6343, 81920, 35, 199.26
2026/02/05 05:31:59.749, 98, 5223, 81920, 38, 316.13
2026/02/05 05:32:29.750, 0, 4, 81920, 24, 59.25
2026/02/05 05:32:59.751, 0, 4, 81920, 23, 58.96
2026/02/05 05:33:29.751, 70, 557, 81920, 27, 76.02
2026/02/05 05:33:59.751, 97, 5207, 81920, 38, 302.22
2026/02/05 05:34:29.752, 0, 4, 81920, 24, 58.96
2026/02/05 05:34:59.753, 0, 4, 81920, 23, 58.96
2026/02/05 05:35:29.754, 0, 4, 81920, 23, 58.71
2026/02/05 05:35:59.755, 0, 3041, 81920, 24, 70.09
2026/02/05 05:36:29.755, 0, 557, 81920, 24, 70.33
2026/02/05 05:36:59.756, 0, 4, 81920, 26, 59.78
2026/02/05 05:37:29.757, 0, 4, 81920, 23, 58.96
2026/02/05 05:37:59.757, 0, 3041, 81920, 24, 69.79
2026/02/05 05:38:29.757, 0, 557, 81920, 24, 70.09
2026/02/05 05:38:59.758, 0, 4, 81920, 26, 59.71
2026/02/05 05:39:29.758, 0, 4, 81920, 23, 58.96
2026/02/05 05:39:59.759, 91, 6375, 81920, 34, 215.49
2026/02/05 05:40:29.759, 0, 2697, 81920, 24, 70.01
2026/02/05 05:40:59.760, 0, 4, 81920, 24, 59.25
2026/02/05 05:41:29.761, 0, 4, 81920, 23, 58.71
2026/02/05 05:41:59.762, 0, 557, 81920, 27, 79.81
2026/02/05 05:42:29.762, 97, 5131, 81920, 39, 304.40
2026/02/05 05:42:59.763, 0, 4, 81920, 24, 59.25
2026/02/05 05:43:29.764, 0, 4, 81920, 24, 58.96
2026/02/05 05:43:59.765, 0, 557, 81920, 26, 70.78
2026/02/05 05:44:29.766, 97, 5205, 81920, 41, 299.80
2026/02/05 05:44:59.767, 0, 4, 81920, 25, 59.25
2026/02/05 05:45:29.767, 0, 4, 81920, 24, 59.25
2026/02/05 05:45:59.768, 0, 557, 81920, 26, 70.54
2026/02/05 05:46:29.768, 97, 5173, 81920, 41, 297.63
2026/02/05 05:46:59.769, 0, 4, 81920, 25, 59.25
2026/02/05 05:47:29.773, 0, 4, 81920, 24, 59.25
2026/02/05 05:47:59.774, 0, 557, 81920, 25, 70.62
2026/02/05 05:48:29.774, 97, 5271, 81920, 42, 288.77
2026/02/05 05:48:59.775, 0, 4, 81920, 24, 59.25
2026/02/05 05:49:29.784, 0, 4, 81920, 24, 58.96
2026/02/05 05:49:59.785, 0, 557, 81920, 25, 70.33
2026/02/05 05:50:29.786, 0, 4, 81920, 29, 71.45
2026/02/05 05:50:59.787, 0, 4, 81920, 24, 59.25
2026/02/05 05:51:29.787, 29, 6309, 81920, 34, 209.82
2026/02/05 05:51:59.788, 0, 557, 81920, 25, 70.62
2026/02/05 05:52:29.789, 0, 4, 81920, 26, 59.54
2026/02/05 05:52:59.790, 0, 4, 81920, 24, 59.25
2026/02/05 05:53:29.790, 91, 6313, 81920, 34, 225.46
2026/02/05 05:53:59.790, 7, 2697, 81920, 25, 70.33
2026/02/05 05:54:29.791, 0, 4, 81920, 25, 59.54
2026/02/05 05:54:59.791, 0, 4, 81920, 24, 58.96
2026/02/05 05:55:29.792, 91, 6273, 81920, 35, 211.95
2026/02/05 05:55:59.792, 100, 5169, 81920, 36, 303.29
2026/02/05 05:56:29.793, 0, 4, 81920, 25, 59.18
2026/02/05 05:56:59.794, 0, 4, 81920, 24, 58.89
2026/02/05 05:57:29.795, 0, 557, 81920, 27, 80.54
2026/02/05 05:57:59.796, 97, 5099, 81920, 40, 271.79
2026/02/05 05:58:29.797, 0, 4, 81920, 24, 59.25
2026/02/05 05:58:59.797, 0, 4, 81920, 24, 58.89
2026/02/05 05:59:29.798, 0, 557, 81920, 25, 70.25
2026/02/05 05:59:59.799, 97, 5223, 81920, 41, 268.26
2026/02/05 06:00:29.800, 0, 4, 81920, 24, 58.96
2026/02/05 06:00:59.800, 0, 4, 81920, 23, 58.96
2026/02/05 06:01:29.801, 0, 4, 81920, 23, 58.64
2026/02/05 06:01:59.802, 3, 6243, 81920, 29, 81.61
2026/02/05 06:02:29.803, 97, 5141, 81920, 38, 302.22
2026/02/05 06:02:59.804, 0, 4, 81920, 24, 59.25
2026/02/05 06:03:29.807, 0, 4, 81920, 23, 58.96
2026/02/05 06:03:59.808, 0, 557, 81920, 26, 70.54
2026/02/05 06:04:29.809, 97, 5253, 81920, 40, 302.70
2026/02/05 06:04:59.809, 0, 4, 81920, 24, 58.89
2026/02/05 06:05:29.810, 0, 4, 81920, 23, 58.96
2026/02/05 06:05:59.811, 0, 557, 81920, 25, 70.09
2026/02/05 06:06:29.812, 97, 5233, 81920, 40, 306.82
2026/02/05 06:06:59.812, 0, 4, 81920, 23, 58.76
2026/02/05 06:07:29.813, 0, 4, 81920, 23, 58.96
2026/02/05 06:07:59.814, 0, 557, 81920, 25, 70.25
2026/02/05 06:08:29.815, 6, 5279, 81920, 32, 83.26
2026/02/05 06:08:59.816, 0, 4, 81920, 24, 58.89
2026/02/05 06:09:29.817, 13, 2609, 81920, 24, 70.86
2026/02/05 06:09:59.818, 0, 557, 81920, 25, 70.33
2026/02/05 06:10:29.818, 0, 4, 81920, 27, 60.07
2026/02/05 06:10:59.819, 0, 4, 81920, 24, 58.96
2026/02/05 06:11:29.820, 99, 6195, 81920, 35, 316.26
2026/02/05 06:11:59.821, 0, 557, 81920, 24, 70.09
2026/02/05 06:12:29.822, 0, 4, 81920, 25, 59.47
2026/02/05 06:12:59.823, 0, 4, 81920, 23, 58.96
2026/02/05 06:13:29.823, 92, 6313, 81920, 34, 206.58
2026/02/05 06:13:59.824, 0, 5203, 81920, 28, 242.96
2026/02/05 06:14:29.825, 0, 4, 81920, 25, 59.18
2026/02/05 06:14:59.826, 0, 4, 81920, 24, 58.96
2026/02/05 06:15:29.826, 91, 6307, 81920, 35, 229.25
2026/02/05 06:15:59.827, 100, 5191, 81920, 34, 308.06
2026/02/05 06:16:29.828, 0, 4, 81920, 25, 59.54
2026/02/05 06:16:59.828, 0, 4, 81920, 24, 58.89
2026/02/05 06:17:29.829, 54, 6309, 81920, 30, 82.97
2026/02/05 06:17:59.830, 97, 5199, 81920, 39, 252.68
2026/02/05 06:18:29.831, 0, 4, 81920, 24, 59.25
2026/02/05 06:18:59.832, 0, 4, 81920, 24, 58.89
2026/02/05 06:19:29.832, 54, 557, 81920, 28, 80.01
2026/02/05 06:19:59.833, 97, 5155, 81920, 40, 304.29
2026/02/05 06:20:29.834, 0, 4, 81920, 25, 59.25
2026/02/05 06:20:59.834, 0, 4, 81920, 24, 58.89
2026/02/05 06:21:29.837, 0, 557, 81920, 26, 70.78
2026/02/05 06:21:59.837, 97, 5091, 81920, 41, 291.72
2026/02/05 06:22:29.838, 0, 4, 81920, 24, 59.25
2026/02/05 06:22:59.839, 0, 4, 81920, 24, 58.96
2026/02/05 06:23:29.840, 0, 4, 81920, 23, 58.89
2026/02/05 06:23:59.841, 0, 557, 81920, 27, 79.72
2026/02/05 06:24:29.841, 97, 5217, 81920, 40, 293.85
2026/02/05 06:24:59.842, 0, 4, 81920, 24, 59.18
2026/02/05 06:25:29.845, 0, 4, 81920, 24, 58.96
2026/02/05 06:25:59.846, 0, 557, 81920, 25, 70.25
2026/02/05 06:26:29.847, 97, 5233, 81920, 42, 284.18
2026/02/05 06:26:59.848, 0, 4, 81920, 24, 59.25
2026/02/05 06:27:29.849, 0, 4, 81920, 24, 58.96
2026/02/05 06:27:59.850, 0, 557, 81920, 25, 70.62
2026/02/05 06:28:29.850, 97, 5155, 81920, 41, 292.45
2026/02/05 06:28:59.851, 0, 4, 81920, 24, 59.25
2026/02/05 06:29:29.851, 0, 4, 81920, 24, 58.96
2026/02/05 06:29:59.851, 0, 557, 81920, 25, 70.54
2026/02/05 06:30:29.852, 97, 5189, 81920, 42, 306.70
2026/02/05 06:30:59.853, 0, 4, 81920, 24, 58.89
2026/02/05 06:31:29.854, 0, 4, 81920, 24, 58.96
2026/02/05 06:31:59.854, 0, 557, 81920, 25, 70.62
2026/02/05 06:32:29.855, 95, 5091, 81920, 40, 283.65
2026/02/05 06:32:59.856, 0, 4, 81920, 24, 58.96
2026/02/05 06:33:29.858, 0, 4, 81920, 24, 58.96
2026/02/05 06:33:59.859, 0, 557, 81920, 25, 70.25
2026/02/05 06:34:29.859, 97, 5233, 81920, 41, 290.67
2026/02/05 06:34:59.860, 0, 4, 81920, 24, 58.96
2026/02/05 06:35:29.860, 0, 4, 81920, 23, 58.89
2026/02/05 06:35:59.861, 0, 557, 81920, 25, 70.62
2026/02/05 06:36:29.861, 6, 5171, 81920, 32, 83.50
2026/02/05 06:36:59.862, 0, 4, 81920, 24, 59.04
2026/02/05 06:37:29.863, 0, 2609, 81920, 24, 70.01
2026/02/05 06:37:59.863, 0, 557, 81920, 25, 70.33
2026/02/05 06:38:29.864, 0, 4, 81920, 27, 71.37
2026/02/05 06:38:59.865, 0, 4, 81920, 24, 58.96
2026/02/05 06:39:29.866, 0, 4, 81920, 23, 58.96
2026/02/05 06:39:59.871, 0, 4, 81920, 23, 58.96
2026/02/05 06:40:29.871, 0, 557, 81920, 25, 70.33
2026/02/05 06:40:59.871, 97, 5131, 81920, 41, 302.70
2026/02/05 06:41:29.872, 0, 4, 81920, 24, 59.25
2026/02/05 06:41:59.873, 0, 4, 81920, 24, 58.96
2026/02/05 06:42:29.875, 0, 557, 81920, 26, 70.54
2026/02/05 06:42:59.876, 97, 5169, 81920, 41, 305.11
2026/02/05 06:43:29.877, 0, 4, 81920, 24, 59.25
2026/02/05 06:43:59.877, 0, 4, 81920, 24, 58.96
2026/02/05 06:44:29.878, 0, 557, 81920, 25, 70.25
2026/02/05 06:44:59.879, 97, 5155, 81920, 42, 285.53
2026/02/05 06:45:29.880, 0, 4, 81920, 24, 59.25
2026/02/05 06:45:59.881, 0, 4, 81920, 23, 58.96
2026/02/05 06:46:29.885, 0, 557, 81920, 25, 70.25
2026/02/05 06:46:59.886, 95, 5233, 81920, 40, 266.67
2026/02/05 06:47:29.887, 0, 4, 81920, 24, 58.89
2026/02/05 06:47:59.887, 0, 4, 81920, 23, 58.96
2026/02/05 06:48:29.888, 0, 557, 81920, 25, 70.25
2026/02/05 06:48:59.889, 97, 5217, 81920, 41, 297.10
2026/02/05 06:49:29.890, 0, 4, 81920, 24, 58.96
2026/02/05 06:49:59.890, 0, 4, 81920, 23, 58.96
2026/02/05 06:50:29.893, 0, 557, 81920, 25, 70.62
2026/02/05 06:50:59.893, 97, 5163, 81920, 42, 276.19
2026/02/05 06:51:29.894, 0, 4, 81920, 24, 58.89
2026/02/05 06:51:59.894, 0, 19, 81920, 23, 58.96
2026/02/05 06:52:29.911, 0, 557, 81920, 25, 70.25
2026/02/05 06:52:59.912, 7, 4, 81920, 29, 73.21
2026/02/05 06:53:29.913, 0, 4, 81920, 24, 58.89
2026/02/05 06:53:59.914, 0, 4, 81920, 24, 58.96
2026/02/05 06:54:29.915, 0, 557, 81920, 25, 70.25
2026/02/05 06:54:59.915, 0, 4, 81920, 29, 72.22
2026/02/05 06:55:29.916, 0, 4, 81920, 24, 59.18
2026/02/05 06:55:59.917, 0, 3041, 81920, 24, 70.33
2026/02/05 06:56:29.918, 0, 557, 81920, 25, 70.25
2026/02/05 06:56:59.919, 0, 4, 81920, 26, 59.78
2026/02/05 06:57:29.920, 0, 4, 81920, 24, 58.96
2026/02/05 06:57:59.920, 0, 3041, 81920, 24, 70.01
2026/02/05 06:58:29.922, 0, 557, 81920, 24, 70.09
2026/02/05 06:58:59.923, 0, 4, 81920, 26, 59.78
2026/02/05 06:59:29.924, 0, 4, 81920, 24, 58.96
2026/02/05 06:59:59.924, 99, 6265, 81920, 35, 312.36
2026/02/05 07:00:29.924, 0, 557, 81920, 25, 70.25
2026/02/05 07:00:59.925, 0, 4, 81920, 26, 59.47
2026/02/05 07:01:29.925, 0, 4, 81920, 24, 58.96
2026/02/05 07:01:59.925, 91, 6375, 81920, 35, 198.49
2026/02/05 07:02:29.925, 100, 5253, 81920, 36, 305.64
2026/02/05 07:02:59.926, 0, 4, 81920, 25, 59.18
2026/02/05 07:03:29.927, 0, 4, 81920, 24, 58.96
2026/02/05 07:03:59.927, 90, 6309, 81920, 32, 83.50
2026/02/05 07:04:29.927, 98, 5199, 81920, 39, 277.99
2026/02/05 07:04:59.928, 0, 4, 81920, 25, 59.25
2026/02/05 07:05:29.929, 0, 4, 81920, 24, 58.96
2026/02/05 07:05:59.930, 0, 4, 81920, 23, 58.89
2026/02/05 07:06:29.930, 0, 6233, 81920, 30, 306.29
2026/02/05 07:06:59.931, 0, 557, 81920, 24, 70.25
2026/02/05 07:07:29.932, 0, 4, 81920, 26, 59.47
2026/02/05 07:07:59.932, 0, 4, 81920, 24, 58.96
2026/02/05 07:08:29.933, 91, 6365, 81920, 35, 225.18
2026/02/05 07:08:59.933, 0, 2697, 81920, 25, 70.25
2026/02/05 07:09:29.934, 0, 4, 81920, 25, 59.47
2026/02/05 07:09:59.935, 0, 4, 81920, 23, 58.89
2026/02/05 07:10:29.936, 91, 6275, 81920, 34, 204.16
2026/02/05 07:10:59.936, 100, 5173, 81920, 32, 301.16
2026/02/05 07:11:29.937, 0, 4, 81920, 25, 59.47
2026/02/05 07:11:59.937, 0, 4, 81920, 24, 58.89
2026/02/05 07:12:29.938, 86, 6211, 81920, 30, 82.97
2026/02/05 07:12:59.939, 97, 5127, 81920, 39, 295.74
2026/02/05 07:13:29.940, 0, 4, 81920, 25, 59.18
2026/02/05 07:13:59.940, 0, 4, 81920, 24, 58.96
2026/02/05 07:14:29.940, 0, 557, 81920, 27, 73.88
2026/02/05 07:14:59.941, 97, 5233, 81920, 40, 282.30
2026/02/05 07:15:29.941, 0, 4, 81920, 24, 59.25
2026/02/05 07:15:59.946, 0, 4, 81920, 24, 58.96
2026/02/05 07:16:29.947, 0, 557, 81920, 27, 79.72
2026/02/05 07:16:59.948, 97, 5193, 81920, 39, 285.00
2026/02/05 07:17:29.948, 0, 4, 81920, 25, 59.18
2026/02/05 07:17:59.949, 0, 4, 81920, 24, 59.25
2026/02/05 07:18:29.950, 0, 557, 81920, 26, 70.54
2026/02/05 07:18:59.951, 97, 5203, 81920, 41, 297.92
2026/02/05 07:19:29.952, 0, 4, 81920, 24, 59.25
2026/02/05 07:19:59.952, 0, 4, 81920, 23, 58.96
2026/02/05 07:20:29.952, 0, 557, 81920, 25, 70.54
2026/02/05 07:20:59.953, 97, 5141, 81920, 41, 277.99
2026/02/05 07:21:29.954, 0, 4, 81920, 24, 59.25
2026/02/05 07:21:59.955, 0, 4, 81920, 24, 58.96
2026/02/05 07:22:29.955, 0, 4, 81920, 24, 58.96
2026/02/05 07:22:59.956, 0, 557, 81920, 27, 70.86
2026/02/05 07:23:29.957, 97, 5155, 81920, 40, 294.44
2026/02/05 07:23:59.958, 0, 4, 81920, 24, 59.25
2026/02/05 07:24:29.959, 0, 4, 81920, 23, 58.96
2026/02/05 07:24:59.960, 0, 557, 81920, 26, 71.16
2026/02/05 07:25:29.960, 97, 5253, 81920, 40, 268.55
2026/02/05 07:25:59.961, 0, 4, 81920, 24, 59.25
2026/02/05 07:26:29.962, 0, 4, 81920, 23, 58.96
2026/02/05 07:26:59.963, 0, 557, 81920, 25, 70.54
2026/02/05 07:27:29.964, 97, 5253, 81920, 41, 306.46
2026/02/05 07:27:59.965, 0, 4, 81920, 24, 58.96
2026/02/05 07:28:29.965, 0, 4, 81920, 23, 58.96
2026/02/05 07:28:59.966, 0, 557, 81920, 25, 70.09
2026/02/05 07:29:29.967, 7, 4, 81920, 29, 81.37
2026/02/05 07:29:59.967, 0, 4, 81920, 24, 58.96
2026/02/05 07:30:29.968, 26, 2609, 81920, 24, 70.25
2026/02/05 07:30:59.969, 0, 557, 81920, 25, 70.09
2026/02/05 07:31:29.969, 0, 4, 81920, 28, 71.61
2026/02/05 07:31:59.970, 0, 4, 81920, 24, 58.96
2026/02/05 07:32:29.971, 29, 2609, 81920, 24, 70.01
2026/02/05 07:32:59.972, 0, 557, 81920, 25, 70.01
2026/02/05 07:33:29.972, 0, 4, 81920, 27, 71.08
2026/02/05 07:33:59.973, 0, 4, 81920, 24, 58.89
2026/02/05 07:34:29.973, 13, 2609, 81920, 24, 70.09
2026/02/05 07:34:59.974, 0, 557, 81920, 25, 70.33
2026/02/05 07:35:29.975, 0, 4, 81920, 27, 60.25
2026/02/05 07:35:59.976, 0, 4, 81920, 24, 58.96
2026/02/05 07:36:29.977, 0, 4, 81920, 24, 58.96
2026/02/05 07:36:59.978, 2, 571, 81920, 24, 74.32
2026/02/05 07:37:29.978, 0, 557, 81920, 24, 70.09
2026/02/05 07:37:59.979, 0, 4, 81920, 28, 71.16
2026/02/05 07:38:29.980, 0, 4, 81920, 24, 58.96
2026/02/05 07:38:59.981, 99, 6263, 81920, 35, 317.85
2026/02/05 07:39:29.982, 0, 557, 81920, 25, 70.25
2026/02/05 07:39:59.982, 0, 4, 81920, 26, 59.54
2026/02/05 07:40:29.983, 0, 4, 81920, 23, 58.96
2026/02/05 07:40:59.984, 91, 6307, 81920, 35, 223.29
2026/02/05 07:41:29.985, 100, 5191, 81920, 33, 300.52
2026/02/05 07:41:59.986, 0, 4, 81920, 25, 59.25
2026/02/05 07:42:29.986, 0, 4, 81920, 24, 58.96
2026/02/05 07:42:59.987, 91, 6275, 81920, 35, 223.58
2026/02/05 07:43:29.988, 100, 5171, 81920, 37, 322.07
2026/02/05 07:43:59.988, 0, 4, 81920, 25, 59.25
2026/02/05 07:44:29.989, 0, 4, 81920, 24, 58.96
2026/02/05 07:44:59.990, 0, 557, 81920, 26, 70.62
2026/02/05 07:45:29.991, 97, 5141, 81920, 40, 294.44
2026/02/05 07:45:59.992, 0, 4, 81920, 24, 59.25
2026/02/05 07:46:29.993, 0, 4, 81920, 24, 58.96
2026/02/05 07:46:59.993, 0, 557, 81920, 26, 70.54
2026/02/05 07:47:29.994, 97, 5223, 81920, 41, 253.46
2026/02/05 07:47:59.995, 0, 4, 81920, 24, 59.18
2026/02/05 07:48:29.996, 0, 4, 81920, 24, 58.96
2026/02/05 07:48:59.997, 0, 557, 81920, 25, 70.25
2026/02/05 07:49:29.997, 97, 5223, 81920, 42, 261.01
2026/02/05 07:49:59.998, 0, 4, 81920, 24, 59.25
2026/02/05 07:50:29.998, 0, 4, 81920, 24, 58.96
2026/02/05 07:50:59.998, 0, 557, 81920, 25, 70.33
2026/02/05 07:51:29.999, 7, 5273, 81920, 32, 82.97
2026/02/05 07:52:00.000, 0, 4, 81920, 24, 58.96
2026/02/05 07:52:30.001, 0, 4, 81920, 24, 58.89
2026/02/05 07:53:00.002, 0, 4, 81920, 23, 58.96
2026/02/05 07:53:30.003, 0, 557, 81920, 25, 70.54
2026/02/05 07:54:00.003, 96, 5223, 81920, 41, 304.93
2026/02/05 07:54:30.004, 0, 4, 81920, 24, 59.25
2026/02/05 07:55:00.005, 0, 4, 81920, 24, 58.89
2026/02/05 07:55:30.006, 0, 557, 81920, 25, 70.01
2026/02/05 07:56:00.006, 0, 555, 81920, 29, 81.37
2026/02/05 07:56:30.007, 0, 4, 81920, 24, 58.96
2026/02/05 07:57:00.009, 0, 4, 81920, 23, 58.96
2026/02/05 07:57:30.010, 0, 557, 81920, 25, 70.33
2026/02/05 07:58:00.010, 0, 4, 81920, 29, 81.37
2026/02/05 07:58:30.011, 0, 4, 81920, 24, 59.25
2026/02/05 07:59:00.011, 68, 6359, 81920, 34, 226.53
2026/02/05 07:59:30.013, 0, 557, 81920, 25, 70.25
2026/02/05 08:00:00.014, 0, 4, 81920, 25, 59.47
2026/02/05 08:00:30.015, 0, 4, 81920, 24, 58.96
2026/02/05 08:01:00.015, 91, 6379, 81920, 35, 216.02
2026/02/05 08:01:30.015, 100, 5255, 81920, 38, 311.83
2026/02/05 08:02:00.016, 0, 4, 81920, 25, 59.18
2026/02/05 08:02:30.017, 0, 4, 81920, 24, 58.96
2026/02/05 08:03:00.018, 10, 6431, 81920, 30, 83.50
2026/02/05 08:03:30.018, 96, 5301, 81920, 38, 299.74
2026/02/05 08:04:00.019, 0, 4, 81920, 25, 59.25
2026/02/05 08:04:30.020, 0, 4, 81920, 23, 58.96
2026/02/05 08:05:00.020, 0, 557, 81920, 26, 70.54
2026/02/05 08:05:30.021, 97, 5233, 81920, 39, 277.46
2026/02/05 08:06:00.021, 0, 4, 81920, 24, 58.96
2026/02/05 08:06:30.022, 0, 4, 81920, 23, 58.96
2026/02/05 08:07:00.023, 0, 557, 81920, 25, 70.25
2026/02/05 08:07:30.023, 97, 5229, 81920, 41, 306.18
2026/02/05 08:08:00.024, 0, 4, 81920, 24, 58.96
2026/02/05 08:08:30.024, 0, 4, 81920, 23, 58.96
2026/02/05 08:09:00.025, 0, 557, 81920, 24, 70.09
2026/02/05 08:09:30.026, 6, 5149, 81920, 31, 81.46
2026/02/05 08:10:00.027, 0, 4, 81920, 23, 58.89
2026/02/05 08:10:30.027, 0, 4, 81920, 23, 58.96
2026/02/05 08:11:00.028, 0, 4, 81920, 23, 58.96
2026/02/05 08:11:30.032, 0, 557, 81920, 25, 70.25
2026/02/05 08:12:00.033, 97, 5237, 81920, 41, 304.29
2026/02/05 08:12:30.033, 0, 4, 81920, 24, 58.89
2026/02/05 08:13:00.034, 0, 4, 81920, 23, 58.96
2026/02/05 08:13:30.035, 0, 557, 81920, 24, 70.09
2026/02/05 08:14:00.035, 61, 555, 81920, 30, 81.70
2026/02/05 08:14:30.036, 0, 4, 81920, 23, 58.96
2026/02/05 08:15:00.037, 99, 6263, 81920, 33, 312.72
2026/02/05 08:15:30.039, 0, 557, 81920, 24, 70.09
2026/02/05 08:16:00.040, 0, 4, 81920, 26, 59.54
2026/02/05 08:16:30.041, 0, 4, 81920, 24, 58.96
2026/02/05 08:17:00.041, 91, 6227, 81920, 35, 222.22
2026/02/05 08:17:30.042, 100, 5137, 81920, 35, 310.47
2026/02/05 08:18:00.043, 0, 4, 81920, 24, 59.25
2026/02/05 08:18:30.044, 0, 4, 81920, 23, 58.96
2026/02/05 08:19:00.044, 0, 557, 81920, 27, 79.81
2026/02/05 08:19:30.044, 97, 5127, 81920, 40, 306.46
2026/02/05 08:20:00.045, 0, 4, 81920, 24, 59.25
2026/02/05 08:20:30.046, 0, 4, 81920, 24, 58.96
2026/02/05 08:21:00.046, 0, 557, 81920, 25, 70.54
2026/02/05 08:21:30.047, 97, 5155, 81920, 41, 298.98
2026/02/05 08:22:00.048, 0, 4, 81920, 24, 59.25
2026/02/05 08:22:30.056, 0, 4, 81920, 23, 58.89
2026/02/05 08:23:00.056, 0, 557, 81920, 25, 70.33
2026/02/05 08:23:30.057, 97, 5169, 81920, 41, 256.99
2026/02/05 08:24:00.058, 0, 4, 81920, 24, 59.25
2026/02/05 08:24:30.058, 0, 4, 81920, 24, 58.96
2026/02/05 08:25:00.059, 0, 557, 81920, 25, 70.62
2026/02/05 08:25:30.059, 6, 5183, 81920, 31, 82.97
2026/02/05 08:26:00.060, 0, 4, 81920, 24, 59.25
2026/02/05 08:26:30.061, 0, 4, 81920, 24, 58.96
2026/02/05 08:27:00.068, 0, 557, 81920, 25, 70.33
2026/02/05 08:27:30.068, 0, 4, 81920, 29, 81.90
2026/02/05 08:28:00.082, 0, 4, 81920, 24, 59.25
2026/02/05 08:28:30.083, 0, 3041, 81920, 24, 70.33
2026/02/05 08:29:00.084, 0, 557, 81920, 25, 70.09
2026/02/05 08:29:30.085, 0, 4, 81920, 26, 59.78
2026/02/05 08:30:00.086, 0, 4, 81920, 24, 59.25
2026/02/05 08:30:30.086, 0, 4, 81920, 24, 58.96
2026/02/05 08:31:00.087, 99, 6115, 81920, 33, 328.79
2026/02/05 08:31:30.088, 0, 557, 81920, 24, 70.33
2026/02/05 08:32:00.089, 0, 4, 81920, 26, 59.54
2026/02/05 08:32:30.090, 0, 4, 81920, 24, 58.96
2026/02/05 08:33:00.090, 92, 6363, 81920, 34, 215.20
2026/02/05 08:33:30.091, 0, 557, 81920, 25, 70.33
2026/02/05 08:34:00.092, 0, 4, 81920, 25, 59.54
2026/02/05 08:34:30.099, 0, 4, 81920, 24, 59.25
2026/02/05 08:35:00.099, 91, 6189, 81920, 35, 224.89
2026/02/05 08:35:30.100, 0, 2907, 81920, 25, 70.25
2026/02/05 08:36:00.101, 0, 4, 81920, 25, 59.54
2026/02/05 08:36:30.102, 0, 4, 81920, 24, 58.96
2026/02/05 08:37:00.102, 90, 6211, 81920, 34, 306.00
2026/02/05 08:37:30.103, 97, 5127, 81920, 39, 303.58
2026/02/05 08:38:00.104, 0, 4, 81920, 25, 59.54
2026/02/05 08:38:30.107, 0, 4, 81920, 24, 59.25
2026/02/05 08:39:00.108, 0, 557, 81920, 26, 70.62
2026/02/05 08:39:30.108, 97, 5203, 81920, 41, 306.00
2026/02/05 08:40:00.109, 0, 4, 81920, 24, 59.04
2026/02/05 08:40:30.110, 0, 4, 81920, 24, 58.96
2026/02/05 08:41:00.110, 0, 557, 81920, 25, 70.62
2026/02/05 08:41:30.111, 97, 5169, 81920, 40, 291.19
2026/02/05 08:42:00.112, 0, 4, 81920, 24, 58.96
2026/02/05 08:42:30.112, 0, 4, 81920, 24, 58.96
2026/02/05 08:43:00.113, 0, 557, 81920, 25, 70.62
2026/02/05 08:43:30.114, 3, 4, 81920, 29, 71.61
2026/02/05 08:44:00.115, 0, 4, 81920, 24, 58.96
2026/02/05 08:44:30.116, 100, 6131, 81920, 36, 315.06
2026/02/05 08:45:00.116, 0, 557, 81920, 24, 70.33
2026/02/05 08:45:30.117, 0, 4, 81920, 25, 59.54
2026/02/05 08:46:00.118, 0, 4, 81920, 23, 58.96
2026/02/05 08:46:30.119, 0, 4, 81920, 24, 58.96
2026/02/05 08:47:00.120, 0, 4, 81920, 24, 58.96
2026/02/05 08:47:30.120, 0, 4, 81920, 24, 58.96
2026/02/05 08:48:00.121, 0, 557, 81920, 26, 70.86
2026/02/05 08:48:30.122, 97, 5155, 81920, 40, 305.71
2026/02/05 08:49:00.123, 0, 4, 81920, 24, 58.96
2026/02/05 08:49:30.124, 0, 4, 81920, 24, 58.96
2026/02/05 08:50:00.125, 0, 4, 81920, 23, 58.96
2026/02/05 08:50:30.126, 0, 4, 81920, 23, 58.96
2026/02/05 08:51:00.127, 0, 4, 81920, 23, 58.96
2026/02/05 08:51:30.128, 0, 4, 81920, 23, 58.96
2026/02/05 08:52:00.129, 0, 557, 81920, 27, 79.81
2026/02/05 08:52:30.130, 97, 5139, 81920, 40, 287.13
2026/02/05 08:53:00.131, 0, 4, 81920, 24, 58.96
2026/02/05 08:53:30.131, 0, 4, 81920, 23, 58.71
2026/02/05 08:54:00.132, 0, 4, 81920, 23, 58.71
2026/02/05 08:54:30.133, 0, 4, 81920, 23, 58.96
2026/02/05 08:55:00.134, 0, 4, 81920, 23, 58.71
2026/02/05 08:55:30.135, 0, 557, 81920, 26, 70.62
2026/02/05 08:56:00.136, 97, 5189, 81920, 40, 267.73
2026/02/05 08:56:30.137, 0, 4, 81920, 24, 59.25
2026/02/05 08:57:00.138, 0, 4, 81920, 23, 58.96
2026/02/05 08:57:30.139, 0, 4, 81920, 23, 58.82
2026/02/05 08:58:00.140, 0, 4, 81920, 23, 58.71
2026/02/05 08:58:30.141, 0, 3041, 81920, 24, 70.01
2026/02/05 08:59:00.142, 0, 557, 81920, 24, 70.33
2026/02/05 08:59:30.142, 8, 4, 81920, 27, 71.16
2026/02/05 09:00:00.143, 0, 4, 81920, 24, 58.96
2026/02/05 09:00:30.144, 0, 4, 81920, 23, 58.96
2026/02/05 09:01:00.145, 0, 4, 81920, 23, 58.96
2026/02/05 09:01:30.146, 0, 4, 81920, 23, 58.71
2026/02/05 09:02:00.146, 91, 6263, 81920, 35, 216.27
2026/02/05 09:02:30.147, 100, 5161, 81920, 35, 303.58
2026/02/05 09:03:00.147, 0, 4, 81920, 24, 59.25
2026/02/05 09:03:30.148, 0, 4, 81920, 23, 58.96
2026/02/05 09:04:00.149, 0, 4, 81920, 23, 58.71
2026/02/05 09:04:30.150, 0, 4, 81920, 23, 58.96
2026/02/05 09:05:00.151, 0, 2609, 81920, 24, 69.79
2026/02/05 09:05:30.152, 0, 557, 81920, 25, 70.33
2026/02/05 09:06:00.153, 97, 5173, 81920, 41, 282.00
2026/02/05 09:06:30.153, 0, 4, 81920, 23, 58.96
2026/02/05 09:07:00.154, 0, 4, 81920, 23, 58.76
2026/02/05 09:07:30.155, 3, 3041, 81920, 24, 70.29
2026/02/05 09:08:00.155, 0, 557, 81920, 25, 70.00
2026/02/05 09:08:30.156, 0, 4, 81920, 27, 59.79
2026/02/05 09:09:00.157, 0, 4, 81920, 24, 59.04
2026/02/05 09:09:30.158, 92, 6297, 81920, 36, 214.76
2026/02/05 09:10:00.158, 100, 5189, 81920, 38, 315.31
2026/02/05 09:10:30.159, 0, 4, 81920, 25, 59.33
2026/02/05 09:11:00.160, 0, 4, 81920, 24, 58.98
2026/02/05 09:11:30.163, 0, 557, 81920, 26, 70.29
2026/02/05 09:12:00.163, 97, 5271, 81920, 42, 303.22
2026/02/05 09:12:30.164, 0, 4, 81920, 25, 59.33
2026/02/05 09:13:00.165, 0, 4, 81920, 24, 59.33
2026/02/05 09:13:30.166, 0, 4, 81920, 24, 59.25
2026/02/05 09:14:00.167, 77, 557, 81920, 28, 83.26
2026/02/05 09:14:30.168, 96, 5125, 81920, 39, 294.68
2026/02/05 09:15:00.169, 0, 4, 81920, 25, 59.25
2026/02/05 09:15:30.170, 0, 4, 81920, 24, 58.96
2026/02/05 09:16:00.170, 6, 6299, 81920, 28, 80.88
2026/02/05 09:16:30.171, 97, 5189, 81920, 39, 251.09
2026/02/05 09:17:00.171, 0, 4, 81920, 24, 59.25
2026/02/05 09:17:30.172, 0, 4, 81920, 24, 58.96
2026/02/05 09:18:00.172, 0, 557, 81920, 26, 70.86
2026/02/05 09:18:30.172, 97, 5077, 81920, 41, 287.13
2026/02/05 09:19:00.173, 0, 4, 81920, 24, 59.25
2026/02/05 09:19:30.174, 0, 4, 81920, 23, 58.96
2026/02/05 09:20:00.174, 0, 557, 81920, 25, 70.62
2026/02/05 09:20:30.175, 6, 5185, 81920, 32, 83.26
2026/02/05 09:21:00.176, 0, 4, 81920, 24, 59.25
2026/02/05 09:21:30.176, 0, 3041, 81920, 24, 70.09
2026/02/05 09:22:00.176, 0, 557, 81920, 25, 70.33
2026/02/05 09:22:30.177, 0, 4, 81920, 27, 59.78
2026/02/05 09:23:00.177, 0, 4, 81920, 24, 58.96
2026/02/05 09:23:30.178, 91, 6307, 81920, 34, 233.55
2026/02/05 09:24:00.178, 0, 557, 81920, 24, 70.09
2026/02/05 09:24:30.179, 0, 4, 81920, 25, 59.54
2026/02/05 09:25:00.180, 0, 4, 81920, 24, 59.25
2026/02/05 09:25:30.181, 0, 3041, 81920, 24, 70.33
2026/02/05 09:26:00.182, 0, 557, 81920, 25, 70.25
2026/02/05 09:26:30.182, 97, 5141, 81920, 41, 305.11
2026/02/05 09:27:00.183, 0, 4, 81920, 24, 58.96
2026/02/05 09:27:30.184, 0, 4, 81920, 23, 58.96
2026/02/05 09:28:00.185, 0, 4, 81920, 23, 58.96
2026/02/05 09:28:30.186, 0, 4, 81920, 23, 58.71
2026/02/05 09:29:00.186, 0, 3041, 81920, 24, 70.09
2026/02/05 09:29:30.193, 0, 557, 81920, 24, 69.79
2026/02/05 09:30:00.194, 0, 4, 81920, 25, 59.54
2026/02/05 09:30:30.195, 0, 4, 81920, 23, 58.96
2026/02/05 09:31:00.196, 0, 4, 81920, 23, 58.71
2026/02/05 09:31:30.197, 0, 4, 81920, 23, 58.71
2026/02/05 09:32:00.198, 0, 4, 81920, 23, 58.71
2026/02/05 09:32:30.199, 0, 4, 81920, 23, 58.71
2026/02/05 09:33:00.199, 0, 557, 81920, 26, 80.25
2026/02/05 09:33:30.200, 97, 5203, 81920, 39, 251.86
2026/02/05 09:34:00.201, 0, 4, 81920, 24, 58.96
2026/02/05 09:34:30.201, 0, 4, 81920, 23, 58.96
2026/02/05 09:35:00.202, 0, 2609, 81920, 23, 69.79
2026/02/05 09:35:30.203, 0, 557, 81920, 24, 70.33
2026/02/05 09:36:00.204, 0, 4, 81920, 27, 60.07
2026/02/05 09:36:30.204, 0, 4, 81920, 23, 58.96
2026/02/05 09:37:00.205, 0, 3041, 81920, 24, 70.09
2026/02/05 09:37:30.208, 0, 557, 81920, 24, 70.25
2026/02/05 09:38:00.209, 0, 4, 81920, 26, 60.07
2026/02/05 09:38:30.210, 0, 4, 81920, 24, 58.96
2026/02/05 09:39:00.211, 0, 3041, 81920, 24, 70.09
2026/02/05 09:39:30.212, 0, 557, 81920, 25, 70.33
2026/02/05 09:40:00.213, 0, 4, 81920, 26, 59.78
2026/02/05 09:40:30.214, 0, 4, 81920, 24, 58.89
2026/02/05 09:41:00.214, 0, 4, 81920, 24, 58.96
2026/02/05 09:41:30.214, 0, 557, 81920, 25, 70.25
2026/02/05 09:42:00.215, 95, 5231, 81920, 41, 317.32
2026/02/05 09:42:30.216, 0, 4, 81920, 24, 58.96
2026/02/05 09:43:00.216, 0, 4, 81920, 23, 58.96
2026/02/05 09:43:30.217, 0, 557, 81920, 25, 70.62
2026/02/05 09:44:00.218, 0, 519, 81920, 29, 81.37
2026/02/05 09:44:30.219, 0, 4, 81920, 24, 58.96
2026/02/05 09:45:00.219, 0, 3041, 81920, 24, 70.01
2026/02/05 09:45:30.219, 0, 557, 81920, 25, 70.33
2026/02/05 09:46:00.220, 0, 4, 81920, 26, 59.78
2026/02/05 09:46:30.220, 0, 4, 81920, 24, 58.96
2026/02/05 09:47:00.221, 91, 6263, 81920, 35, 228.66
2026/02/05 09:47:30.221, 100, 5159, 81920, 37, 316.50
2026/02/05 09:48:00.222, 0, 4, 81920, 25, 59.54
2026/02/05 09:48:30.223, 0, 4, 81920, 24, 58.96
2026/02/05 09:49:00.231, 0, 557, 81920, 26, 70.86
2026/02/05 09:49:30.232, 97, 5221, 81920, 41, 269.38
2026/02/05 09:50:00.232, 0, 4, 81920, 24, 59.25
2026/02/05 09:50:30.233, 0, 4, 81920, 24, 58.96
2026/02/05 09:51:00.234, 0, 557, 81920, 25, 70.54
2026/02/05 09:51:30.234, 97, 5189, 81920, 42, 252.11
2026/02/05 09:52:00.235, 0, 4, 81920, 24, 59.25
2026/02/05 09:52:30.236, 0, 4, 81920, 24, 59.25
2026/02/05 09:53:00.236, 0, 557, 81920, 25, 70.62
2026/02/05 09:53:30.237, 6, 5315, 81920, 31, 83.06
2026/02/05 09:54:00.239, 0, 4, 81920, 24, 59.25
2026/02/05 09:54:30.239, 2, 2707, 81920, 24, 71.16
2026/02/05 09:55:00.240, 0, 557, 81920, 25, 70.33
2026/02/05 09:55:30.240, 0, 4, 81920, 27, 60.07
2026/02/05 09:56:00.241, 0, 4, 81920, 24, 58.96
2026/02/05 09:56:30.242, 0, 4, 81920, 23, 58.96
2026/02/05 09:57:00.243, 0, 4, 81920, 23, 58.96
2026/02/05 09:57:30.243, 0, 557, 81920, 25, 70.33
2026/02/05 09:58:00.244, 0, 519, 81920, 29, 81.61
2026/02/05 09:58:30.245, 0, 4, 81920, 24, 59.25
2026/02/05 09:59:00.246, 70, 6343, 81920, 34, 230.85
2026/02/05 09:59:30.247, 0, 557, 81920, 24, 70.09
2026/02/05 10:00:00.247, 0, 4, 81920, 25, 59.47
2026/02/05 10:00:30.248, 0, 4, 81920, 23, 58.96
2026/02/05 10:01:00.249, 91, 6331, 81920, 34, 235.98
2026/02/05 10:01:30.249, 100, 5217, 81920, 33, 319.37
2026/02/05 10:02:00.250, 0, 4, 81920, 25, 59.25
2026/02/05 10:02:30.251, 0, 4, 81920, 24, 58.96
2026/02/05 10:03:00.252, 91, 6307, 81920, 35, 222.46
2026/02/05 10:03:30.253, 97, 5199, 81920, 38, 316.95
2026/02/05 10:04:00.254, 0, 4, 81920, 25, 59.25
2026/02/05 10:04:30.254, 0, 4, 81920, 24, 58.96
2026/02/05 10:05:00.256, 0, 557, 81920, 25, 70.33
2026/02/05 10:05:30.257, 97, 5141, 81920, 41, 262.07
2026/02/05 10:06:00.258, 0, 4, 81920, 24, 58.96
2026/02/05 10:06:30.258, 0, 4, 81920, 23, 58.96
2026/02/05 10:07:00.262, 0, 557, 81920, 24, 70.33
2026/02/05 10:07:30.263, 0, 4, 81920, 29, 80.25
2026/02/05 10:08:00.264, 0, 4, 81920, 23, 58.96
2026/02/05 10:08:30.264, 91, 6123, 81920, 34, 226.00
2026/02/05 10:09:00.265, 0, 2697, 81920, 24, 70.09
2026/02/05 10:09:30.266, 0, 4, 81920, 25, 59.18
2026/02/05 10:10:00.266, 0, 4, 81920, 23, 58.96
2026/02/05 10:10:30.267, 0, 4, 81920, 23, 58.96
2026/02/05 10:11:00.268, 90, 6209, 81920, 34, 199.50
2026/02/05 10:11:30.268, 100, 5127, 81920, 31, 300.34
2026/02/05 10:12:00.269, 0, 4, 81920, 24, 59.25
2026/02/05 10:12:30.270, 0, 4, 81920, 23, 58.96
2026/02/05 10:13:00.271, 91, 6241, 81920, 35, 235.41
2026/02/05 10:13:30.271, 100, 5155, 81920, 37, 305.71
2026/02/05 10:14:00.272, 0, 4, 81920, 24, 59.25
2026/02/05 10:14:30.273, 0, 4, 81920, 24, 58.96
2026/02/05 10:15:00.273, 0, 557, 81920, 26, 70.62
2026/02/05 10:15:30.274, 97, 5077, 81920, 40, 303.22
2026/02/05 10:16:00.275, 0, 4, 81920, 24, 59.25
