CLID,PDB,CHAIN,MUT,DDG,SOURCE_FILE
2LZMA,107L,A,G44S,0.5,ssym
2LZMA,108L,A,I44S,-0.3,ssym
2LZMA,109L,A,K44S,-0.2,ssym
2LZMA,110L,A,L44S,-0.4,ssym
2LZMA,111L,A,N44S,0.1,ssym
2LZMA,112L,A,P44S,3.0,ssym
2LZMA,113L,A,R44S,-0.2,ssym
2LZMA,114L,A,T44S,-0.01,ssym
2LZMA,115L,A,V44S,-0.1,ssym
2LZMA,118L,A,S130A,1.0,ssym
2LZMA,119L,A,S134A,0.1,ssym
2LZMA,120L,A,S41A,0.6,ssym
2LZMA,122L,A,S73A,0.4,ssym
2LZMA,123L,A,S82A,0.3,ssym
2LZMA,125L,A,S98A,2.5,ssym
2LZMA,126L,A,T149V,2.8,ssym
2LZMA,127L,A,T75V,1.3,ssym
2LZMA,128L,A,T87V,1.6,ssym
12,12CA,A,G145R,-0.36,korpm
2LZMA,137L,A,F44S,-0.1,ssym
2LZMA,149L,A,L3I,-0.7,ssym
2LZMA,150L,A,I6M,1.4,ssym
2LZMA,172L,A,C3I,-1.2,ssym
30,1A23,A,C30S,-1.8,korpm
1A23A,1A23,A,C30S;C33S,-2.0,ptmul
30,1A23,A,C33S,-1.1,korpm
30,1A23,A,H32L,-4.6,korpm
1A23A,1A23,A,H32L,5.3,vb1432
30,1A23,A,H32S,-5.2,korpm
1A23A,1A23,A,H32S,5.2,vb1432
1A23A,1A23,A,H32Y,6.8,vb1432
1A43A,1A43,A,C218S,-3.7,s2648
1A43A,1A43,A,E159D,-4.55,s2648
1A43A,1A43,A,G156A,-2.4,s2648
1A43A,1A43,A,R167A,-4.55,s2648
1A43A,1A43,A,W184A,-0.7,s2648
13,1A5E,A,L121R,0.66,korpm
1A5EA,1A5E,A,L121R,0.55,s2648
13,1A5E,A,L37S,0.71,korpm
1A5EA,1A5E,A,L37S,0.81,s2648
13,1A5E,A,W15D,0.17,korpm
1A5EA,1A5E,A,W15D,0.19,s2648
1A5EA,1A5E,A,W15D;L37S;L121R,1.42,ptmul
31,1A7V,A,A104H,-2.69,korpm
31,1A7V,A,A91H,-1.7,korpm
31,1A7V,A,D3H,-1.37,korpm
31,1A7V,A,D58H,-2.05,korpm
31,1A7V,A,E73H,-3.01,korpm
31,1A7V,A,K20H,-2.88,korpm
31,1A7V,A,K31H,-1.36,korpm
31,1A7V,A,K39H,-1.86,korpm
31,1A7V,A,K49H,-2.02,korpm
31,1A7V,A,K84H,-2.88,korpm
31,1A7V,A,K97H,-1.97,korpm
1AARA,1AAR,A,F45W,0.6,broom
1AARA,1AAR,A,F45W,0.32,vb1432
1AARA,1AAR,A,H68E,0.76,vb1432
1AARA,1AAR,A,H68Q,0.55,vb1432
1AARA,1AAR,A,K27Q,-1.91,vb1432
1AARA,1AAR,A,K29N,-1.48,vb1432
1AARA,1AAR,A,K29Q,-1.67,vb1432
1AARA,1AAR,A,K6E,0.53,vb1432
1AARA,1AAR,A,K6Q,0.26,vb1432
1AARA,1AAR,A,R42E,1.63,vb1432
1AARA,1AAR,A,R72Q,-0.33,vb1432
1ACBI,1ACB,I,L27A;V54A,-1.97,ptmul
6,1ACB,I,L27I,-0.22,korpm
6,1ACB,I,P58Y,-0.67,korpm
6,1ACB,I,V14A,-1.04,korpm
1ACBI,1ACB,I,V14A;V18A,-2.52,ptmul
6,1ACB,I,V34L,-0.31,korpm
1ACBI,1ACB,I,V54A;V62A,-2.87,ptmul
1LS4A,1AEP,A,A137K,-1.4,s2648
1LS4A,1AEP,A,L14K,-1.18,s2648
1LS4A,1AEP,A,T141A,-1.03,s2648
1LS4A,1AEP,A,T28A,0.48,s2648
1AG2A,1AG2,A,D178N;M129N,-1.72,ptmul
1AG2A,1AG2,A,D178N;M129V,-1.91,ptmul
1AG2A,1AG2,A,E200K,-0.23,s2648
1AG2A,1AG2,A,E200K,-0.14,vb1432
1AG2A,1AG2,A,F175W,-0.05,s2648
3,1AG2,A,F198S,-2.46,korpm
1AG2A,1AG2,A,F198S,-2.15,s2648
1AG2A,1AG2,A,F198S,-2.46,vb1432
3,1AG2,A,M129V,-0.33,korpm
1AG2A,1AG2,A,M129V,-0.11,s2648
1AG2A,1AG2,A,M129V,-0.33,vb1432
3,1AG2,A,Q217R,-2.13,korpm
1AG2A,1AG2,A,Q217R,-1.88,s2648
1AG2A,1AG2,A,Q217R,-2.13,vb1432
3,1AG2,A,R208H,-1.44,korpm
1AG2A,1AG2,A,R208H,-1.05,s2648
1AG2A,1AG2,A,R208H,-1.43,vb1432
1AG2A,1AG2,A,T183A,-4.04,s2648
1AG2A,1AG2,A,T183A,-4.62,vb1432
3,1AG2,A,T190V,-0.17,korpm
1AG2A,1AG2,A,T190V,0.19,s2648
1AG2A,1AG2,A,T190V,0.17,vb1432
1AG2A,1AG2,A,V180I,-0.25,s2648
1AG2A,1AG2,A,V180I,-0.5,vb1432
1AG2A,1AG2,A,V210I,-0.07,s2648
1AG2A,1AG2,A,V210I,-0.26,vb1432
1CUNA,1AJ3,A,A102G,-2.6,s2648
1CUNA,1AJ3,A,A104G,-1.8,s2648
1CUNA,1AJ3,A,A54G,-1.1,s2648
1CUNA,1AJ3,A,A58G,-1.1,s2648
1CUNA,1AJ3,A,A89G,-1.1,s2648
1CUNA,1AJ3,A,D17A,-0.2,s2648
1CUNA,1AJ3,A,D17G,-1.2,s2648
1CUNA,1AJ3,A,D68A,-0.1,s2648
1CUNA,1AJ3,A,D68G,-1.3,s2648
1CUNA,1AJ3,A,D93A,0.7,broom
14,1AJ3,A,D93A,0.7,korpm
1CUNA,1AJ3,A,D93A,0.7,s2648
1CUNA,1AJ3,A,D93G,-0.3,broom
1CUNA,1AJ3,A,D93G,-0.3,s2648
1CUNA,1AJ3,A,E25A,0.1,broom
14,1AJ3,A,E25A,0.1,korpm
1CUNA,1AJ3,A,E25A,0.1,s2648
1CUNA,1AJ3,A,E25G,-1.1,s2648
1CUNA,1AJ3,A,F12A,-3.7,s2648
1CUNA,1AJ3,A,F12L,-1.3,s2648
1CUNA,1AJ3,A,F91A,-2.8,s2648
14,1AJ3,A,F91L,0.5,korpm
1CUNA,1AJ3,A,F91L,0.5,s2648
1CUNA,1AJ3,A,H10A,0.5,broom
14,1AJ3,A,H10A,0.5,korpm
1CUNA,1AJ3,A,H10A,0.5,s2648
14,1AJ3,A,H10G,-0.5,korpm
1CUNA,1AJ3,A,H10G,-0.5,s2648
1CUNA,1AJ3,A,H49A,-1.4,s2648
1CUNA,1AJ3,A,H59A,-2.3,s2648
1CUNA,1AJ3,A,I23A,-3.65,broom
1CUNA,1AJ3,A,I23A,-3.6,s2648
1CUNA,1AJ3,A,I23V,-1.6,s2648
1CUNA,1AJ3,A,I63A,-2.8,s2648
1CUNA,1AJ3,A,I63V,-0.6,s2648
1CUNA,1AJ3,A,I84A,-2.0,broom
1CUNA,1AJ3,A,I84A,-2.0,s2648
1CUNA,1AJ3,A,I84V,-0.6,s2648
1CUNA,1AJ3,A,K26A,0.0,broom
1CUNA,1AJ3,A,K26A,0.0,s2648
1CUNA,1AJ3,A,K47A,0.4,broom
14,1AJ3,A,K47A,0.4,korpm
1CUNA,1AJ3,A,K47A,0.4,s2648
1CUNA,1AJ3,A,K47G,-0.5,broom
1CUNA,1AJ3,A,K47G,-0.5,s2648
1CUNA,1AJ3,A,K72A,-0.1,s2648
1CUNA,1AJ3,A,K72G,-1.4,s2648
1CUNA,1AJ3,A,K96A,-0.4,broom
1CUNA,1AJ3,A,K96A,-0.4,s2648
1CUNA,1AJ3,A,K96G,-1.3,broom
1CUNA,1AJ3,A,K96G,-1.3,s2648
1CUNA,1AJ3,A,L45A,-0.2,broom
1CUNA,1AJ3,A,L45A,-0.2,s2648
1CUNA,1AJ3,A,L52A,-2.8,s2648
1CUNA,1AJ3,A,L56A,-3.8,s2648
1CUNA,1AJ3,A,L73A,-2.4,s2648
1CUNA,1AJ3,A,L88A,-2.8,broom
1CUNA,1AJ3,A,L88A,-2.8,s2648
1CUNA,1AJ3,A,L98A,-3.8,broom
1CUNA,1AJ3,A,L98A,-3.8,s2648
14,1AJ3,A,M16A,-2.2,korpm
1CUNA,1AJ3,A,M16A,-2.2,s2648
14,1AJ3,A,N44A,0.2,korpm
1CUNA,1AJ3,A,N44A,0.2,s2648
1CUNA,1AJ3,A,N44G,-0.4,broom
14,1AJ3,A,N44G,-0.4,korpm
1CUNA,1AJ3,A,N44G,-0.4,s2648
1CUNA,1AJ3,A,P61A,0.4,broom
14,1AJ3,A,P61A,0.4,korpm
14,1AJ3,A,Q100A,0.4,korpm
1CUNA,1AJ3,A,Q100A,0.4,s2648
14,1AJ3,A,Q100G,-0.7,korpm
1CUNA,1AJ3,A,Q100G,-0.7,s2648
1CUNA,1AJ3,A,Q107A,0.5,broom
1CUNA,1AJ3,A,Q107G,-1.3,broom
1CUNA,1AJ3,A,Q64A,-0.7,s2648
1CUNA,1AJ3,A,Q64G,-1.8,s2648
1CUNA,1AJ3,A,Q86A,0.0,broom
1CUNA,1AJ3,A,Q86A,0.0,s2648
1CUNA,1AJ3,A,Q86G,-1.3,broom
1CUNA,1AJ3,A,Q86G,-1.3,s2648
1CUNA,1AJ3,A,R105A,0.0,s2648
1CUNA,1AJ3,A,R14A,-0.3,s2648
14,1AJ3,A,R14G,-1.9,korpm
1CUNA,1AJ3,A,R14G,-1.9,s2648
14,1AJ3,A,R51A,0.3,korpm
1CUNA,1AJ3,A,R51A,0.3,s2648
14,1AJ3,A,R51G,-0.6,korpm
1CUNA,1AJ3,A,R51G,-0.6,s2648
14,1AJ3,A,S21A,0.5,korpm
1CUNA,1AJ3,A,S21A,0.5,s2648
1CUNA,1AJ3,A,S21G,-0.5,s2648
1CUNA,1AJ3,A,T40A,0.3,broom
14,1AJ3,A,T40A,0.3,korpm
1CUNA,1AJ3,A,T40A,0.3,s2648
1CUNA,1AJ3,A,T40G,-0.1,s2648
1CUNA,1AJ3,A,V30A,-0.2,broom
1CUNA,1AJ3,A,V30A,-0.2,s2648
1CUNA,1AJ3,A,V42A,-0.4,broom
1CUNA,1AJ3,A,V42A,-0.4,s2648
1CUNA,1AJ3,A,V66A,-2.3,s2648
14,1AJ3,A,W22F,-1.11,korpm
1CUNA,1AJ3,A,W22F,-1.31,s2648
1CUNA,1AJ3,A,W22F,-1.11,vb1432
1CUNA,1AJ3,A,W22Y;S74L,-0.57,ptmul
14,1AJ3,A,W95F,-2.1,korpm
1CUNA,1AJ3,A,W95F,-2.1,s2648
0,1AKK,A,H33N,1.0,korpm
1AKYA,1AKY,A,I213F,-1.91,s2648
1AKYA,1AKY,A,N169D,-2.15,s2648
1AKYA,1AKY,A,Q48E,-0.96,s2648
1AKYA,1AKY,A,T110H,-2.13,s2648
1AKYA,1AKY,A,T77H,-0.9,s2648
1AKYA,1AKY,A,V8I,-1.2,s2648
32,1AM7,A,H31D,-1.6,korpm
1AM7A,1AM7,A,H31D,-1.6,s2648
1AM7A,1AM7,A,H31D,-1.6,vb1432
1AM7A,1AM7,A,H31N;H137N,1.8,ptmul
1AM7A,1AM7,A,H48N,-5.0,s2648
1AM7A,1AM7,A,H48N,-5.0,vb1432
1AMQA,1AMQ,A,C191A,-1.12,s2648
1AMQA,1AMQ,A,C191F,-0.9,s2648
1AMQA,1AMQ,A,C191F,-1.6,ssym
1AMQA,1AMQ,A,C191G,-0.02,s2648
1AMQA,1AMQ,A,C191R,-1.69,s2648
1AMQA,1AMQ,A,C191S,-1.44,s2648
1AMQA,1AMQ,A,C191S,-1.9,ssym
1AMQA,1AMQ,A,C191W,-2.25,s2648
1AMQA,1AMQ,A,C191W,-3.9,ssym
1AMQA,1AMQ,A,C191Y,-1.05,s2648
1AMQA,1AMQ,A,C191Y,-2.3,ssym
1AMQA,1AMQ,A,C192A,-1.21,s2648
1AMQA,1AMQ,A,C192S,-0.99,s2648
1AMQA,1AMQ,A,C270A,-1.68,s2648
1AMQA,1AMQ,A,C401A,1.06,s2648
1AMQA,1AMQ,A,C401S,-1.79,s2648
1AMQA,1AMQ,A,C82A,-0.45,s2648
1AMQA,1AMQ,A,C82A;C191A;C192A;C270A;C401A,-1.0,ptmul
1AMQA,1AMQ,A,C82S,-2.44,s2648
1AMQA,1AMQ,A,K68E;E265K,-6.6,ptmul
1AMQA,1AMQ,A,K68M;E265Q,-4.95,ptmul
1AKYA,1ANK,A,D84H,-1.4,s2648
1AKYA,1ANK,A,D84H,-1.4,vb1432
1AKYA,1ANK,A,F86L,-0.8,s2648
1AKYA,1ANK,A,F86L,-0.8,vb1432
1AKYA,1ANK,A,G85V,-2.4,s2648
1AKYA,1ANK,A,G85V,-2.4,vb1432
1AKYA,1ANK,A,R88G,-0.1,s2648
1AKYA,1ANK,A,R88G,-0.2,vb1432
1AONU,1AON,U,I3C,-0.44,s2648
1AONU,1AON,U,I3W,-0.25,s2648
1AONU,1AON,U,I48W,-0.2,s2648
1AONU,1AON,U,V95C,-0.25,s2648
1APSA,1APS,A,A30G,-1.65,s2648
1APSA,1APS,A,E29D,-3.47,broom
10,1APS,A,E29D,-3.47,korpm
10,1APS,A,E83D,-1.51,korpm
1APSA,1APS,A,E83D,-1.51,s2648
1APSA,1APS,A,F22L,-1.29,s2648
1APSA,1APS,A,F94L,-4.33,broom
1APSA,1APS,A,G45A,-1.73,s2648
1APSA,1APS,A,I75V,-1.41,broom
1APSA,1APS,A,I75V,-1.41,s2648
1APSA,1APS,A,I86V,-1.57,s2648
1APSA,1APS,A,L65V,-5.35,broom
1APSA,1APS,A,L89A,-1.67,s2648
1APSA,1APS,A,M61A,-3.97,broom
1APSA,1APS,A,P54A,-0.45,broom
1APSA,1APS,A,P71A,-1.6,broom
1APSA,1APS,A,T42A,-1.84,s2648
1APSA,1APS,A,T78S,-1.41,s2648
1APSA,1APS,A,V13A,-2.63,s2648
1APSA,1APS,A,V17A,-1.84,s2648
1APSA,1APS,A,V20A,-0.28,s2648
1APSA,1APS,A,V36A,-2.54,s2648
1APSA,1APS,A,V39A,-1.63,s2648
1APSA,1APS,A,V47A,-1.87,s2648
1APSA,1APS,A,V51A,-1.88,s2648
1APSA,1APS,A,W38F,-0.02,s2648
10,1APS,A,W64A,-1.51,korpm
1APSA,1APS,A,W64A,-1.5,s2648
10,1APS,A,Y11F,0.43,korpm
1APSA,1APS,A,Y11F,1.04,s2648
10,1APS,A,Y11I,-2.22,korpm
1APSA,1APS,A,Y11I,-2.24,s2648
10,1APS,A,Y25A,-0.24,korpm
1APSA,1APS,A,Y25A,0.1,s2648
1AQHA,1AQH,A,Q58C;A99C,1.87,ptmul
1ARRA,1ARR,A,D20G,-1.35,s2648
33,1ARR,A,E17G,-1.19,korpm
1ARRA,1ARR,A,E17G,-0.57,s2648
33,1ARR,A,E27A,0.4,korpm
1ARRA,1ARR,A,E27G,-0.43,s2648
33,1ARR,A,E28G,-1.69,korpm
1ARRA,1ARR,A,E28G,-0.84,s2648
1ARRA,1ARR,A,E48G,-1.14,s2648
33,1ARR,A,F10A,-2.7,korpm
1ARRA,1ARR,A,F45L;R50G;I51S,-1.2,ptmul
33,1ARR,A,I37V,-1.37,korpm
33,1ARR,A,K24G,-2.45,korpm
1ARRA,1ARR,A,K24G,-1.23,s2648
33,1ARR,A,K24T,-1.2,korpm
1ARRA,1ARR,A,K24T,-0.6,s2648
33,1ARR,A,K2A,0.1,korpm
1ARRA,1ARR,A,K2T;G3A;S5N;M7T;P8Q,2.9,ptmul
1ARRA,1ARR,A,K2T;M4R;S5R;K6E;P8T,2.8,ptmul
33,1ARR,A,K46G,-1.6,korpm
1ARRA,1ARR,A,K46G,-0.73,s2648
1ARRA,1ARR,A,K46R;E48V;I51S;A53K,-0.9,ptmul
33,1ARR,A,K47G,-1.16,korpm
1ARRA,1ARR,A,K47G,-0.57,s2648
1ARRA,1ARR,A,L12R;R13T,-1.8,ptmul
33,1ARR,A,L19Q,-1.8,korpm
1ARRA,1ARR,A,L19Q,-0.9,s2648
33,1ARR,A,M4A,0.2,korpm
33,1ARR,A,M7A,-0.6,korpm
33,1ARR,A,N11A,0.5,korpm
1ARRA,1ARR,A,N29A;S44A;E48A,1.32,ptmul
33,1ARR,A,N34G,0.64,korpm
1ARRA,1ARR,A,N34G,0.23,s2648
33,1ARR,A,P8A,2.9,korpm
33,1ARR,A,P8L,2.49,korpm
1ARRA,1ARR,A,P8L,2.48,vb1432
33,1ARR,A,Q39A,0.1,korpm
33,1ARR,A,Q39G,-1.22,korpm
1ARRA,1ARR,A,Q39G,-0.65,s2648
1ARRA,1ARR,A,Q9A;N11A;R13A,1.21,ptmul
33,1ARR,A,Q9G,0.68,korpm
1ARRA,1ARR,A,Q9G,0.22,s2648
1ARRA,1ARR,A,Q9G;N11G;R13G,0.2,ptmul
1ARRA,1ARR,A,Q9R;F10L;N11I;R13K;R16G,0.4,ptmul
33,1ARR,A,R13G,0.36,korpm
1ARRA,1ARR,A,R13G,0.27,s2648
33,1ARR,A,R16A,0.2,korpm
33,1ARR,A,R16G,-1.55,korpm
1ARRA,1ARR,A,R16G,-0.64,s2648
33,1ARR,A,R23G,-2.14,korpm
1ARRA,1ARR,A,R23G,-1.04,s2648
33,1ARR,A,S35A,0.2,korpm
33,1ARR,A,S35G,-0.46,korpm
1ARRA,1ARR,A,S35G,-0.24,s2648
33,1ARR,A,S5A,0.1,korpm
33,1ARR,A,W14A,-4.0,korpm
2A01A,1AV1,A,D102A;D103A,-1.05,ptmul
2A01A,1AV1,A,E110A;E111A,-0.75,ptmul
2A01A,1AV1,A,E125K;E128K;K133E;E139K,0.45,ptmul
2A01A,1AV1,A,R116V;K118A,-0.25,ptmul
2A01A,1AV1,A,R160V;H162A,-0.5,ptmul
15,1AXB,A,C77S,-0.88,korpm
15,1AXB,A,R164H,-1.07,korpm
15,1AXB,A,R164S,-0.61,korpm
1AYFA,1AYF,A,C95S,0.96,vb1432
1AYFA,1AYF,A,D76E,0.45,vb1432
1AYFA,1AYF,A,H56Q,-1.66,vb1432
1AYFA,1AYF,A,H56R,-1.16,vb1432
1AYFA,1AYF,A,H56T,-1.19,vb1432
1AYFA,1AYF,A,T54A,-1.31,vb1432
1AYFA,1AYF,A,T54S,0.05,vb1432
1AYFA,1AYF,A,Y82F,-0.01,vb1432
1AYFA,1AYF,A,Y82L,-0.36,vb1432
1AYFA,1AYF,A,Y82S,-0.33,vb1432
1AYFA,1AYF,A,Y82W,-0.21,vb1432
16,1AYI,A,A13N,-0.33,korpm
16,1AYI,A,I44V,0.69,korpm
16,1AYI,A,I68V,0.24,korpm
16,1AYI,A,L3A,0.29,korpm
16,1AYI,A,L53A,-1.79,korpm
16,1AYI,A,V42A,0.53,korpm
16,1AYI,A,V69A,0.33,korpm
17,1AZP,A,V30I,0.7,korpm
1AZPA,1AZP,A,V30I,0.7,s2648
1AZPA,1AZP,A,V30I,0.7,vb1432
3,1B10,A,F175W,-0.48,korpm
3,1B10,A,F198W,-0.72,korpm
1B26A,1B26,A,E231A,-0.49,s2648
1B26A,1B26,A,E231A,-0.17,vb1432
1B26A,1B26,A,K193A,0.38,s2648
1B26A,1B26,A,K193A,0.23,vb1432
1B26A,1B26,A,R190A,-0.36,s2648
1B26A,1B26,A,R190A,-0.34,vb1432
1IETA,1B5M,A,A18S;I32L;L47R,-0.3,ptmul
1IETA,1B5M,A,D60R,0.14,broom
34,1B5M,A,D60R,0.33,korpm
1IETA,1B5M,A,P81A,-1.51,broom
1IETA,1B5M,A,P81A,-1.15,vb1432
1IETA,1B5M,A,R15H;E20S,1.25,ptmul
1EL1A,1B7S,A,S74V,0.4,ssym
1B8EA,1B8E,A,W19Y,-3.45,s2648
35,1BA3,A,H461D,-1.74,korpm
35,1BA3,A,H489D,0.29,korpm
35,1BA3,A,H489K,-0.29,korpm
35,1BA3,A,H489M,-0.26,korpm
1BNIA,1BAN,A,A91S,1.8,ssym
1BNIA,1BAO,A,F78Y,1.1,ssym
1BCXA,1BCX,A,S100C;N148C,1.67,ptmul
1BCXA,1BCX,A,V98C;A152C,-7.53,ptmul
1ZG4A,1BLC,A,D179N,-0.44,s2648
36,1BNI,A,A32C,-1.85,korpm
1BNIA,1BNI,A,A32C,-1.42,s2648
1BNIA,1BNI,A,A32C,-1.0,vb1432
36,1BNI,A,A32D,-0.41,korpm
1BNIA,1BNI,A,A32D,-0.56,s2648
1BNIA,1BNI,A,A32D,-0.7,vb1432
36,1BNI,A,A32E,0.13,korpm
1BNIA,1BNI,A,A32E,-0.24,s2648
1BNIA,1BNI,A,A32E,-0.6,vb1432
36,1BNI,A,A32F,-0.43,korpm
1BNIA,1BNI,A,A32F,-0.56,s2648
1BNIA,1BNI,A,A32F,-0.7,vb1432
1BNIA,1BNI,A,A32G,-0.82,s2648
1BNIA,1BNI,A,A32G,-0.9,vb1432
36,1BNI,A,A32H,-0.7,korpm
1BNIA,1BNI,A,A32H,-0.75,s2648
1BNIA,1BNI,A,A32H,-0.8,vb1432
36,1BNI,A,A32I,-0.68,korpm
1BNIA,1BNI,A,A32I,-0.74,s2648
1BNIA,1BNI,A,A32I,-0.8,vb1432
36,1BNI,A,A32K,-0.1,korpm
1BNIA,1BNI,A,A32K,-0.15,s2648
1BNIA,1BNI,A,A32K,-0.2,vb1432
36,1BNI,A,A32L,0.08,korpm
1BNIA,1BNI,A,A32L,-0.11,s2648
1BNIA,1BNI,A,A32L,-0.3,vb1432
36,1BNI,A,A32M,-0.08,korpm
1BNIA,1BNI,A,A32M,-0.19,s2648
1BNIA,1BNI,A,A32M,-0.3,vb1432
36,1BNI,A,A32N,-0.33,korpm
1BNIA,1BNI,A,A32N,-0.51,s2648
1BNIA,1BNI,A,A32N,-0.7,vb1432
36,1BNI,A,A32P,-4.12,korpm
1BNIA,1BNI,A,A32P,-4.1,vb1432
36,1BNI,A,A32Q,-0.35,korpm
1BNIA,1BNI,A,A32Q,-0.43,s2648
1BNIA,1BNI,A,A32Q,-0.5,vb1432
36,1BNI,A,A32R,-0.2,korpm
1BNIA,1BNI,A,A32R,-0.15,s2648
1BNIA,1BNI,A,A32R,-0.1,vb1432
36,1BNI,A,A32S,-0.16,korpm
1BNIA,1BNI,A,A32S,-0.28,s2648
1BNIA,1BNI,A,A32S,-0.4,vb1432
36,1BNI,A,A32T,-0.49,korpm
1BNIA,1BNI,A,A32T,-0.64,s2648
1BNIA,1BNI,A,A32T,-0.8,vb1432
1BNIA,1BNI,A,A32V,-0.62,s2648
1BNIA,1BNI,A,A32V,-0.9,vb1432
36,1BNI,A,A32W,-1.14,korpm
1BNIA,1BNI,A,A32W,-1.07,s2648
1BNIA,1BNI,A,A32W,-1.0,vb1432
36,1BNI,A,A32Y,-0.7,korpm
1BNIA,1BNI,A,A32Y,-0.75,s2648
1BNIA,1BNI,A,A32Y,-0.8,vb1432
1BNIA,1BNI,A,A43C;S80C,-0.64,ptmul
1BNIA,1BNI,A,D12A,1.1,broom
36,1BNI,A,D12A,0.11,korpm
1BNIA,1BNI,A,D12A,-0.09,s2648
1BNIA,1BNI,A,D12A,-0.31,vb1432
1BNIA,1BNI,A,D12A,1.1,vb1432
1BNIA,1BNI,A,D12A;R110A,-0.72,ptmul
1BNIA,1BNI,A,D12A;T16R,-0.13,ptmul
1BNIA,1BNI,A,D12G,-1.2,broom
36,1BNI,A,D12G,-0.88,korpm
1BNIA,1BNI,A,D12G,-0.76,s2648
1BNIA,1BNI,A,D12G,-1.2,vb1432
36,1BNI,A,D12S,-0.9,korpm
1BNIA,1BNI,A,D12S,-0.77,s2648
36,1BNI,A,D22M,-0.27,korpm
1BNIA,1BNI,A,D22M,-0.27,s2648
36,1BNI,A,D44E,-0.32,korpm
1BNIA,1BNI,A,D44E,-0.11,s2648
1BNIA,1BNI,A,D44E,0.1,vb1432
1BNIA,1BNI,A,D54A,-3.04,s2648
1BNIA,1BNI,A,D54A,-3.15,vb1432
1BNIA,1BNI,A,D54N,-2.42,s2648
1BNIA,1BNI,A,D54N,-2.53,vb1432
1BNIA,1BNI,A,D75N,4.8,vb1432
1BNIA,1BNI,A,D8A,-0.8,s2648
1BNIA,1BNI,A,D8A,-0.8,vb1432
1BNIA,1BNI,A,D8A;D12A,-0.58,ptmul
1BNIA,1BNI,A,D8A;D12A;R110A,0.99,ptmul
1BNIA,1BNI,A,D8A;R110A,-0.47,ptmul
1BNIA,1BNI,A,D8A;V10A,-1.13,ptmul
36,1BNI,A,D8G,-1.1,korpm
1BNIA,1BNI,A,D8G,-1.23,s2648
36,1BNI,A,D8S,-0.7,korpm
1BNIA,1BNI,A,D8S,-0.84,s2648
1BNIA,1BNI,A,D93N,-4.03,s2648
1BNIA,1BNI,A,D93N,-4.11,vb1432
1BNIA,1BNI,A,E29A,-1.28,s2648
1BNIA,1BNI,A,E29G,-1.91,s2648
1BNIA,1BNI,A,E29G,-1.8,vb1432
1BNIA,1BNI,A,E29Q,-0.11,s2648
1BNIA,1BNI,A,E29Q,0.0,vb1432
36,1BNI,A,E29S,-1.2,korpm
1BNIA,1BNI,A,E29S,-1.22,s2648
1BNIA,1BNI,A,E73A,-2.4,s2648
1BNIA,1BNI,A,E73A,-2.5,vb1432
1BNIA,1BNI,A,E73F,-2.1,s2648
1BNIA,1BNI,A,E73G,-5.4,broom
1BNIA,1BNI,A,E73G,-5.4,vb1432
1BNIA,1BNI,A,E73Q,-2.7,s2648
1BNIA,1BNI,A,E73W,-2.2,s2648
1BNIA,1BNI,A,F7L,-4.35,s2648
1BNIA,1BNI,A,F7L,-4.1,ssym
1BNIA,1BNI,A,F7L,-4.6,vb1432
1BNIA,1BNI,A,G34A,-2.91,s2648
36,1BNI,A,G34D,-3.2,korpm
1BNIA,1BNI,A,G34D,-3.3,s2648
36,1BNI,A,G34H,-2.6,korpm
1BNIA,1BNI,A,G34H,-2.62,s2648
36,1BNI,A,G34K,-2.7,korpm
1BNIA,1BNI,A,G34K,-2.91,s2648
36,1BNI,A,G34N,-2.7,korpm
1BNIA,1BNI,A,G34N,-2.72,s2648
36,1BNI,A,G34R,-2.8,korpm
1BNIA,1BNI,A,G34R,-2.61,s2648
36,1BNI,A,G34S,-2.9,korpm
1BNIA,1BNI,A,G34S,-3.05,s2648
36,1BNI,A,G34T,-3.2,korpm
1BNIA,1BNI,A,G34T,-3.28,s2648
1BNIA,1BNI,A,G52A,-5.3,vb1432
1BNIA,1BNI,A,G52V,-8.4,vb1432
1BNIA,1BNI,A,G53A,-3.4,s2648
1BNIA,1BNI,A,G53A,-3.4,vb1432
1BNIA,1BNI,A,G53V,-7.8,vb1432
36,1BNI,A,G65S,0.98,korpm
1BNIA,1BNI,A,G65S,0.74,s2648
1BNIA,1BNI,A,G65S,0.5,vb1432
1BNIA,1BNI,A,H102A,-0.24,s2648
36,1BNI,A,H18A,-1.9,korpm
1BNIA,1BNI,A,H18A,-1.99,s2648
1BNIA,1BNI,A,H18A;W94L,-2.3,ptmul
36,1BNI,A,H18D,-2.2,korpm
1BNIA,1BNI,A,H18D,-2.38,s2648
36,1BNI,A,H18G,-0.7,korpm
1BNIA,1BNI,A,H18G,-0.65,s2648
1BNIA,1BNI,A,H18G;W94L,-0.43,ptmul
36,1BNI,A,H18K,-0.9,korpm
1BNIA,1BNI,A,H18K,-1.05,s2648
1BNIA,1BNI,A,H18K,-1.2,vb1432
1BNIA,1BNI,A,H18K;W94L,-2.7,ptmul
36,1BNI,A,H18N,-1.8,korpm
1BNIA,1BNI,A,H18N,-1.74,s2648
1BNIA,1BNI,A,H18N;W94L,-1.7,ptmul
36,1BNI,A,H18Q,-1.44,korpm
1BNIA,1BNI,A,H18Q,-1.52,s2648
1BNIA,1BNI,A,H18Q,-1.6,vb1432
36,1BNI,A,H18R,-1.0,korpm
1BNIA,1BNI,A,H18R,-1.09,s2648
1BNIA,1BNI,A,H18R;W94L,-1.6,ptmul
36,1BNI,A,H18S,-2.1,korpm
1BNIA,1BNI,A,H18S,-2.19,s2648
1BNIA,1BNI,A,H18S;W94L,-2.8,ptmul
1BNIA,1BNI,A,I109A,-1.74,s2648
1BNIA,1BNI,A,I109A,-2.1,vb1432
1BNIA,1BNI,A,I109V,-0.8,s2648
1BNIA,1BNI,A,I109V,-0.8,vb1432
1BNIA,1BNI,A,I25A,-3.59,s2648
1BNIA,1BNI,A,I25A,-3.5,vb1432
1BNIA,1BNI,A,I25V,-1.05,s2648
1BNIA,1BNI,A,I25V,-1.1,vb1432
1BNIA,1BNI,A,I4A,-1.11,s2648
1BNIA,1BNI,A,I4A,-1.4,vb1432
1BNIA,1BNI,A,I4A;I25V;I51V;Y78F,-5.2,ptmul
1BNIA,1BNI,A,I4A;I51V,-2.63,ptmul
1BNIA,1BNI,A,I4A;I76V,-1.86,ptmul
1BNIA,1BNI,A,I4A;Y78F,-2.53,ptmul
1BNIA,1BNI,A,I4V,-0.69,s2648
1BNIA,1BNI,A,I4V,-0.6,vb1432
1BNIA,1BNI,A,I51A,-4.71,s2648
1BNIA,1BNI,A,I51A,-4.7,vb1432
1BNIA,1BNI,A,I51V,-1.66,s2648
1BNIA,1BNI,A,I51V,-1.1,ssym
1BNIA,1BNI,A,I51V,-1.83,vb1432
1BNIA,1BNI,A,I55A,-1.29,s2648
1BNIA,1BNI,A,I55A,-1.1,vb1432
1BNIA,1BNI,A,I55G,-3.1,broom
36,1BNI,A,I55G,-3.1,korpm
1BNIA,1BNI,A,I55G,-3.1,vb1432
36,1BNI,A,I55T,-1.24,korpm
1BNIA,1BNI,A,I55T,-0.94,s2648
1BNIA,1BNI,A,I55T,-0.6,vb1432
1BNIA,1BNI,A,I55V,-0.37,s2648
1BNIA,1BNI,A,I55V,-0.3,vb1432
1BNIA,1BNI,A,I76A,-1.71,s2648
1BNIA,1BNI,A,I76A,-1.7,ssym
1BNIA,1BNI,A,I76A,-1.9,vb1432
1BNIA,1BNI,A,I76T,-2.69,broom
36,1BNI,A,I76T,-2.69,korpm
1BNIA,1BNI,A,I76T,-2.64,s2648
1BNIA,1BNI,A,I76V,-0.87,s2648
1BNIA,1BNI,A,I76V,-1.0,ssym
1BNIA,1BNI,A,I76V,-0.8,vb1432
1BNIA,1BNI,A,I88A,-4.01,s2648
1BNIA,1BNI,A,I88A,-4.0,ssym
1BNIA,1BNI,A,I88A,-4.21,vb1432
1BNIA,1BNI,A,I88G,-7.4,broom
1BNIA,1BNI,A,I88G,-7.4,vb1432
36,1BNI,A,I88L,-0.02,korpm
1BNIA,1BNI,A,I88L,-0.16,s2648
1BNIA,1BNI,A,I88L,-0.3,vb1432
1BNIA,1BNI,A,I88V,-1.41,s2648
1BNIA,1BNI,A,I88V,-1.6,ssym
1BNIA,1BNI,A,I88V,-1.37,vb1432
1BNIA,1BNI,A,I96A,-3.31,s2648
1BNIA,1BNI,A,I96A,-3.2,ssym
1BNIA,1BNI,A,I96A,-3.46,vb1432
1BNIA,1BNI,A,I96G,-5.7,broom
36,1BNI,A,I96G,-5.7,korpm
1BNIA,1BNI,A,I96G,-5.7,vb1432
1BNIA,1BNI,A,I96V,-0.97,s2648
1BNIA,1BNI,A,I96V,-0.9,ssym
1BNIA,1BNI,A,I96V,-1.02,vb1432
36,1BNI,A,K108R,0.78,korpm
1BNIA,1BNI,A,K108R,0.84,s2648
1BNIA,1BNI,A,K108R,0.9,vb1432
36,1BNI,A,K19R,0.88,korpm
1BNIA,1BNI,A,K19R,0.54,s2648
1BNIA,1BNI,A,K19R,0.2,vb1432
1BNIA,1BNI,A,K27A,0.45,broom
1BNIA,1BNI,A,K27A,0.44,s2648
36,1BNI,A,K27G,0.2,korpm
1BNIA,1BNI,A,K27G,-0.3,s2648
1BNIA,1BNI,A,K27G,-0.4,vb1432
36,1BNI,A,K62R,-0.32,korpm
1BNIA,1BNI,A,K62R,-0.35,s2648
1BNIA,1BNI,A,K62R,-0.45,vb1432
36,1BNI,A,K66A,0.98,korpm
1BNIA,1BNI,A,K66A,0.59,s2648
1BNIA,1BNI,A,K66A,0.2,vb1432
1BNIA,1BNI,A,L14A,-4.51,s2648
1BNIA,1BNI,A,L14A,-4.5,ssym
1BNIA,1BNI,A,L14A,-4.53,vb1432
36,1BNI,A,L33Q,-1.3,korpm
1BNIA,1BNI,A,L33Q,-1.34,s2648
1BNIA,1BNI,A,L33Q,-1.3,vb1432
1BNIA,1BNI,A,L89G,-7.0,broom
1BNIA,1BNI,A,L89G,-7.0,vb1432
36,1BNI,A,L89T,-2.9,korpm
1BNIA,1BNI,A,L89T,-2.82,s2648
1BNIA,1BNI,A,L89T,-2.5,vb1432
1BNIA,1BNI,A,L89V,-0.3,s2648
1BNIA,1BNI,A,L89V,-0.5,ssym
1BNIA,1BNI,A,L89V,-0.3,vb1432
1BNIA,1BNI,A,L95G,-4.7,broom
36,1BNI,A,L95G,-4.7,korpm
1BNIA,1BNI,A,L95G,-4.7,vb1432
1BNIA,1BNI,A,N23A,-2.27,s2648
1BNIA,1BNI,A,N23A,-2.2,vb1432
36,1BNI,A,N41D,-2.52,korpm
1BNIA,1BNI,A,N41D,-2.54,s2648
1BNIA,1BNI,A,N41D,-2.5,vb1432
1BNIA,1BNI,A,N58A,-2.27,s2648
1BNIA,1BNI,A,N58A,-2.7,vb1432
36,1BNI,A,N58D,0.31,korpm
1BNIA,1BNI,A,N58D,0.4,s2648
1BNIA,1BNI,A,N58D,0.5,vb1432
36,1BNI,A,N5A,-1.85,korpm
1BNIA,1BNI,A,N5A,-1.83,s2648
1BNIA,1BNI,A,N5A,-1.9,vb1432
1BNIA,1BNI,A,N77A,-1.63,s2648
1BNIA,1BNI,A,N77A,-1.6,vb1432
1BNIA,1BNI,A,N84A,-1.94,s2648
1BNIA,1BNI,A,N84A,-2.0,vb1432
1BNIA,1BNI,A,Q104A,-0.13,s2648
1BNIA,1BNI,A,Q104A,-0.2,vb1432
1BNIA,1BNI,A,Q15A,-0.2,broom
1BNIA,1BNI,A,Q15A,-0.2,vb1432
1BNIA,1BNI,A,Q15G,-1.6,broom
36,1BNI,A,Q15G,-1.6,korpm
1BNIA,1BNI,A,Q15G,-1.6,vb1432
36,1BNI,A,Q15I,1.38,korpm
1BNIA,1BNI,A,Q15I,1.19,s2648
1BNIA,1BNI,A,Q15I,1.0,vb1432
1BNIA,1BNI,A,Q15I;T16R;K19R,1.98,ptmul
1BNIA,1BNI,A,Q15I;T16R;K19R;G65S;K66A;K108R,2.98,ptmul
1BNIA,1BNI,A,Q31A,-0.03,s2648
1BNIA,1BNI,A,Q31A,0.1,vb1432
36,1BNI,A,Q31G,-1.1,korpm
1BNIA,1BNI,A,Q31G,-1.04,s2648
36,1BNI,A,Q31S,0.28,korpm
1BNIA,1BNI,A,Q31S,0.0,s2648
1BNIA,1BNI,A,Q31S,-0.2,vb1432
1BNIA,1BNI,A,R110A,-0.1,s2648
1BNIA,1BNI,A,R110A,-0.4,vb1432
1BNIA,1BNI,A,R59A,0.64,broom
36,1BNI,A,R59A,0.64,korpm
1BNIA,1BNI,A,R59A,0.64,s2648
36,1BNI,A,R69K,-3.13,korpm
1BNIA,1BNI,A,R69K,-3.2,s2648
1BNIA,1BNI,A,R69K,-3.13,vb1432
36,1BNI,A,R69M,-2.86,korpm
1BNIA,1BNI,A,R69M,-2.04,s2648
1BNIA,1BNI,A,R69M,-2.12,vb1432
36,1BNI,A,R69S,-2.72,korpm
1BNIA,1BNI,A,R69S,-2.83,s2648
1BNIA,1BNI,A,R69S,-2.72,vb1432
1BNIA,1BNI,A,R69S;D93N,-3.49,ptmul
1BNIA,1BNI,A,R72G,-2.5,broom
36,1BNI,A,R72G,-2.5,korpm
1BNIA,1BNI,A,R72G,-2.5,vb1432
36,1BNI,A,R83K,-4.13,korpm
1BNIA,1BNI,A,R83K,-4.43,s2648
1BNIA,1BNI,A,R83K,-4.13,vb1432
1BNIA,1BNI,A,R83K;D75N,-5.4,ptmul
36,1BNI,A,R83Q,-1.58,korpm
1BNIA,1BNI,A,R83Q,-1.47,s2648
1BNIA,1BNI,A,R83Q,2.05,vb1432
36,1BNI,A,S28A,0.6,korpm
1BNIA,1BNI,A,S28A,0.5,s2648
36,1BNI,A,S28E,0.61,korpm
1BNIA,1BNI,A,S28E,0.5,s2648
1BNIA,1BNI,A,S28E,0.4,vb1432
36,1BNI,A,S28G,-0.5,korpm
1BNIA,1BNI,A,S28G,-0.47,s2648
1BNIA,1BNI,A,S57A,0.15,s2648
1BNIA,1BNI,A,S85A,0.08,s2648
1BNIA,1BNI,A,S85A,-0.12,vb1432
1BNIA,1BNI,A,S85C;H102C,-5.95,ptmul
1BNIA,1BNI,A,S91A,-1.84,s2648
1BNIA,1BNI,A,S91A,-1.8,ssym
1BNIA,1BNI,A,S91A,-1.48,vb1432
1BNIA,1BNI,A,S92A,-2.89,s2648
1BNIA,1BNI,A,S92A,-2.82,vb1432
1BNIA,1BNI,A,T100G,-2.8,broom
36,1BNI,A,T100G,-2.8,korpm
1BNIA,1BNI,A,T100G,-2.8,vb1432
1BNIA,1BNI,A,T105V,-2.21,s2648
1BNIA,1BNI,A,T105V,-2.2,vb1432
1BNIA,1BNI,A,T16A,-0.38,s2648
1BNIA,1BNI,A,T16G,-1.48,s2648
36,1BNI,A,T16R,0.2,korpm
1BNIA,1BNI,A,T16R,0.24,s2648
1BNIA,1BNI,A,T16R,0.42,vb1432
1BNIA,1BNI,A,T16S,-1.66,s2648
1BNIA,1BNI,A,T16S,-1.79,vb1432
1BNIA,1BNI,A,T16S;Y17A,-2.47,ptmul
1BNIA,1BNI,A,T26A,-1.95,s2648
1BNIA,1BNI,A,T26A,-1.7,ssym
1BNIA,1BNI,A,T26A,-2.05,vb1432
1BNIA,1BNI,A,T26D,-0.04,s2648
36,1BNI,A,T26E,-0.05,korpm
1BNIA,1BNI,A,T26E,-0.05,s2648
1BNIA,1BNI,A,T26E,-0.05,vb1432
36,1BNI,A,T26G,-1.58,korpm
1BNIA,1BNI,A,T26G,-1.48,s2648
1BNIA,1BNI,A,T26G,-1.72,vb1432
1BNIA,1BNI,A,T26H;D54N,-5.0,ptmul
36,1BNI,A,T26N,-1.29,korpm
1BNIA,1BNI,A,T26N,-1.29,s2648
1BNIA,1BNI,A,T26N,-1.29,vb1432
36,1BNI,A,T26Q,-1.72,korpm
1BNIA,1BNI,A,T26Q,-1.72,s2648
1BNIA,1BNI,A,T26Q,-1.72,vb1432
1BNIA,1BNI,A,T26S,-0.56,s2648
1BNIA,1BNI,A,T26S,-0.56,vb1432
36,1BNI,A,T26V,-2.31,korpm
1BNIA,1BNI,A,T26V,-2.31,s2648
1BNIA,1BNI,A,T26V,-2.31,vb1432
1BNIA,1BNI,A,T6A,-2.21,s2648
1BNIA,1BNI,A,T6A,-2.29,vb1432
36,1BNI,A,T6D,0.11,korpm
1BNIA,1BNI,A,T6D,0.11,s2648
1BNIA,1BNI,A,T6D,0.11,vb1432
36,1BNI,A,T6E,-0.27,korpm
1BNIA,1BNI,A,T6E,-0.27,s2648
1BNIA,1BNI,A,T6E,-0.27,vb1432
1BNIA,1BNI,A,T6G,-1.09,s2648
1BNIA,1BNI,A,T6G,-1.27,vb1432
36,1BNI,A,T6H,-2.65,korpm
1BNIA,1BNI,A,T6H,-2.06,s2648
36,1BNI,A,T6N,-1.27,korpm
1BNIA,1BNI,A,T6N,-1.27,s2648
1BNIA,1BNI,A,T6N,-1.27,vb1432
36,1BNI,A,T6P,-3.3,korpm
36,1BNI,A,T6Q,-1.87,korpm
1BNIA,1BNI,A,T6Q,-1.87,s2648
1BNIA,1BNI,A,T6Q,-1.87,vb1432
1BNIA,1BNI,A,T6S,-0.22,s2648
1BNIA,1BNI,A,T6S,-0.22,vb1432
36,1BNI,A,T79V,0.18,korpm
1BNIA,1BNI,A,T79V,0.24,s2648
1BNIA,1BNI,A,T79V,0.3,vb1432
1BNIA,1BNI,A,T99V,-2.87,s2648
1BNIA,1BNI,A,T99V,-2.7,vb1432
1BNIA,1BNI,A,V10A,-3.46,s2648
1BNIA,1BNI,A,V10A,-3.4,vb1432
36,1BNI,A,V10T,-2.48,korpm
1BNIA,1BNI,A,V10T,-2.37,s2648
1BNIA,1BNI,A,V10T,-2.5,vb1432
1BNIA,1BNI,A,V36A,-1.4,s2648
1BNIA,1BNI,A,V36A,-1.3,vb1432
36,1BNI,A,V36T,-1.15,korpm
1BNIA,1BNI,A,V36T,-1.11,s2648
1BNIA,1BNI,A,V36T,-1.1,vb1432
1BNIA,1BNI,A,V45A,-1.61,s2648
1BNIA,1BNI,A,V45A,-1.8,vb1432
1BNIA,1BNI,A,V45T,-2.34,s2648
1BNIA,1BNI,A,V45T,-2.4,vb1432
36,1BNI,A,W94F,-1.06,korpm
1BNIA,1BNI,A,W94F,-1.04,s2648
36,1BNI,A,W94L,-0.66,korpm
1BNIA,1BNI,A,W94L,-1.12,s2648
1BNIA,1BNI,A,W94L;H18G,0.33,ptmul
36,1BNI,A,W94Y,-0.99,korpm
1BNIA,1BNI,A,W94Y,-1.24,s2648
1BNIA,1BNI,A,Y103F,-0.06,s2648
1BNIA,1BNI,A,Y103F,0.0,vb1432
1BNIA,1BNI,A,Y13A,-3.49,s2648
1BNIA,1BNI,A,Y13A,-3.3,vb1432
1BNIA,1BNI,A,Y13A;Y17A,2.23,ptmul
1BNIA,1BNI,A,Y13F,-0.52,s2648
1BNIA,1BNI,A,Y13F;Y17F,-1.23,ptmul
1BNIA,1BNI,A,Y13G,-6.4,broom
36,1BNI,A,Y13G,-6.4,korpm
1BNIA,1BNI,A,Y13G,-6.4,vb1432
1BNIA,1BNI,A,Y17A,-2.12,s2648
1BNIA,1BNI,A,Y17A,-2.0,vb1432
1BNIA,1BNI,A,Y17A;T16A,-1.92,ptmul
1BNIA,1BNI,A,Y17F,-0.44,s2648
1BNIA,1BNI,A,Y17G,-4.9,broom
36,1BNI,A,Y17G,-4.07,korpm
1BNIA,1BNI,A,Y17G,-4.02,s2648
1BNIA,1BNI,A,Y17G,-4.9,vb1432
36,1BNI,A,Y17S,-2.0,korpm
1BNIA,1BNI,A,Y17S,-2.28,s2648
36,1BNI,A,Y24F,0.09,korpm
1BNIA,1BNI,A,Y24F,0.05,s2648
1BNIA,1BNI,A,Y24F,0.0,vb1432
1BNIA,1BNI,A,Y78F,-1.35,s2648
1BNIA,1BNI,A,Y78F,-1.1,ssym
1BNIA,1BNI,A,Y78F,-1.45,vb1432
1BNIA,1BNI,A,Y97G,-6.6,broom
36,1BNI,A,Y97G,-6.6,korpm
1BNIA,1BNI,A,Y97G,-6.6,vb1432
1BNLA,1BNL,A,D76A,-0.82,broom
1BNIA,1BNS,A,A26T,1.7,ssym
17,1BNZ,A,A45G,-1.27,korpm
17,1BNZ,A,F32A,-2.31,korpm
17,1BNZ,A,I17A,-1.21,korpm
17,1BNZ,A,L55A,-3.92,korpm
17,1BNZ,A,Q57G,-0.43,korpm
17,1BNZ,A,R43A,-0.56,korpm
17,1BNZ,A,S31A,0.72,korpm
17,1BNZ,A,S47A,0.18,korpm
1BOYA,1BOY,A,R200W,0.6,s2648
1BPIA,1BPI,A,A16T,-1.7,broom
37,1BPI,A,A16T,-1.7,korpm
1BPIA,1BPI,A,A16V,-1.3,broom
1BPIA,1BPI,A,C30A;C51A,-6.14,ptmul
1BPIA,1BPI,A,C30A;C51S,-8.93,ptmul
1BPIA,1BPI,A,C30G;C51A,-8.74,ptmul
1BPIA,1BPI,A,C30S;C51A,-8.0,ptmul
1BPIA,1BPI,A,C30T;C51A,-7.81,ptmul
1BPIA,1BPI,A,C30V;C51A,-5.95,ptmul
37,1BPI,A,D3A,0.2,korpm
1BPIA,1BPI,A,D3A,0.2,vb1432
1BPIA,1BPI,A,D50A,-0.4,vb1432
1BPIA,1BPI,A,E49A,-0.2,vb1432
1BPIA,1BPI,A,E7A,-1.5,vb1432
1BPIA,1BPI,A,F22A,-2.0,vb1432
37,1BPI,A,F33I,-2.4,korpm
37,1BPI,A,F33L,-1.3,korpm
1BPIA,1BPI,A,F4A,-3.0,vb1432
1BPIA,1BPI,A,G12A,-1.8,vb1432
37,1BPI,A,G12D,-4.3,korpm
1BPIA,1BPI,A,G28A,-1.0,vb1432
1BPIA,1BPI,A,G36A,-2.1,vb1432
37,1BPI,A,G36D,-2.8,korpm
37,1BPI,A,G36S,-0.7,korpm
1BPIA,1BPI,A,G36S,-0.7,vb1432
1BPIA,1BPI,A,G37A,-2.3,vb1432
1BPIA,1BPI,A,G56A,-0.2,vb1432
1BPIA,1BPI,A,G57A,-0.2,vb1432
1BPIA,1BPI,A,I18A,-1.5,vb1432
1BPIA,1BPI,A,I19A,-2.1,vb1432
1BPIA,1BPI,A,K15A,-0.4,vb1432
1BPIA,1BPI,A,K26A,0.0,vb1432
1BPIA,1BPI,A,K41A,-0.4,vb1432
1BPIA,1BPI,A,K46A,0.1,vb1432
1BPIA,1BPI,A,L29A,0.0,vb1432
1BPIA,1BPI,A,L6A,-0.6,vb1432
37,1BPI,A,M52A,-1.7,korpm
1BPIA,1BPI,A,M52A,-1.7,vb1432
1BPIA,1BPI,A,N24A,-2.2,vb1432
1BPIA,1BPI,A,N44A,-3.3,vb1432
1BPIA,1BPI,A,P13A,-1.6,broom
1BPIA,1BPI,A,P13A,-1.2,vb1432
1BPIA,1BPI,A,P13S,-1.4,broom
37,1BPI,A,P13S,-1.4,korpm
1BPIA,1BPI,A,P2A,-1.3,vb1432
1BPIA,1BPI,A,P8A,-0.3,vb1432
1BPIA,1BPI,A,P9A,-0.8,vb1432
37,1BPI,A,Q31A,-1.0,korpm
1BPIA,1BPI,A,Q31A,-1.0,vb1432
1BPIA,1BPI,A,R17A,-0.3,vb1432
1BPIA,1BPI,A,R1A,-0.5,vb1432
1BPIA,1BPI,A,R20A,-1.8,vb1432
1BPIA,1BPI,A,R39A,0.0,vb1432
1BPIA,1BPI,A,R42A,-0.5,vb1432
1BPIA,1BPI,A,R53A,-0.1,vb1432
1BPIA,1BPI,A,S47A,-1.6,vb1432
1BPIA,1BPI,A,T11A,0.0,vb1432
1BPIA,1BPI,A,T32A,-0.1,vb1432
1BPIA,1BPI,A,T54A,-0.1,vb1432
1BPIA,1BPI,A,V34A,-1.2,vb1432
37,1BPI,A,Y10A,-1.2,korpm
1BPIA,1BPI,A,Y10A,-1.2,vb1432
1BPIA,1BPI,A,Y35A,-1.1,vb1432
1BPIA,1BPI,A,Y35D,-3.8,broom
1BPIA,1BPI,A,Y35L,-3.7,broom
1BPIA,1BPT,A,A23Y,5.9,ssym
1BRFA,1BRF,A,A1K;I23V,-0.55,ptmul
1BRFA,1BRF,A,A1K;L32I,-0.88,ptmul
1BNIA,1BRG,A,L7F,4.1,ssym
1BNIA,1BRH,A,A14L,4.5,ssym
1BNIA,1BRI,A,A76I,1.7,ssym
1BNIA,1BRJ,A,A88I,4.0,ssym
1BNIA,1BRK,A,A96I,3.2,ssym
1BNIA,1BSA,A,V51I,1.1,ssym
1BNIA,1BSB,A,V76I,1.0,ssym
1BNIA,1BSC,A,V88I,1.6,ssym
1BNIA,1BSD,A,V96I,0.9,ssym
1BNIA,1BSE,A,V89L,0.5,ssym
38,1BTA,A,C40A,0.1,korpm
1BTAA,1BTA,A,C40A,0.1,s2648
38,1BTA,A,C82A,0.48,korpm
1BTAA,1BTA,A,C82A,-0.1,s2648
1BTAA,1BTA,A,C82A,-0.48,vb1432
1BTAA,1BTA,A,E57K,-0.7,s2648
38,1BTA,A,I5V,-1.0,korpm
1BTAA,1BTA,A,K21A,-1.04,s2648
1BTAA,1BTA,A,K21Q,-1.09,s2648
1BTAA,1BTA,A,K22Q,-0.8,broom
38,1BTA,A,K22Q,-1.1,korpm
1BTAA,1BTA,A,K22Q,-0.79,s2648
1BTAA,1BTA,A,K60E,-1.35,broom
38,1BTA,A,K60E,-1.3,korpm
1BTAA,1BTA,A,K60E,-1.17,s2648
38,1BTA,A,K60L,0.4,korpm
1BTAA,1BTA,A,K60L,0.55,s2648
38,1BTA,A,K78A,0.1,korpm
1BTAA,1BTA,A,K78A,-0.05,s2648
38,1BTA,A,K78Q,0.3,korpm
1BTAA,1BTA,A,K78Q,0.38,s2648
38,1BTA,A,L34V,-1.1,korpm
1BTAA,1BTA,A,R75L,0.7,broom
38,1BTA,A,R75L,0.7,korpm
1BTAA,1BTA,A,R75L,0.75,s2648
38,1BTA,A,R75Q,-0.4,korpm
1BTAA,1BTA,A,R75Q,-0.37,s2648
1BPIA,1BTI,A,A22F,1.2,ssym
15,1BTL,A,E48L,0.08,korpm
15,1BTL,A,F60Y,0.68,korpm
15,1BTL,A,G78A,0.39,korpm
15,1BTL,A,G92D,1.09,korpm
15,1BTL,A,S82H,0.58,korpm
1BVCA,1BVC,A,A125L,0.6,broom
39,1BVC,A,A125L,0.6,korpm
39,1BVC,A,A130K,-2.1,korpm
1BVCA,1BVC,A,A130K,-2.17,s2648
1BVCA,1BVC,A,A130K,-2.1,vb1432
1BVCA,1BVC,A,A130L,-0.99,s2648
1BVCA,1BVC,A,A130L,-0.9,vb1432
1BVCA,1BVC,A,A144L,0.4,broom
39,1BVC,A,A144L,0.4,korpm
1BVCA,1BVC,A,A15L,0.1,broom
39,1BVC,A,A15L,0.1,korpm
39,1BVC,A,D44A,0.15,korpm
1BVCA,1BVC,A,D44A,0.25,vb1432
1BVCA,1BVC,A,D60A,-0.15,vb1432
39,1BVC,A,E109A,0.36,korpm
1BVCA,1BVC,A,E109A,0.17,vb1432
1BVCA,1BVC,A,E109G,-0.89,vb1432
39,1BVC,A,E18A,0.5,korpm
39,1BVC,A,E4A,0.55,korpm
1BVCA,1BVC,A,E4A,-0.35,vb1432
1BVCA,1BVC,A,F106A,-0.7,broom
1BVCA,1BVC,A,F123A,-1.1,broom
39,1BVC,A,F123K,-2.1,korpm
1BVCA,1BVC,A,F123K,-2.1,s2648
1BVCA,1BVC,A,F123K,-2.1,vb1432
39,1BVC,A,F123T,-3.5,korpm
1BVCA,1BVC,A,F123T,-2.62,s2648
1BVCA,1BVC,A,G129A,1.1,vb1432
1BVCA,1BVC,A,G129A;V114A,-0.92,ptmul
1BVCA,1BVC,A,G129A;V66A,-1.36,ptmul
1BVCA,1BVC,A,G23A,-1.12,vb1432
1BVCA,1BVC,A,G23A;G25A,0.76,ptmul
1BVCA,1BVC,A,G65A;G73A,-0.12,ptmul
1BVCA,1BVC,A,H113Q,-0.26,s2648
1BVCA,1BVC,A,H116A,0.16,vb1432
1BVCA,1BVC,A,H119F,-0.68,s2648
39,1BVC,A,H24V,-0.54,korpm
1BVCA,1BVC,A,H24V,-0.52,s2648
1BVCA,1BVC,A,H24V;H119F,0.57,ptmul
39,1BVC,A,H36Q,-0.8,korpm
1BVCA,1BVC,A,H36Q,-0.83,s2648
1BVCA,1BVC,A,H36Q,-0.8,vb1432
39,1BVC,A,H48Q,-0.51,korpm
1BVCA,1BVC,A,H48Q,-0.62,s2648
1BVCA,1BVC,A,H64Q,-0.45,s2648
1BVCA,1BVC,A,H82Q,-0.05,s2648
1BVCA,1BVC,A,H93G,0.04,s2648
1BVCA,1BVC,A,I111A,-1.8,s2648
1BVCA,1BVC,A,I111L,-0.6,s2648
1BVCA,1BVC,A,I111M,-1.1,s2648
1BVCA,1BVC,A,I142A,-1.1,s2648
1BVCA,1BVC,A,I142A,-1.9,vb1432
1BVCA,1BVC,A,I142L,0.6,s2648
1BVCA,1BVC,A,I142M,0.9,s2648
1BVCA,1BVC,A,I142V,-0.1,s2648
1BVCA,1BVC,A,I28A,-2.06,broom
1BVCA,1BVC,A,I28A,-0.86,s2648
1BVCA,1BVC,A,I28L,-0.6,s2648
1BVCA,1BVC,A,I28M,-0.6,s2648
1BVCA,1BVC,A,I28V,0.0,s2648
1BVCA,1BVC,A,I30A,-1.9,broom
1BVCA,1BVC,A,I30A,-0.65,s2648
1BVCA,1BVC,A,K140A,0.35,vb1432
1BVCA,1BVC,A,K56A,-0.35,vb1432
1BVCA,1BVC,A,K77A,0.2,vb1432
1BVCA,1BVC,A,L115A,-1.4,broom
1BVCA,1BVC,A,L11A,-0.6,broom
1BVCA,1BVC,A,L11A,-0.44,vb1432
1BVCA,1BVC,A,L11A;V66A,0.57,ptmul
1BVCA,1BVC,A,L135A,-1.7,broom
1BVCA,1BVC,A,L135I,-1.5,s2648
1BVCA,1BVC,A,L135M,-0.8,s2648
1BVCA,1BVC,A,L135V,-2.2,s2648
1BVCA,1BVC,A,L137A,-0.3,broom
1BVCA,1BVC,A,L137A,-1.78,vb1432
1BVCA,1BVC,A,L149A,-1.6,vb1432
1BVCA,1BVC,A,L29A,-0.39,broom
1BVCA,1BVC,A,L29A,-0.63,s2648
1BVCA,1BVC,A,L29I,-1.1,s2648
1BVCA,1BVC,A,L29M,0.1,s2648
1BVCA,1BVC,A,L29V,-1.7,s2648
1BVCA,1BVC,A,L32A,-2.04,broom
1BVCA,1BVC,A,L32A,-0.92,s2648
1BVCA,1BVC,A,L49I,-0.8,s2648
1BVCA,1BVC,A,L69A,-1.2,s2648
1BVCA,1BVC,A,L69I,0.0,s2648
1BVCA,1BVC,A,L69M,0.0,s2648
1BVCA,1BVC,A,L69V,-0.1,s2648
1BVCA,1BVC,A,L9A,-0.41,vb1432
39,1BVC,A,M131A,-2.2,korpm
1BVCA,1BVC,A,M131A,-2.2,s2648
1BVCA,1BVC,A,M131A,-2.2,vb1432
1BVCA,1BVC,A,N132G;E136G,-0.3,ptmul
1BVCA,1BVC,A,P88A,0.59,vb1432
39,1BVC,A,Q8A,1.07,korpm
1BVCA,1BVC,A,Q8A,0.88,vb1432
1BVCA,1BVC,A,Q8G,-0.5,vb1432
1BVCA,1BVC,A,S117A,-0.26,vb1432
1BVCA,1BVC,A,T51A,-1.41,vb1432
1BVCA,1BVC,A,T67A,-0.26,vb1432
1BVCA,1BVC,A,V114A,-1.45,vb1432
1BVCA,1BVC,A,V114A;G129A;V66A;L149A,0.72,ptmul
1BVCA,1BVC,A,V114A;H116A;S117A,-0.7,ptmul
1BVCA,1BVC,A,V114A;H116A;S117A;G23A,-0.48,ptmul
1BVCA,1BVC,A,V114A;H116A;S117A;V66A;G129A;L149A,-0.92,ptmul
1BVCA,1BVC,A,V114A;L149A;G129A,1.4,ptmul
1BVCA,1BVC,A,V114A;V66A;G129A;L149A;G23A,0.31,ptmul
1BVCA,1BVC,A,V13A,0.0,broom
1BVCA,1BVC,A,V13A,-0.67,vb1432
1BVCA,1BVC,A,V66A,0.75,vb1432
1BVCA,1BVC,A,V66A;G129A;G23A,-1.1,ptmul
1BVCA,1BVC,A,V66A;G129A;G23A;V13A,-0.75,ptmul
1BVCA,1BVC,A,V66A;G129A;L149A,-0.16,ptmul
1BVCA,1BVC,A,V66A;G23A,-0.45,ptmul
1BVCA,1BVC,A,V66A;L135A,4.79,ptmul
1BVCA,1BVC,A,V66A;L137A,0.42,ptmul
1BVCA,1BVC,A,V66A;L149A,0.97,ptmul
1BVCA,1BVC,A,V66A;V114A,0.62,ptmul
1BVCA,1BVC,A,V66A;V114A;G129A,0.64,ptmul
1BVCA,1BVC,A,V66A;V114A;G129A;L149A;G23A;V13A,-0.37,ptmul
1BVCA,1BVC,A,V66A;V114A;V13A,0.97,ptmul
1BVCA,1BVC,A,V66A;V114A;V13A;G23A,-1.48,ptmul
1BVCA,1BVC,A,V66A;V13A,-0.86,ptmul
1BVCA,1BVC,A,V68T,-0.6,s2648
1BVCA,1BVC,A,V68T,-0.4,vb1432
39,1BVC,A,W14F,-1.1,korpm
1BVCA,1BVC,A,W14F,-1.1,s2648
1BVCA,1BVC,A,W14F,-1.1,vb1432
39,1BVC,A,W7F,-0.9,korpm
1BVCA,1BVC,A,W7F,-0.9,s2648
1BVCA,1BVC,A,W7F,-0.9,vb1432
1BVCA,1BZ6,A,A125L,0.6,myoglobin
1BVCA,1BZ6,A,A130K,-3.7,myoglobin
1BVCA,1BZ6,A,A130K,-2.1,myoglobin
1BVCA,1BZ6,A,A130L,-2.3,myoglobin
1BVCA,1BZ6,A,A130L,-0.9,myoglobin
1BVCA,1BZ6,A,A144L,0.4,myoglobin
1BVCA,1BZ6,A,A15L,0.1,myoglobin
1BVCA,1BZ6,A,D122A,-0.1,myoglobin
1BVCA,1BZ6,A,D20A,-0.5,myoglobin
1BVCA,1BZ6,A,D44A,0.25,myoglobin
1BVCA,1BZ6,A,D60A,-0.15,myoglobin
1BVCA,1BZ6,A,E109A,-0.17,myoglobin
1BVCA,1BZ6,A,E109G,0.89,myoglobin
1BVCA,1BZ6,A,E18A,-0.95,myoglobin
1BVCA,1BZ6,A,E4A,-0.35,myoglobin
1BVCA,1BZ6,A,F106A,-0.7,myoglobin
1BVCA,1BZ6,A,F123A,-1.1,myoglobin
1BVCA,1BZ6,A,F123K,-2.1,myoglobin
1BVCA,1BZ6,A,F123T,-3.5,myoglobin
1BVCA,1BZ6,A,F43I,-0.89,myoglobin
1BVCA,1BZ6,A,F43V,-2.66,myoglobin
1BVCA,1BZ6,A,G129A,1.05,myoglobin
1BVCA,1BZ6,A,G23A,-1.12,myoglobin
1BVCA,1BZ6,A,H113Q,-0.26,myoglobin
1BVCA,1BZ6,A,H116A,0.16,myoglobin
1BVCA,1BZ6,A,H119F,-0.68,myoglobin
1BVCA,1BZ6,A,H24V,-0.52,myoglobin
1BVCA,1BZ6,A,H36Q,-1.3,myoglobin
1BVCA,1BZ6,A,H36Q,-0.8,myoglobin
1BVCA,1BZ6,A,H48Q,-0.62,myoglobin
1BVCA,1BZ6,A,H64A,0.58,myoglobin
1BVCA,1BZ6,A,H64A,0.49,myoglobin
1BVCA,1BZ6,A,H64F,1.51,myoglobin
1BVCA,1BZ6,A,H64F,0.81,myoglobin
1BVCA,1BZ6,A,H64G,-0.04,myoglobin
1BVCA,1BZ6,A,H64I,0.38,myoglobin
1BVCA,1BZ6,A,H64L,1.05,myoglobin
1BVCA,1BZ6,A,H64L,0.61,myoglobin
1BVCA,1BZ6,A,H64N,-0.33,myoglobin
1BVCA,1BZ6,A,H64Q,-0.45,myoglobin
1BVCA,1BZ6,A,H64Q,-0.54,myoglobin
1BVCA,1BZ6,A,H64Q,0.02,myoglobin
1BVCA,1BZ6,A,H64R,-0.08,myoglobin
1BVCA,1BZ6,A,H64T,0.23,myoglobin
1BVCA,1BZ6,A,H64V,0.36,myoglobin
1BVCA,1BZ6,A,H64W,0.47,myoglobin
1BVCA,1BZ6,A,H64Y,0.52,myoglobin
1BVCA,1BZ6,A,H82Q,-0.05,myoglobin
1BVCA,1BZ6,A,H93G,0.04,myoglobin
1BVCA,1BZ6,A,H97Q,-0.11,myoglobin
1BVCA,1BZ6,A,I107A,-0.43,myoglobin
1BVCA,1BZ6,A,I107F,0.58,myoglobin
1BVCA,1BZ6,A,I107F,0.12,myoglobin
1BVCA,1BZ6,A,I107T,-2.23,myoglobin
1BVCA,1BZ6,A,I107V,-1.09,myoglobin
1BVCA,1BZ6,A,I111A,-1.84,myoglobin
1BVCA,1BZ6,A,I111L,-0.64,myoglobin
1BVCA,1BZ6,A,I111M,-1.14,myoglobin
1BVCA,1BZ6,A,I142A,-1.92,myoglobin
1BVCA,1BZ6,A,I142A,-1.1,myoglobin
1BVCA,1BZ6,A,I142L,0.63,myoglobin
1BVCA,1BZ6,A,I142M,0.93,myoglobin
1BVCA,1BZ6,A,I142V,-0.12,myoglobin
1BVCA,1BZ6,A,I28A,-2.06,myoglobin
1BVCA,1BZ6,A,I28A,-1.33,myoglobin
1BVCA,1BZ6,A,I28A,-0.53,myoglobin
1BVCA,1BZ6,A,I28F,-0.28,myoglobin
1BVCA,1BZ6,A,I28L,-0.55,myoglobin
1BVCA,1BZ6,A,I28M,-0.56,myoglobin
1BVCA,1BZ6,A,I28V,0.04,myoglobin
1BVCA,1BZ6,A,I30A,-1.9,myoglobin
1BVCA,1BZ6,A,K133A,-0.05,myoglobin
1BVCA,1BZ6,A,K140A,-0.35,myoglobin
1BVCA,1BZ6,A,K56A,-0.35,myoglobin
1BVCA,1BZ6,A,K77A,0.2,myoglobin
1BVCA,1BZ6,A,L115A,-1.4,myoglobin
1BVCA,1BZ6,A,L11A,-0.44,myoglobin
1BVCA,1BZ6,A,L11A,-0.6,myoglobin
1BVCA,1BZ6,A,L135A,-1.7,myoglobin
1BVCA,1BZ6,A,L135I,-1.54,myoglobin
1BVCA,1BZ6,A,L135M,-0.79,myoglobin
1BVCA,1BZ6,A,L135V,-2.25,myoglobin
1BVCA,1BZ6,A,L137A,-1.78,myoglobin
1BVCA,1BZ6,A,L137A,-0.3,myoglobin
1BVCA,1BZ6,A,L149A,-1.6,myoglobin
1BVCA,1BZ6,A,L29A,-0.39,myoglobin
1BVCA,1BZ6,A,L29A,-2.37,myoglobin
1BVCA,1BZ6,A,L29F,-0.13,myoglobin
1BVCA,1BZ6,A,L29I,-1.12,myoglobin
1BVCA,1BZ6,A,L29M,0.12,myoglobin
1BVCA,1BZ6,A,L29N,-5.59,myoglobin
1BVCA,1BZ6,A,L29V,-1.72,myoglobin
1BVCA,1BZ6,A,L32A,-2.04,myoglobin
1BVCA,1BZ6,A,L32A,-0.47,myoglobin
1BVCA,1BZ6,A,L32F,-0.07,myoglobin
1BVCA,1BZ6,A,L32W,-0.53,myoglobin
1BVCA,1BZ6,A,L49I,-0.8,myoglobin
1BVCA,1BZ6,A,L69A,-1.18,myoglobin
1BVCA,1BZ6,A,L69I,-0.02,myoglobin
1BVCA,1BZ6,A,L69M,-0.0,myoglobin
1BVCA,1BZ6,A,L69V,-0.1,myoglobin
1BVCA,1BZ6,A,L9A,-0.41,myoglobin
1BVCA,1BZ6,A,M131A,-2.2,myoglobin
1BVCA,1BZ6,A,P88A,0.59,myoglobin
1BVCA,1BZ6,A,Q8A,-0.89,myoglobin
1BVCA,1BZ6,A,Q8G,0.5,myoglobin
1BVCA,1BZ6,A,R118A,-0.65,myoglobin
1BVCA,1BZ6,A,R139A,-0.45,myoglobin
1BVCA,1BZ6,A,S117A,-0.26,myoglobin
1BVCA,1BZ6,A,T51A,-1.41,myoglobin
1BVCA,1BZ6,A,T67A,-0.26,myoglobin
1BVCA,1BZ6,A,T67F,0.19,myoglobin
1BVCA,1BZ6,A,T67P,-0.85,myoglobin
1BVCA,1BZ6,A,T67Q,0.23,myoglobin
1BVCA,1BZ6,A,V114A,-1.45,myoglobin
1BVCA,1BZ6,A,V13A,-0.67,myoglobin
1BVCA,1BZ6,A,V13A,-0.0,myoglobin
1BVCA,1BZ6,A,V66A,0.75,myoglobin
1BVCA,1BZ6,A,V68A,-0.93,myoglobin
1BVCA,1BZ6,A,V68A,-0.6,myoglobin
1BVCA,1BZ6,A,V68F,0.82,myoglobin
1BVCA,1BZ6,A,V68F,0.38,myoglobin
1BVCA,1BZ6,A,V68I,0.35,myoglobin
1BVCA,1BZ6,A,V68L,0.42,myoglobin
1BVCA,1BZ6,A,V68N,-3.81,myoglobin
1BVCA,1BZ6,A,V68Q,-2.42,myoglobin
1BVCA,1BZ6,A,V68S,-2.99,myoglobin
1BVCA,1BZ6,A,V68T,-1.67,myoglobin
1BVCA,1BZ6,A,V68T,-0.6,myoglobin
1BVCA,1BZ6,A,V68T,-0.57,myoglobin
1BVCA,1BZ6,A,V68W,-0.07,myoglobin
1BVCA,1BZ6,A,V68Y,-0.17,myoglobin
1BVCA,1BZ6,A,W14F,-1.1,myoglobin
1BVCA,1BZ6,A,W7F,-0.9,myoglobin
1C2RA,1C2R,A,G34S,-2.2,vb1432
1C2RA,1C2R,A,K12D,-1.3,vb1432
0,1C2R,A,K14E,-0.9,korpm
1C2RA,1C2R,A,K14E,-1.3,vb1432
1C2RA,1C2R,A,K14E;K32E,-0.8,ptmul
0,1C2R,A,K32E,0.4,korpm
1C2RA,1C2R,A,K32E,0.2,vb1432
1C2RA,1C2R,A,P35A,-2.0,vb1432
1C5GA,1C5G,A,E350P,0.3,vb1432
1C5GA,1C5G,A,E350R,-0.3,vb1432
1C5GA,1C5G,A,R53E,-1.2,vb1432
1MJCA,1C9O,A,E12K,-0.32,s2648
1MJCA,1C9O,A,E21A,-0.29,s2648
1MJCA,1C9O,A,E21A,-0.29,vb1432
1MJCA,1C9O,A,E21K,-0.31,s2648
1MJCA,1C9O,A,E21K,-0.26,vb1432
1MJCA,1C9O,A,E36K,-0.45,s2648
1MJCA,1C9O,A,E46A,0.01,s2648
1MJCA,1C9O,A,E46A,-0.22,vb1432
1MJCA,1C9O,A,E46A;L66E,-0.84,ptmul
1MJCA,1C9O,A,E46K,-0.57,s2648
1MJCA,1C9O,A,E46K,-0.65,vb1432
1MJCA,1C9O,A,E50K,-0.58,s2648
7,1C9O,A,E50W,0.3,korpm
1MJCA,1C9O,A,E50W,0.07,s2648
1MJCA,1C9O,A,E50W;L66C,-6.6,ptmul
1MJCA,1C9O,A,E50W;Q2C,0.2,ptmul
1MJCA,1C9O,A,E50W;S24C,-0.75,ptmul
1MJCA,1C9O,A,F38W,0.24,s2648
1MJCA,1C9O,A,F38W;L66C,-0.98,ptmul
1MJCA,1C9O,A,F38W;N11C,-1.2,ptmul
1MJCA,1C9O,A,G23Q,-0.13,s2648
1MJCA,1C9O,A,G23Q,-0.29,vb1432
1MJCA,1C9O,A,G23Q;S24D,0.07,ptmul
7,1C9O,A,H29E,-0.48,korpm
1MJCA,1C9O,A,H29E,-0.61,s2648
1MJCA,1C9O,A,H29E,-0.77,vb1432
7,1C9O,A,L66E,-1.27,korpm
1MJCA,1C9O,A,L66E,-0.97,s2648
1MJCA,1C9O,A,L66E,-1.24,vb1432
1MJCA,1C9O,A,N11S,0.11,s2648
1MJCA,1C9O,A,N11S,0.33,vb1432
7,1C9O,A,N55K,0.1,korpm
1MJCA,1C9O,A,N55K,-0.03,s2648
7,1C9O,A,Q2L,0.41,korpm
1MJCA,1C9O,A,Q2L,0.48,s2648
1MJCA,1C9O,A,Q2L,0.55,vb1432
7,1C9O,A,Q53E,-0.1,korpm
1MJCA,1C9O,A,Q53E,-0.03,s2648
1MJCA,1C9O,A,Q53E,-0.1,vb1432
1MJCA,1C9O,A,R3A,-1.88,s2648
1MJCA,1C9O,A,R3A,-1.89,vb1432
7,1C9O,A,R3E,-1.0,korpm
1MJCA,1C9O,A,R3E,-1.46,s2648
1MJCA,1C9O,A,R3E,-2.75,vb1432
1MJCA,1C9O,A,R3E;E21A,-2.7,ptmul
1MJCA,1C9O,A,R3E;E46A,-0.43,ptmul
1MJCA,1C9O,A,R3E;E46A;L66E,-1.65,ptmul
1MJCA,1C9O,A,R3E;L66E,-1.94,ptmul
7,1C9O,A,R3K,-0.19,korpm
1MJCA,1C9O,A,R3K,-0.19,s2648
1MJCA,1C9O,A,R3K,-0.19,vb1432
7,1C9O,A,R3L,-0.22,korpm
1MJCA,1C9O,A,R3L,-0.11,s2648
1MJCA,1C9O,A,R3L,-0.93,vb1432
7,1C9O,A,R56E,0.53,korpm
1MJCA,1C9O,A,R56E,0.69,s2648
1MJCA,1C9O,A,R56E,0.77,vb1432
1MJCA,1C9O,A,S24D,0.17,s2648
1MJCA,1C9O,A,S24D,0.22,vb1432
7,1C9O,A,T31S,0.17,korpm
1MJCA,1C9O,A,T31S,0.1,s2648
1MJCA,1C9O,A,T31S,0.17,vb1432
1MJCA,1C9O,A,V64T,-0.3,s2648
1MJCA,1C9O,A,V64T,-0.26,vb1432
1MJCA,1C9O,A,Y15F,-0.05,s2648
1MJCA,1C9O,A,Y15F,-0.05,vb1432
12,1CAH,A,C206S,0.8,korpm
1CAHA,1CAH,A,C206S,2.35,s2648
12,1CAH,A,H107F,-1.4,korpm
12,1CAH,A,H107N,-2.8,korpm
1CAHA,1CAH,A,H107N;E117A,1.8,ptmul
12,1CAH,A,H107Y,-3.0,korpm
1CAHA,1CAH,A,I256C;C206S,-1.35,ptmul
1CAHA,1CAH,A,L60C;S173C,-1.35,ptmul
12,1CAH,A,P202A,-1.1,korpm
1CAHA,1CAH,A,S56C;C206S,-1.35,ptmul
1CAHA,1CAH,A,V68C;C206S,-1.8,ptmul
1CAHA,1CAH,A,W123C;C206S,-1.2,ptmul
1CAHA,1CAH,A,W5F,-1.8,s2648
1CAHA,1CAH,A,W5F;W16F,-3.4,ptmul
1HNGA,1CDC,A,A40G,1.71,vb1432
1HNGA,1CDC,A,A40G;L50V,0.72,ptmul
1HNGA,1CDC,A,I18V,1.17,vb1432
1HNGA,1CDC,A,I18V;V78A,5.06,ptmul
1HNGA,1CDC,A,I57V,0.43,vb1432
1HNGA,1CDC,A,L16V,2.2,vb1432
1HNGA,1CDC,A,L16V;L95V,2.01,ptmul
1HNGA,1CDC,A,L50V,-0.37,vb1432
1HNGA,1CDC,A,L89V,0.14,vb1432
1HNGA,1CDC,A,L95V,0.75,vb1432
1HNGA,1CDC,A,V30A,4.88,vb1432
1HNGA,1CDC,A,V78A,3.01,vb1432
1HNGA,1CDC,A,V78A;L89V,4.06,ptmul
40,1CEY,A,A101G,-1.0,korpm
1CEYA,1CEY,A,A101G,-0.95,s2648
1CEYA,1CEY,A,A103G;F14N,1.2,ptmul
40,1CEY,A,A113G,-1.3,korpm
1CEYA,1CEY,A,A113G,-0.75,s2648
1CEYA,1CEY,A,A114G,-0.5,s2648
1CEYA,1CEY,A,A36G;F14N,-0.2,ptmul
1CEYA,1CEY,A,A42G;F14N,0.6,ptmul
1CEYA,1CEY,A,A48G,0.06,s2648
1CEYA,1CEY,A,A74G,-0.31,s2648
1CEYA,1CEY,A,A77G,-0.3,broom
1CEYA,1CEY,A,A77G,-0.31,s2648
1CEYA,1CEY,A,A80G,0.6,broom
1CEYA,1CEY,A,A80G,0.43,s2648
1CEYA,1CEY,A,A88G,0.1,broom
1CEYA,1CEY,A,A88G,0.04,s2648
1CEYA,1CEY,A,A90G,0.35,s2648
1CEYA,1CEY,A,A97G;F14N,1.5,ptmul
1CEYA,1CEY,A,A98G;F14N,1.6,ptmul
1CEYA,1CEY,A,A99G,-0.48,s2648
1CEYA,1CEY,A,D12A,2.5,s2648
1CEYA,1CEY,A,D12A,2.5,ssym
1CEYA,1CEY,A,D13A,2.7,s2648
1CEYA,1CEY,A,D13A,2.7,ssym
1CEYA,1CEY,A,D38A;F14N,1.0,ptmul
1CEYA,1CEY,A,D38G;F14N,1.9,ptmul
1CEYA,1CEY,A,D57A,3.3,s2648
1CEYA,1CEY,A,D57A,3.3,ssym
1CEYA,1CEY,A,D64A;F14N,1.7,ptmul
1CEYA,1CEY,A,D64G;F14N,2.6,ptmul
40,1CEY,A,F14A,0.8,korpm
1CEYA,1CEY,A,F14N,2.9,broom
1CEYA,1CEY,A,F14N,2.64,s2648
1CEYA,1CEY,A,G76A;F14N,3.4,ptmul
1CEYA,1CEY,A,K91A;F14N,3.3,ptmul
1CEYA,1CEY,A,K91G;F14N,3.4,ptmul
1CEYA,1CEY,A,P110G;F14N,1.1,ptmul
40,1CEY,A,P61G,-0.6,korpm
1CEYA,1CEY,A,T112A;F14N,1.4,ptmul
1CEYA,1CEY,A,T112G;F14N,1.9,ptmul
8,1CFD,A,D50G,-0.65,korpm
8,1CFD,A,E54K,0.32,korpm
8,1CFD,A,G40E,-1.57,korpm
8,1CFD,A,G59S,-0.82,korpm
8,1CFD,A,K75A,0.6,korpm
8,1CFD,A,K75I,1.7,korpm
8,1CFD,A,L39F,-1.1,korpm
8,1CFD,A,Q41L,1.3,korpm
1CHKA,1CHK,A,W101F,-4.27,s2648
1CHKA,1CHK,A,W101F,-4.27,vb1432
41,1CHK,A,W227F,-2.51,korpm
1CHKA,1CHK,A,W227F,-2.51,s2648
1CHKA,1CHK,A,W227F,-2.51,vb1432
1CHKA,1CHK,A,W28F,-4.43,s2648
1CHKA,1CHK,A,W28F,-4.43,vb1432
1CHKA,1CHK,A,W28F;W101F,-0.58,ptmul
1CLWA,1CLW,A,E309V,-2.3,vb1432
1CLWA,1CLW,A,G177R,-2.1,vb1432
1CLWA,1CLW,A,G244R,-4.0,vb1432
1CLWA,1CLW,A,G323D,-0.4,vb1432
1CLWA,1CLW,A,R285K,-10.3,vb1432
1CLWA,1CLW,A,R382S,-17.4,vb1432
1CLWA,1CLW,A,T235I,-1.6,vb1432
5,1CM2,A,K49D,1.5,korpm
5,1CM2,A,K49G,1.2,korpm
5,1CM2,A,K49M,1.0,korpm
5,1CM2,A,K49N,0.3,korpm
5,1CM2,A,K49Q,1.5,korpm
5,1CM2,A,K49R,-0.2,korpm
5,1CM2,A,K49S,1.2,korpm
1ACBI,1CSE,I,L27A,-0.16,s2648
1ACBI,1CSE,I,V14A,-1.04,s2648
1ACBI,1CSE,I,V18A,-1.2,s2648
1ACBI,1CSE,I,V54A,-1.58,s2648
1ACBI,1CSE,I,V62A,-1.01,s2648
7,1CSP,A,A46E,-0.6,korpm
1MJCA,1CSP,A,A46E,-0.59,s2648
1MJCA,1CSP,A,A46E,-0.6,vb1432
7,1CSP,A,A46K,0.77,korpm
1MJCA,1CSP,A,A46K,1.41,s2648
1MJCA,1CSP,A,A46K;S48R,2.65,ptmul
1MJCA,1CSP,A,A46K;S48R;E66L,3.75,ptmul
7,1CSP,A,A46L,0.55,korpm
7,1CSP,A,D24K,-0.41,korpm
1MJCA,1CSP,A,D24K,-0.48,vb1432
1MJCA,1CSP,A,D24N,-0.72,vb1432
1MJCA,1CSP,A,D25K,-1.43,vb1432
1MJCA,1CSP,A,D25K;E19Q,-1.43,ptmul
7,1CSP,A,D25Q,-0.41,korpm
1MJCA,1CSP,A,D25Q,-0.79,s2648
1MJCA,1CSP,A,D25Q,-0.81,vb1432
1MJCA,1CSP,A,D25Q;E19Q,-1.1,ptmul
1MJCA,1CSP,A,E12K,-0.62,vb1432
1MJCA,1CSP,A,E19K,-0.57,vb1432
1MJCA,1CSP,A,E19Q,-0.19,vb1432
1MJCA,1CSP,A,E21K,-0.12,vb1432
1MJCA,1CSP,A,E21Q,-0.31,vb1432
1MJCA,1CSP,A,E21Q;E19Q,-0.41,ptmul
7,1CSP,A,E3K,2.02,korpm
1MJCA,1CSP,A,E3K,2.75,s2648
1MJCA,1CSP,A,E3K;E66K,1.91,ptmul
1MJCA,1CSP,A,E3K;K65I;E66K,2.94,ptmul
7,1CSP,A,E3L,1.18,korpm
1MJCA,1CSP,A,E3L,1.59,s2648
1MJCA,1CSP,A,E3L,1.6,vb1432
7,1CSP,A,E3Q,1.05,korpm
1MJCA,1CSP,A,E3Q,1.14,s2648
1MJCA,1CSP,A,E3Q,0.98,vb1432
1MJCA,1CSP,A,E3R,0.88,broom
7,1CSP,A,E3R,1.6,korpm
1MJCA,1CSP,A,E3R,1.77,s2648
1MJCA,1CSP,A,E3R,2.65,vb1432
1MJCA,1CSP,A,E3R;A46K;S48R,3.37,ptmul
1MJCA,1CSP,A,E3R;A46K;S48R;E66L,2.8,ptmul
1MJCA,1CSP,A,E3R;E66L,1.53,ptmul
1MJCA,1CSP,A,E3R;F15A;D25K;F27A,-1.24,ptmul
1MJCA,1CSP,A,E3R;F15A;E19K;F27A,-0.57,ptmul
1MJCA,1CSP,A,E3R;F15A;F27A,0.0,ptmul
1MJCA,1CSP,A,E3R;T64V;E66L,3.7,ptmul
7,1CSP,A,E3V,1.1,korpm
7,1CSP,A,E42K,0.12,korpm
1MJCA,1CSP,A,E42K,0.02,vb1432
1MJCA,1CSP,A,E42Q,-0.12,vb1432
1MJCA,1CSP,A,E43G;A46K;S48R,2.82,ptmul
7,1CSP,A,E43K,0.22,korpm
1MJCA,1CSP,A,E43K,0.17,vb1432
1MJCA,1CSP,A,E43K;A46K;S48K,2.89,ptmul
7,1CSP,A,E43Q,0.05,korpm
1MJCA,1CSP,A,E43Q,0.05,vb1432
7,1CSP,A,E43S,0.19,korpm
1MJCA,1CSP,A,E43S,0.29,s2648
1MJCA,1CSP,A,E43S;A46K;S48K,2.61,ptmul
1MJCA,1CSP,A,E43S;A46K;S48R,2.7,ptmul
1MJCA,1CSP,A,E50K,-0.57,vb1432
1MJCA,1CSP,A,E50Q,-1.16,s2648
1MJCA,1CSP,A,E50Q,-1.22,vb1432
1MJCA,1CSP,A,E53K,-0.19,vb1432
7,1CSP,A,E53Q,0.19,korpm
1MJCA,1CSP,A,E53Q,0.19,vb1432
7,1CSP,A,E66K,1.25,korpm
1MJCA,1CSP,A,E66K,2.18,s2648
1MJCA,1CSP,A,E66L,1.34,broom
7,1CSP,A,E66L,1.43,korpm
1MJCA,1CSP,A,E66L,1.6,s2648
1MJCA,1CSP,A,E66L,2.1,vb1432
1MJCA,1CSP,A,E66L;A67P,2.15,ptmul
7,1CSP,A,E66V,1.13,korpm
1MJCA,1CSP,A,F15A,-2.27,broom
1MJCA,1CSP,A,F15A,-2.07,s2648
1MJCA,1CSP,A,F17A,-1.53,broom
7,1CSP,A,F17A,-1.34,korpm
1MJCA,1CSP,A,F17A,-1.47,s2648
1MJCA,1CSP,A,F27A,-0.76,broom
1MJCA,1CSP,A,F27A,-0.84,s2648
1MJCA,1CSP,A,F38A,0.15,broom
7,1CSP,A,F38A,0.15,korpm
1MJCA,1CSP,A,F38A,0.22,s2648
1MJCA,1CSP,A,F38A,0.31,vb1432
7,1CSP,A,K13E,-0.43,korpm
1MJCA,1CSP,A,K13E,-0.29,vb1432
1MJCA,1CSP,A,K13Q,-0.14,vb1432
1MJCA,1CSP,A,K39E,-0.26,vb1432
7,1CSP,A,K39Q,-0.07,korpm
1MJCA,1CSP,A,K39Q,-0.02,vb1432
1MJCA,1CSP,A,K5E,-3.11,vb1432
1MJCA,1CSP,A,K5Q,-1.96,vb1432
1MJCA,1CSP,A,K65E,-1.7,vb1432
7,1CSP,A,K65I,1.54,korpm
1MJCA,1CSP,A,K65I,1.53,s2648
7,1CSP,A,K65Q,-0.29,korpm
1MJCA,1CSP,A,K65Q,-0.77,vb1432
7,1CSP,A,L2R,-0.36,korpm
7,1CSP,A,M1R,0.94,korpm
1MJCA,1CSP,A,M1R,1.75,s2648
1MJCA,1CSP,A,M1R;E3K,3.9,ptmul
1MJCA,1CSP,A,M1R;E3K;E66K,1.55,ptmul
1MJCA,1CSP,A,M1R;E3K;K65I,5.0,ptmul
1MJCA,1CSP,A,M1R;E3K;K65I;E66K,3.37,ptmul
1MJCA,1CSP,A,M1R;E3K;K65I;E66L,4.8,ptmul
1MJCA,1CSP,A,M1R;E66K,2.63,ptmul
1MJCA,1CSP,A,M1R;K65I;E66K,3.56,ptmul
7,1CSP,A,N10D,0.33,korpm
1MJCA,1CSP,A,N10D,0.38,s2648
1MJCA,1CSP,A,N10D,0.31,vb1432
7,1CSP,A,N10K,-1.47,korpm
1MJCA,1CSP,A,N10K,-1.51,vb1432
7,1CSP,A,N55D,0.45,korpm
1MJCA,1CSP,A,N55D,0.5,vb1432
7,1CSP,A,N55K,0.1,korpm
1MJCA,1CSP,A,N55K,-0.1,vb1432
1MJCA,1CSP,A,N55S;Q59R,-0.17,ptmul
7,1CSP,A,R56Q,0.24,korpm
1MJCA,1CSP,A,R56Q,0.28,s2648
1MJCA,1CSP,A,R56Q,0.38,vb1432
7,1CSP,A,S48E,0.05,korpm
1MJCA,1CSP,A,S48E,0.04,s2648
1MJCA,1CSP,A,S48E,0.1,vb1432
7,1CSP,A,S48K,0.72,korpm
1MJCA,1CSP,A,S48K,0.74,vb1432
7,1CSP,A,S48R,0.96,korpm
1MJCA,1CSP,A,S48R,1.58,s2648
7,1CSP,A,T64R,0.6,korpm
1MJCA,1CSP,A,V20E;E3R,-3.37,ptmul
7,1CSP,A,V20K,-2.04,korpm
1MJCA,1CSP,A,V20K,-1.94,vb1432
1MJCA,1CSP,A,V20K;E3R,-2.1,ptmul
7,1CSP,A,V20Q,-1.9,korpm
1MJCA,1CSP,A,V20Q,-1.82,vb1432
1MJCA,1CSP,A,V20Q;E3R,-1.63,ptmul
2LZMA,1CTW,A,A78I,1.2,ssym
2LZMA,1CU0,A,M78I,1.5,ssym
2LZMA,1CU2,A,M84L,1.9,ssym
2LZMA,1CU3,A,M87V,2.3,ssym
2LZMA,1CU5,A,M91L,0.8,ssym
2LZMA,1CU6,A,A91L,2.6,ssym
1CUNA,1CUN,A,A119G,-1.75,s2648
1CUNA,1CUN,A,A126G,-1.65,s2648
1CUNA,1CUN,A,A156G,-1.45,s2648
1CUNA,1CUN,A,A173G,-1.95,s2648
1CUNA,1CUN,A,A191G,-1.35,s2648
1CUNA,1CUN,A,A206G,-2.25,s2648
1CUNA,1CUN,A,A212G,-1.45,s2648
1CUNA,1CUN,A,F117L,-2.55,s2648
1CUNA,1CUN,A,F157L,-1.85,s2648
1CUNA,1CUN,A,G198A,0.45,s2648
1CUNA,1CUN,A,H164A,-2.35,s2648
1CUNA,1CUN,A,I128A,-1.65,s2648
1CUNA,1CUN,A,I128V,-2.85,s2648
1CUNA,1CUN,A,K152A,-0.15,s2648
1CUNA,1CUN,A,K152G,-1.45,s2648
1CUNA,1CUN,A,L196A,-4.55,s2648
1CUNA,1CUN,A,L203A,-4.05,s2648
1CUNA,1CUN,A,L214A,-3.65,s2648
1CUNA,1CUN,A,M193A,-2.65,s2648
1CUNA,1CUN,A,Q115A,-0.15,s2648
1CUNA,1CUN,A,Q115G,-1.15,s2648
1CUNA,1CUN,A,S201A,0.15,s2648
1CUNA,1CUN,A,S201G,-0.95,s2648
1CUNA,1CUN,A,V163A,0.15,s2648
1CUNA,1CUN,A,V163G,-0.85,s2648
1CUNA,1CUN,A,V171A,-1.55,s2648
2LZMA,1CUP,A,M100I,1.6,ssym
2LZMA,1CUQ,A,M103V,1.2,ssym
2LZMA,1CV0,A,M104F,0.4,ssym
2LZMA,1CV1,A,M111V,0.7,ssym
2LZMA,1CV3,A,M121L,0.8,ssym
2LZMA,1CV4,A,M118L,0.7,ssym
2LZMA,1CV5,A,M133L,0.4,ssym
2LZMA,1CV6,A,M149V,2.8,ssym
2LZMA,1CVK,A,A118L,3.2,ssym
0,1CYC,A,K73F,-1.15,korpm
0,1CYC,A,K73W,-1.43,korpm
0,1CYC,A,K73Y,-1.05,korpm
1IETA,1CYO,A,F35H,-2.82,vb1432
1IETA,1CYO,A,F35L,-1.87,vb1432
1IETA,1CYO,A,F35Y,0.79,vb1432
1IETA,1CYO,A,S71L,0.8,broom
1IETA,1CYO,A,S71L;L32I,0.5,ptmul
1IETA,1CYO,A,V45E,-2.68,vb1432
1IETA,1CYO,A,V45H,-1.34,vb1432
1IETA,1CYO,A,V45Y,-1.53,vb1432
1IETA,1CYO,A,V61E,-1.1,vb1432
1IETA,1CYO,A,V61H,-1.63,vb1432
1IETA,1CYO,A,V61K,-2.34,vb1432
1IETA,1CYO,A,V61Y,-1.29,vb1432
2LZMA,1D2W,A,M27I,3.1,ssym
2LZMA,1D2Y,A,M50I,0.4,ssym
2LZMA,1D3J,A,M66L,1.0,ssym
1DILA,1DIL,A,A53L,0.81,broom
42,1DIL,A,A53L,0.81,korpm
1DILA,1DIL,A,A69V,0.62,broom
42,1DIL,A,A69V,0.62,korpm
1DIVA,1DIV,A,D23A,-0.49,broom
27,1DIV,A,D23A,0.46,korpm
1DIVA,1DIV,A,D23N,-0.72,broom
27,1DIV,A,D23N,0.72,korpm
1DIVA,1DIV,A,D8N,-0.3,broom
27,1DIV,A,E100G,-1.95,korpm
1DIVA,1DIV,A,E17Q,-0.21,broom
1DIVA,1DIV,A,E38Q,-0.56,broom
1DIVA,1DIV,A,E48Q,0.03,broom
27,1DIV,A,E48Q,0.03,korpm
1DIVA,1DIV,A,E54Q,0.33,broom
27,1DIV,A,E54Q,0.33,korpm
1DIVA,1DIV,A,F5V;K12M,-2.04,ptmul
1DIVA,1DIV,A,H106Q,-0.95,broom
27,1DIV,A,H106Q,-1.53,korpm
1DIVA,1DIV,A,H134Q,-0.66,broom
27,1DIV,A,H134Q,-1.63,korpm
1DIVA,1DIV,A,H144Q,-0.69,broom
27,1DIV,A,H144Q,-0.86,korpm
27,1DIV,A,I121A,-3.08,korpm
1DIVA,1DIV,A,I4A,-2.22,broom
1DIVA,1DIV,A,I4V,-0.59,broom
1DIVA,1DIV,A,K10M,0.05,broom
1DIVA,1DIV,A,K12M,1.9,broom
1DIVA,1DIV,A,K14M,0.01,broom
27,1DIV,A,K14M,0.01,korpm
1DIVA,1DIV,A,K15M,-0.31,broom
1DIVA,1DIV,A,K7M,0.35,broom
27,1DIV,A,K96A,1.01,korpm
1DIVA,1DIV,A,L30A,-2.76,broom
1DIVA,1DIV,A,L30V,-3.62,broom
27,1DIV,A,L30V,-3.62,korpm
1DIVA,1DIV,A,L6A,-3.1,broom
1DIVA,1DIV,A,L6I,-0.13,broom
27,1DIV,A,L6I,-0.13,korpm
1DIVA,1DIV,A,L6V,-0.41,broom
1DIVA,1DIV,A,M1A,-1.46,broom
1DIVA,1DIV,A,M1G,-2.36,broom
27,1DIV,A,M1G,-2.36,korpm
1DIVA,1DIV,A,V21A,-2.33,broom
1DIVA,1DIV,A,V21I,-0.4,broom
1DIVA,1DIV,A,V21L,-1.23,broom
27,1DIV,A,V21L,-1.23,korpm
1DIVA,1DIV,A,V3A,-2.55,broom
1DIVA,1DIV,A,V3I,-0.31,broom
1DIVA,1DIV,A,V3L,-2.21,broom
27,1DIV,A,V3L,-2.21,korpm
1SCEA,1DKT,A,E18A,-0.81,s2648
43,1DKT,A,F17L,-2.79,korpm
1SCEA,1DKT,A,F17L,-2.58,s2648
43,1DKT,A,F69L,-2.49,korpm
43,1DKT,A,H65A,-0.6,korpm
1SCEA,1DKT,A,H65A,-0.51,s2648
1SCEA,1DKT,A,I6V,-0.57,s2648
1SCEA,1DKT,A,K11A,0.62,s2648
1SCEA,1DKT,A,L46A,-2.04,s2648
1SCEA,1DKT,A,L67A,-1.98,s2648
43,1DKT,A,M58L,-0.52,korpm
1SCEA,1DKT,A,M58L,-0.23,s2648
43,1DKT,A,P62A,1.4,korpm
43,1DKT,A,P64A,-0.42,korpm
1SCEA,1DKT,A,R70A,-2.8,s2648
1SCEA,1DKT,A,R71A,-0.59,s2648
1SCEA,1DKT,A,S39A,-0.6,s2648
1SCEA,1DKT,A,S9A,-0.43,s2648
43,1DKT,A,V22A,-1.53,korpm
1SCEA,1DKT,A,V22A,-1.36,s2648
1SCEA,1DKT,A,V32A,-1.07,s2648
1SCEA,1DKT,A,V55A,-0.73,s2648
1SCEA,1DKT,A,V55G,-2.04,s2648
43,1DKT,A,Y8A,-0.34,korpm
1SCEA,1DKT,A,Y8A,-0.68,s2648
1OH0A,1DMM,A,F57Y,1.2,ssym
1OH0A,1DMQ,A,F32Y,-0.2,ssym
1DPMA,1DPM,A,H254R;H257L,-2.89,ptmul
2LZMA,1DYA,A,D131V,-0.1,ssym
2LZMA,1DYB,A,G131V,0.7,ssym
2LZMA,1DYC,A,I131V,-0.2,ssym
2LZMA,1DYD,A,L131V,-0.1,ssym
2LZMA,1DYE,A,S131V,0.1,ssym
2LZMA,1DYF,A,M131V,-0.1,ssym
2LZMA,1DYG,A,E131V,-0.2,ssym
44,1E0L,A,W30A,-0.97,korpm
44,1E0L,A,W30F,0.52,korpm
44,1E0L,A,Y11R,0.63,korpm
44,1E0L,A,Y19L,-1.28,korpm
1E65A,1E65,A,A82G,-3.11,s2648
1E65A,1E65,A,F110S,-3.95,s2648
1E65A,1E65,A,H117G,-2.18,s2648
1E65A,1E65,A,H46G,-2.5,s2648
1E65A,1E65,A,I20A,-1.56,s2648
1E65A,1E65,A,I20T,-2.39,s2648
1E65A,1E65,A,I20V,-0.38,s2648
1E65A,1E65,A,I7A,-3.11,s2648
1E65A,1E65,A,I7S,-3.44,s2648
1E65A,1E65,A,I81A,-2.39,s2648
1E65A,1E65,A,I81T,-2.51,s2648
1E65A,1E65,A,I81V,-0.07,s2648
1E65A,1E65,A,L125A,-0.72,s2648
1E65A,1E65,A,L50T,-2.34,s2648
1E65A,1E65,A,L50V,-0.36,s2648
1E65A,1E65,A,V22A,-1.44,s2648
1E65A,1E65,A,V22T,-0.96,s2648
1E65A,1E65,A,V31T,-1.08,s2648
1E65A,1E65,A,V5A,0.0,s2648
1E65A,1E65,A,V60G,-3.11,s2648
1E65A,1E65,A,V95T,0.96,s2648
1CEYA,1E6K,A,A12D,-2.5,ssym
1CEYA,1E6L,A,A13D,-2.7,ssym
1CEYA,1E6M,A,A57D,-3.3,ssym
6,1EGL,A,V54A,-2.36,korpm
1,1EL1,A,A93S,-0.26,korpm
1EL1A,1EL1,A,A93S,-0.26,vb1432
1,1EL1,A,H21G,-0.48,korpm
1EL1A,1EL1,A,H21G,-0.48,vb1432
1,1EL1,A,I56L,-0.24,korpm
1EL1A,1EL1,A,I56L,-0.24,vb1432
1,1EL1,A,V109K,-0.43,korpm
1EL1A,1EL1,A,V109K,-0.43,vb1432
1EY0A,1EY0,A,A102F,-1.71,s2648
1EY0A,1EY0,A,A102G,-1.37,s2648
1EY0A,1EY0,A,A102V,-1.84,s2648
1EY0A,1EY0,A,A109G,-0.98,s2648
1EY0A,1EY0,A,A109V,-2.82,s2648
1EY0A,1EY0,A,A112C,-0.75,s2648
1EY0A,1EY0,A,A112F,-1.35,s2648
1EY0A,1EY0,A,A112G,0.2,s2648
1EY0A,1EY0,A,A112V,-1.19,s2648
1EY0A,1EY0,A,A12G,-2.37,s2648
1EY0A,1EY0,A,A12V,-0.89,s2648
1EY0A,1EY0,A,A130G,-1.0,s2648
1EY0A,1EY0,A,A130V,-1.08,s2648
1EY0A,1EY0,A,A132G,-3.6,s2648
1EY0A,1EY0,A,A132V,-4.73,s2648
1EY0A,1EY0,A,A17G,0.19,s2648
1EY0A,1EY0,A,A17V,-1.94,s2648
1EY0A,1EY0,A,A58G,-2.53,s2648
1EY0A,1EY0,A,A58V,-2.63,s2648
1EY0A,1EY0,A,A60C,-1.12,s2648
1EY0A,1EY0,A,A60F,-0.8,s2648
1EY0A,1EY0,A,A60G,-1.45,s2648
1EY0A,1EY0,A,A60V,-2.68,s2648
1EY0A,1EY0,A,A69G,-2.1,s2648
1EY0A,1EY0,A,A69T,-3.03,s2648
1EY0A,1EY0,A,A69V,-2.8,s2648
1EY0A,1EY0,A,A90G,-1.92,s2648
1EY0A,1EY0,A,A90S,-2.24,s2648
1EY0A,1EY0,A,A90V,0.04,s2648
1EY0A,1EY0,A,A94G,-2.54,s2648
1EY0A,1EY0,A,A94V,-1.13,s2648
1EY0A,1EY0,A,D19A,-0.09,s2648
1EY0A,1EY0,A,D19F,-1.28,s2648
1EY0A,1EY0,A,D19G,-0.42,s2648
1EY0A,1EY0,A,D19K,-0.41,s2648
1EY0A,1EY0,A,D19N,0.07,s2648
1EY0A,1EY0,A,D21A,0.83,s2648
1EY0A,1EY0,A,D21G,0.46,s2648
1EY0A,1EY0,A,D21K,1.1,s2648
1EY0A,1EY0,A,D21N,1.43,s2648
1EY0A,1EY0,A,D40A,0.41,s2648
1EY0A,1EY0,A,D40G,-0.38,s2648
1EY0A,1EY0,A,D77A,-2.39,s2648
1EY0A,1EY0,A,D77G,-1.81,s2648
1EY0A,1EY0,A,D77K,-3.28,s2648
1EY0A,1EY0,A,D77N,-2.69,s2648
1EY0A,1EY0,A,D83A,-3.76,s2648
1EY0A,1EY0,A,D83G,-2.64,s2648
1EY0A,1EY0,A,D95A,-3.5,s2648
1EY0A,1EY0,A,D95G,-2.93,s2648
1EY0A,1EY0,A,E101A,-1.36,s2648
1EY0A,1EY0,A,E101F,-2.74,s2648
1EY0A,1EY0,A,E101G,-2.47,s2648
1EY0A,1EY0,A,E10A,-1.34,s2648
1EY0A,1EY0,A,E10G,-1.86,s2648
1EY0A,1EY0,A,E10K,-1.98,s2648
1EY0A,1EY0,A,E10Q,-0.97,s2648
1EY0A,1EY0,A,E122A,-0.27,s2648
1EY0A,1EY0,A,E122F,-0.44,s2648
1EY0A,1EY0,A,E122G,-1.99,s2648
1EY0A,1EY0,A,E122K,-2.53,s2648
1EY0A,1EY0,A,E122Q,-1.52,s2648
1EY0A,1EY0,A,E129A,-2.2,s2648
1EY0A,1EY0,A,E129F,-3.88,s2648
1EY0A,1EY0,A,E129G,-3.72,s2648
1EY0A,1EY0,A,E135A,-0.73,s2648
1EY0A,1EY0,A,E135F,-1.1,s2648
1EY0A,1EY0,A,E135G,-1.64,s2648
1EY0A,1EY0,A,E135K,-1.17,s2648
1EY0A,1EY0,A,E135Q,-0.71,s2648
1EY0A,1EY0,A,E43A,0.32,s2648
1EY0A,1EY0,A,E43D,0.2,s2648
1EY0A,1EY0,A,E43G,0.59,s2648
1EY0A,1EY0,A,E52A,-0.05,s2648
1EY0A,1EY0,A,E52F,-0.51,s2648
1EY0A,1EY0,A,E52G,-0.27,s2648
1EY0A,1EY0,A,E57A,-0.1,s2648
1EY0A,1EY0,A,E57C,-0.64,s2648
1EY0A,1EY0,A,E57F,-0.79,s2648
1EY0A,1EY0,A,E57G,-1.41,s2648
1EY0A,1EY0,A,E57K,0.01,s2648
1EY0A,1EY0,A,E57Q,-0.14,s2648
1EY0A,1EY0,A,E67A,-1.05,s2648
1EY0A,1EY0,A,E67F,-1.33,s2648
1EY0A,1EY0,A,E67G,-1.0,s2648
1EY0A,1EY0,A,E67Q,-0.57,s2648
1EY0A,1EY0,A,E73A,-1.46,s2648
1EY0A,1EY0,A,E73F,-0.88,s2648
1EY0A,1EY0,A,E73G,-2.76,s2648
1EY0A,1EY0,A,E73K,-2.06,s2648
1EY0A,1EY0,A,E73Q,-0.64,s2648
1EY0A,1EY0,A,E75A,-1.69,s2648
1EY0A,1EY0,A,E75G,-3.43,s2648
1EY0A,1EY0,A,E75K,-2.22,s2648
1EY0A,1EY0,A,E75Q,-0.61,s2648
1EY0A,1EY0,A,E75V,-2.31,s2648
1EY0A,1EY0,A,F34A,-3.8,s2648
1EY0A,1EY0,A,F61A,-2.34,s2648
1EY0A,1EY0,A,F61G,-4.76,s2648
1EY0A,1EY0,A,F76A,-4.1,s2648
1EY0A,1EY0,A,F76G,-4.73,s2648
1EY0A,1EY0,A,G107A,-4.41,s2648
1EY0A,1EY0,A,G20A,-0.12,s2648
1EY0A,1EY0,A,G20V,-2.18,s2648
1EY0A,1EY0,A,G29A,-1.41,s2648
1EY0A,1EY0,A,G29C,-1.26,s2648
1EY0A,1EY0,A,G29F,-1.46,s2648
1EY0A,1EY0,A,G29V,-3.11,s2648
1EY0A,1EY0,A,G50A,0.16,s2648
1EY0A,1EY0,A,G50C,-0.75,s2648
1EY0A,1EY0,A,G50F,-0.55,s2648
1EY0A,1EY0,A,G50V,-1.0,s2648
1EY0A,1EY0,A,G55A,-0.44,s2648
1EY0A,1EY0,A,G55V,-1.48,s2648
1EY0A,1EY0,A,G79A,-2.17,s2648
1EY0A,1EY0,A,G79D,-2.28,s2648
1EY0A,1EY0,A,G79S,-2.14,s2648
1EY0A,1EY0,A,G79V,-2.23,s2648
1EY0A,1EY0,A,G86A,-0.31,s2648
1EY0A,1EY0,A,G86F,-1.99,s2648
1EY0A,1EY0,A,G86V,-3.74,s2648
1EY0A,1EY0,A,G88A,0.19,s2648
1EY0A,1EY0,A,G88V,-0.24,s2648
1EY0A,1EY0,A,G88W,-0.1,s2648
1EY0A,1EY0,A,G96A,-1.8,s2648
1EY0A,1EY0,A,G96F,-2.55,s2648
1EY0A,1EY0,A,G96V,-3.74,s2648
1EY0A,1EY0,A,H121A,-2.92,s2648
1EY0A,1EY0,A,H121G,-4.09,s2648
1EY0A,1EY0,A,H124A,0.57,s2648
1EY0A,1EY0,A,H124E,0.46,s2648
1EY0A,1EY0,A,H124F,0.51,s2648
1EY0A,1EY0,A,H124G,-0.52,s2648
1EY0A,1EY0,A,H124L,1.31,s2648
1EY0A,1EY0,A,H124Q,0.69,s2648
1EY0A,1EY0,A,H46A,-0.45,s2648
1EY0A,1EY0,A,H46G,-0.17,s2648
1EY0A,1EY0,A,H46Y,0.0,s2648
1EY0A,1EY0,A,H8A,-0.48,s2648
1EY0A,1EY0,A,H8G,-0.85,s2648
1EY0A,1EY0,A,I139A,-3.29,s2648
1EY0A,1EY0,A,I139G,-4.22,s2648
1EY0A,1EY0,A,I139L,-0.09,s2648
1EY0A,1EY0,A,I139M,-0.39,s2648
1EY0A,1EY0,A,I139V,-1.37,s2648
1EY0A,1EY0,A,I15A,-2.73,s2648
1EY0A,1EY0,A,I15G,-3.43,s2648
1EY0A,1EY0,A,I15L,-0.62,s2648
1EY0A,1EY0,A,I15M,-0.15,s2648
1EY0A,1EY0,A,I15V,-0.88,s2648
1EY0A,1EY0,A,I18A,-2.65,s2648
1EY0A,1EY0,A,I18G,-2.63,s2648
1EY0A,1EY0,A,I18L,-0.14,s2648
1EY0A,1EY0,A,I18M,-0.68,s2648
1EY0A,1EY0,A,I18V,-0.96,s2648
1EY0A,1EY0,A,I72L,-0.23,s2648
1EY0A,1EY0,A,I72L,-0.2,ssym
1EY0A,1EY0,A,I72M,-1.88,s2648
1EY0A,1EY0,A,I72V,-1.79,s2648
1EY0A,1EY0,A,I72V,-1.2,ssym
1EY0A,1EY0,A,I92A,-4.12,s2648
1EY0A,1EY0,A,I92L,-0.6,s2648
1EY0A,1EY0,A,I92M,-1.75,s2648
1EY0A,1EY0,A,I92V,-0.46,s2648
1EY0A,1EY0,A,I92V,-0.4,ssym
1EY0A,1EY0,A,K110A,-1.13,s2648
1EY0A,1EY0,A,K110G,-2.59,s2648
1EY0A,1EY0,A,K116A,0.69,s2648
1EY0A,1EY0,A,K116F,0.21,s2648
1EY0A,1EY0,A,K116G,1.05,s2648
1EY0A,1EY0,A,K116G,1.0,ssym
1EY0A,1EY0,A,K127A,0.24,s2648
1EY0A,1EY0,A,K127E,0.13,s2648
1EY0A,1EY0,A,K127F,-0.22,s2648
1EY0A,1EY0,A,K127G,-0.79,s2648
1EY0A,1EY0,A,K127Q,0.06,s2648
1EY0A,1EY0,A,K133A,-1.32,s2648
1EY0A,1EY0,A,K133F,-1.26,s2648
1EY0A,1EY0,A,K133G,-3.22,s2648
1EY0A,1EY0,A,K133Q,-0.44,s2648
1EY0A,1EY0,A,K134A,0.12,s2648
1EY0A,1EY0,A,K134C,-0.7,s2648
1EY0A,1EY0,A,K134F,-0.26,s2648
1EY0A,1EY0,A,K134G,-0.79,s2648
1EY0A,1EY0,A,K136A,-0.75,s2648
1EY0A,1EY0,A,K136F,-0.97,s2648
1EY0A,1EY0,A,K136G,-0.02,s2648
1EY0A,1EY0,A,K16A,-0.06,s2648
1EY0A,1EY0,A,K16F,-0.38,s2648
1EY0A,1EY0,A,K16G,-0.76,s2648
1EY0A,1EY0,A,K24A,-0.34,s2648
1EY0A,1EY0,A,K24F,-0.4,s2648
1EY0A,1EY0,A,K24G,-1.6,s2648
1EY0A,1EY0,A,K28A,-0.7,s2648
1EY0A,1EY0,A,K28E,-0.79,s2648
1EY0A,1EY0,A,K28F,-0.85,s2648
1EY0A,1EY0,A,K28G,-0.8,s2648
1EY0A,1EY0,A,K28Q,-0.28,s2648
1EY0A,1EY0,A,K45A,0.19,s2648
1EY0A,1EY0,A,K45G,0.2,s2648
1EY0A,1EY0,A,K48A,0.09,s2648
1EY0A,1EY0,A,K48E,0.1,s2648
1EY0A,1EY0,A,K48F,-0.25,s2648
1EY0A,1EY0,A,K48G,0.24,s2648
1EY0A,1EY0,A,K48Q,-0.02,s2648
1EY0A,1EY0,A,K49A,-0.25,s2648
1EY0A,1EY0,A,K49F,0.2,s2648
1EY0A,1EY0,A,K49G,-0.1,s2648
1EY0A,1EY0,A,K53A,-0.17,s2648
1EY0A,1EY0,A,K53G,-0.08,s2648
1EY0A,1EY0,A,K63A,-0.32,s2648
1EY0A,1EY0,A,K63E,-1.47,s2648
1EY0A,1EY0,A,K63F,-1.83,s2648
1EY0A,1EY0,A,K63G,-1.57,s2648
1EY0A,1EY0,A,K63Q,-0.89,s2648
1EY0A,1EY0,A,K64A,0.16,s2648
1EY0A,1EY0,A,K64E,-1.68,s2648
1EY0A,1EY0,A,K64F,-0.09,s2648
1EY0A,1EY0,A,K64G,-0.51,s2648
1EY0A,1EY0,A,K64Q,0.0,s2648
1EY0A,1EY0,A,K6A,0.19,s2648
1EY0A,1EY0,A,K6G,0.25,s2648
1EY0A,1EY0,A,K70A,-0.16,s2648
1EY0A,1EY0,A,K70C,-0.48,s2648
1EY0A,1EY0,A,K70E,-0.3,s2648
1EY0A,1EY0,A,K70F,-0.03,s2648
1EY0A,1EY0,A,K70G,-0.6,s2648
1EY0A,1EY0,A,K70Q,-0.25,s2648
1EY0A,1EY0,A,K70W,-0.4,s2648
1EY0A,1EY0,A,K71A,-0.55,s2648
1EY0A,1EY0,A,K71F,0.04,s2648
1EY0A,1EY0,A,K71G,-1.31,s2648
1EY0A,1EY0,A,K78A,-0.5,s2648
1EY0A,1EY0,A,K78C,-0.26,s2648
1EY0A,1EY0,A,K78E,-0.69,s2648
1EY0A,1EY0,A,K78F,0.05,s2648
1EY0A,1EY0,A,K78G,-1.07,s2648
1EY0A,1EY0,A,K78Q,-0.15,s2648
1EY0A,1EY0,A,K84A,0.1,s2648
1EY0A,1EY0,A,K84E,0.0,s2648
1EY0A,1EY0,A,K84F,-0.75,s2648
1EY0A,1EY0,A,K84G,-0.39,s2648
1EY0A,1EY0,A,K84Q,-0.15,s2648
1EY0A,1EY0,A,K97A,-0.22,s2648
1EY0A,1EY0,A,K97E,-0.47,s2648
1EY0A,1EY0,A,K97F,-0.58,s2648
1EY0A,1EY0,A,K97G,-1.85,s2648
1EY0A,1EY0,A,K97Q,-0.3,s2648
1EY0A,1EY0,A,K9A,-1.38,s2648
1EY0A,1EY0,A,K9F,-1.03,s2648
1EY0A,1EY0,A,K9G,-1.88,s2648
1EY0A,1EY0,A,L103A,-4.6,s2648
1EY0A,1EY0,A,L103I,-1.11,s2648
1EY0A,1EY0,A,L103V,-2.05,s2648
1EY0A,1EY0,A,L108I,-3.34,s2648
1EY0A,1EY0,A,L108V,-3.81,s2648
1EY0A,1EY0,A,L125A,-4.78,s2648
1EY0A,1EY0,A,L125I,-0.96,s2648
1EY0A,1EY0,A,L125V,-2.3,s2648
1EY0A,1EY0,A,L137A,-2.18,s2648
1EY0A,1EY0,A,L137G,-4.43,s2648
1EY0A,1EY0,A,L137I,-0.76,s2648
1EY0A,1EY0,A,L137V,-1.42,s2648
1EY0A,1EY0,A,L14A,-2.38,s2648
1EY0A,1EY0,A,L14G,-3.84,s2648
1EY0A,1EY0,A,L14I,-1.6,s2648
1EY0A,1EY0,A,L14V,-1.63,s2648
1EY0A,1EY0,A,L25A,-2.77,s2648
1EY0A,1EY0,A,L25G,-4.58,s2648
1EY0A,1EY0,A,L25I,-1.83,s2648
1EY0A,1EY0,A,L25I,-1.7,ssym
1EY0A,1EY0,A,L25V,-1.85,s2648
1EY0A,1EY0,A,L36A,-3.66,s2648
1EY0A,1EY0,A,L36I,-3.09,s2648
1EY0A,1EY0,A,L36V,-3.58,s2648
1EY0A,1EY0,A,L37A,-1.51,s2648
1EY0A,1EY0,A,L37G,-3.79,s2648
1EY0A,1EY0,A,L37I,-1.82,s2648
1EY0A,1EY0,A,L37V,-2.78,s2648
1EY0A,1EY0,A,L38A,-1.51,s2648
1EY0A,1EY0,A,L38G,-0.28,s2648
1EY0A,1EY0,A,L38I,-2.06,s2648
1EY0A,1EY0,A,L38V,-0.14,s2648
1EY0A,1EY0,A,L7A,-1.35,s2648
1EY0A,1EY0,A,L7G,-1.26,s2648
1EY0A,1EY0,A,L7I,-0.77,s2648
1EY0A,1EY0,A,L7V,-1.15,s2648
1EY0A,1EY0,A,L89A,-2.6,s2648
1EY0A,1EY0,A,L89F,-1.2,s2648
1EY0A,1EY0,A,L89G,-3.18,s2648
1EY0A,1EY0,A,L89I,-1.04,s2648
1EY0A,1EY0,A,L89V,-1.42,s2648
1EY0A,1EY0,A,M26A,-1.61,s2648
1EY0A,1EY0,A,M26G,-1.95,s2648
1EY0A,1EY0,A,M26I,-0.84,s2648
1EY0A,1EY0,A,M26L,-0.31,s2648
1EY0A,1EY0,A,M32A,-1.81,s2648
1EY0A,1EY0,A,M32G,-2.54,s2648
1EY0A,1EY0,A,M32I,-0.56,s2648
1EY0A,1EY0,A,M32L,-0.76,s2648
1EY0A,1EY0,A,M65A,-2.06,s2648
1EY0A,1EY0,A,M65F,-1.62,s2648
1EY0A,1EY0,A,M65G,-4.66,s2648
1EY0A,1EY0,A,M65I,-1.43,s2648
1EY0A,1EY0,A,M65L,-0.73,s2648
1EY0A,1EY0,A,M98A,-4.43,s2648
1EY0A,1EY0,A,M98G,-4.44,s2648
1EY0A,1EY0,A,M98I,-4.39,s2648
1EY0A,1EY0,A,M98L,-2.3,s2648
1EY0A,1EY0,A,N100G,-4.98,s2648
1EY0A,1EY0,A,N118A,-1.88,s2648
1EY0A,1EY0,A,N118D,-2.34,s2648
1EY0A,1EY0,A,N118G,-1.61,s2648
1EY0A,1EY0,A,N119A,-1.03,s2648
1EY0A,1EY0,A,N119G,-0.97,s2648
1EY0A,1EY0,A,N138A,-0.97,s2648
1EY0A,1EY0,A,N138G,0.59,s2648
1EY0A,1EY0,A,N68A,-0.38,s2648
1EY0A,1EY0,A,N68G,-0.35,s2648
1EY0A,1EY0,A,P117A,0.8,ssym
1EY0A,1EY0,A,P117G,0.9,ssym
1EY0A,1EY0,A,P117T,1.1,ssym
1EY0A,1EY0,A,Q106A,0.25,s2648
1EY0A,1EY0,A,Q106G,-1.5,s2648
1EY0A,1EY0,A,Q123A,-0.1,s2648
1EY0A,1EY0,A,Q123F,-0.51,s2648
1EY0A,1EY0,A,Q123G,-0.44,s2648
1EY0A,1EY0,A,Q131A,-0.1,s2648
1EY0A,1EY0,A,Q131F,-0.55,s2648
1EY0A,1EY0,A,Q131G,-2.26,s2648
1EY0A,1EY0,A,Q30A,-0.25,s2648
1EY0A,1EY0,A,Q30G,-0.93,s2648
1EY0A,1EY0,A,Q80A,-0.02,s2648
1EY0A,1EY0,A,Q80F,-0.58,s2648
1EY0A,1EY0,A,Q80G,-1.25,s2648
1EY0A,1EY0,A,R105A,-1.32,s2648
1EY0A,1EY0,A,R105C,-2.55,s2648
1EY0A,1EY0,A,R105F,-2.84,s2648
1EY0A,1EY0,A,R105G,-2.4,s2648
1EY0A,1EY0,A,R126A,-1.64,s2648
1EY0A,1EY0,A,R126G,-2.86,s2648
1EY0A,1EY0,A,R35A,-1.38,s2648
1EY0A,1EY0,A,R35G,-2.26,s2648
1EY0A,1EY0,A,R81A,-1.1,s2648
1EY0A,1EY0,A,R81G,-2.06,s2648
1EY0A,1EY0,A,R87A,-0.79,s2648
1EY0A,1EY0,A,R87G,-2.53,s2648
1EY0A,1EY0,A,S128A,0.83,s2648
1EY0A,1EY0,A,S128A,0.7,ssym
1EY0A,1EY0,A,S128F,-1.0,s2648
1EY0A,1EY0,A,S128G,-1.52,s2648
1EY0A,1EY0,A,S141A,-0.27,s2648
1EY0A,1EY0,A,S141G,-0.82,s2648
1EY0A,1EY0,A,S59A,0.62,s2648
1EY0A,1EY0,A,S59A,0.5,ssym
1EY0A,1EY0,A,S59F,0.56,s2648
1EY0A,1EY0,A,S59G,-1.03,s2648
1EY0A,1EY0,A,T120A,-1.08,s2648
1EY0A,1EY0,A,T120C,-1.59,s2648
1EY0A,1EY0,A,T120C,-1.7,ssym
1EY0A,1EY0,A,T120G,-1.87,s2648
1EY0A,1EY0,A,T120I,-1.54,s2648
1EY0A,1EY0,A,T120S,-0.57,s2648
1EY0A,1EY0,A,T120S,-0.6,ssym
1EY0A,1EY0,A,T120V,-1.63,s2648
1EY0A,1EY0,A,T120V,-1.8,ssym
1EY0A,1EY0,A,T13A,-0.73,s2648
1EY0A,1EY0,A,T13C,-1.2,s2648
1EY0A,1EY0,A,T13G,-1.16,s2648
1EY0A,1EY0,A,T13I,-0.05,s2648
1EY0A,1EY0,A,T13S,-0.35,s2648
1EY0A,1EY0,A,T13V,-0.26,s2648
1EY0A,1EY0,A,T22A,-1.69,s2648
1EY0A,1EY0,A,T22C,-0.95,s2648
1EY0A,1EY0,A,T22C,-0.9,ssym
1EY0A,1EY0,A,T22G,-2.54,s2648
1EY0A,1EY0,A,T22I,-0.61,s2648
1EY0A,1EY0,A,T22S,-0.74,s2648
1EY0A,1EY0,A,T22V,-0.85,s2648
1EY0A,1EY0,A,T22V,-0.9,ssym
1EY0A,1EY0,A,T33A,-1.52,s2648
1EY0A,1EY0,A,T33C,-1.04,s2648
1EY0A,1EY0,A,T33G,-2.62,s2648
1EY0A,1EY0,A,T33I,0.73,s2648
1EY0A,1EY0,A,T33S,-1.35,s2648
1EY0A,1EY0,A,T33V,0.47,s2648
1EY0A,1EY0,A,T33V,0.4,ssym
1EY0A,1EY0,A,T41A,0.07,s2648
1EY0A,1EY0,A,T41C,0.74,s2648
1EY0A,1EY0,A,T41C,0.6,ssym
1EY0A,1EY0,A,T41G,-1.79,s2648
1EY0A,1EY0,A,T41I,0.86,s2648
1EY0A,1EY0,A,T41I,0.7,ssym
1EY0A,1EY0,A,T41S,-0.88,s2648
1EY0A,1EY0,A,T41S,-1.1,ssym
1EY0A,1EY0,A,T41V,0.9,s2648
1EY0A,1EY0,A,T41V,0.8,ssym
1EY0A,1EY0,A,T44A,-0.23,s2648
1EY0A,1EY0,A,T44C,-0.04,s2648
1EY0A,1EY0,A,T44G,-0.37,s2648
1EY0A,1EY0,A,T44I,-0.56,s2648
1EY0A,1EY0,A,T44S,0.04,s2648
1EY0A,1EY0,A,T44V,0.09,s2648
1EY0A,1EY0,A,T44V,0.1,ssym
1EY0A,1EY0,A,T62A,-2.23,s2648
1EY0A,1EY0,A,T62C,-1.05,s2648
1EY0A,1EY0,A,T62G,-3.52,s2648
1EY0A,1EY0,A,T62I,-1.17,s2648
1EY0A,1EY0,A,T62S,-2.15,s2648
1EY0A,1EY0,A,T62S,-2.1,ssym
1EY0A,1EY0,A,T62V,0.1,s2648
1EY0A,1EY0,A,T62V,-0.2,ssym
1EY0A,1EY0,A,T82A,-0.89,s2648
1EY0A,1EY0,A,T82C,-0.19,s2648
1EY0A,1EY0,A,T82G,-2.03,s2648
1EY0A,1EY0,A,T82I,0.51,s2648
1EY0A,1EY0,A,T82S,-0.75,s2648
1EY0A,1EY0,A,T82S,-0.7,ssym
1EY0A,1EY0,A,T82V,0.24,s2648
1EY0A,1EY0,A,V104A,-2.82,s2648
1EY0A,1EY0,A,V104I,0.27,s2648
1EY0A,1EY0,A,V104L,-0.76,s2648
1EY0A,1EY0,A,V104S,-4.86,s2648
1EY0A,1EY0,A,V104T,-2.45,s2648
1EY0A,1EY0,A,V111A,-4.26,s2648
1EY0A,1EY0,A,V111G,-4.82,s2648
1EY0A,1EY0,A,V111I,-0.74,s2648
1EY0A,1EY0,A,V111L,-0.88,s2648
1EY0A,1EY0,A,V111S,-4.71,s2648
1EY0A,1EY0,A,V111T,-2.36,s2648
1EY0A,1EY0,A,V114A,0.14,s2648
1EY0A,1EY0,A,V114G,-0.03,s2648
1EY0A,1EY0,A,V114I,-0.15,s2648
1EY0A,1EY0,A,V114L,-1.07,s2648
1EY0A,1EY0,A,V114S,-0.04,s2648
1EY0A,1EY0,A,V114T,-0.31,s2648
1EY0A,1EY0,A,V23A,-2.7,s2648
1EY0A,1EY0,A,V23F,-1.93,s2648
1EY0A,1EY0,A,V23I,0.03,s2648
1EY0A,1EY0,A,V23L,-0.02,s2648
1EY0A,1EY0,A,V23L,-0.1,ssym
1EY0A,1EY0,A,V23S,-4.76,s2648
1EY0A,1EY0,A,V23T,-3.34,s2648
1EY0A,1EY0,A,V39A,-2.16,s2648
1EY0A,1EY0,A,V39G,-4.61,s2648
1EY0A,1EY0,A,V39I,0.11,s2648
1EY0A,1EY0,A,V39L,-0.9,s2648
1EY0A,1EY0,A,V39S,-2.44,s2648
1EY0A,1EY0,A,V39T,-1.55,s2648
1EY0A,1EY0,A,V51A,-0.05,s2648
1EY0A,1EY0,A,V51G,-0.17,s2648
1EY0A,1EY0,A,V51I,0.09,s2648
1EY0A,1EY0,A,V51L,-0.1,s2648
1EY0A,1EY0,A,V51S,0.01,s2648
1EY0A,1EY0,A,V51T,0.2,s2648
1EY0A,1EY0,A,V66A,-2.34,s2648
1EY0A,1EY0,A,V66G,-4.49,s2648
1EY0A,1EY0,A,V66I,-0.76,s2648
1EY0A,1EY0,A,V66I,-1.0,ssym
1EY0A,1EY0,A,V66K,-4.83,s2648
1EY0A,1EY0,A,V66K,-7.5,ssym
1EY0A,1EY0,A,V66L,0.37,s2648
1EY0A,1EY0,A,V66L,-0.3,ssym
1EY0A,1EY0,A,V66M,-0.14,s2648
1EY0A,1EY0,A,V66S,-3.09,s2648
1EY0A,1EY0,A,V66T,-1.34,s2648
1EY0A,1EY0,A,V66W,-2.69,s2648
1EY0A,1EY0,A,V74A,-3.23,s2648
1EY0A,1EY0,A,V74I,-1.91,s2648
1EY0A,1EY0,A,V74L,-1.12,s2648
1EY0A,1EY0,A,V74T,-3.88,s2648
1EY0A,1EY0,A,V99A,-3.35,s2648
1EY0A,1EY0,A,V99I,-0.14,s2648
1EY0A,1EY0,A,V99L,-0.15,s2648
1EY0A,1EY0,A,V99T,-3.36,s2648
1EY0A,1EY0,A,Y113A,0.06,s2648
1EY0A,1EY0,A,Y113F,0.07,s2648
1EY0A,1EY0,A,Y113G,-0.2,s2648
1EY0A,1EY0,A,Y113L,0.2,s2648
1EY0A,1EY0,A,Y115A,-0.25,s2648
1EY0A,1EY0,A,Y115F,-0.02,s2648
1EY0A,1EY0,A,Y115G,-0.56,s2648
1EY0A,1EY0,A,Y115L,-0.22,s2648
1EY0A,1EY0,A,Y27A,-3.63,s2648
1EY0A,1EY0,A,Y27C,-2.72,s2648
1EY0A,1EY0,A,Y27F,-0.4,s2648
1EY0A,1EY0,A,Y27H,-1.86,s2648
1EY0A,1EY0,A,Y27I,-2.28,s2648
1EY0A,1EY0,A,Y27K,-3.78,s2648
1EY0A,1EY0,A,Y27L,-1.55,s2648
1EY0A,1EY0,A,Y27M,-1.94,s2648
1EY0A,1EY0,A,Y27N,-3.83,s2648
1EY0A,1EY0,A,Y27Q,-3.31,s2648
1EY0A,1EY0,A,Y27R,-3.05,s2648
1EY0A,1EY0,A,Y27S,-3.21,s2648
1EY0A,1EY0,A,Y27T,-3.18,s2648
1EY0A,1EY0,A,Y27V,-2.65,s2648
1EY0A,1EY0,A,Y27W,-0.72,s2648
1EY0A,1EY0,A,Y54A,-1.97,s2648
1EY0A,1EY0,A,Y54F,-0.38,s2648
1EY0A,1EY0,A,Y54G,-1.72,s2648
1EY0A,1EY0,A,Y54L,-3.31,s2648
1EY0A,1EY0,A,Y85A,-0.41,s2648
1EY0A,1EY0,A,Y85F,-0.07,s2648
1EY0A,1EY0,A,Y85G,-1.05,s2648
1EY0A,1EY0,A,Y85L,-0.15,s2648
1EY0A,1EY0,A,Y91F,-2.27,s2648
1EY0A,1EY0,A,Y91L,-3.83,s2648
1EY0A,1EY0,A,Y93F,-1.81,s2648
1EY0A,1EY0,A,Y93L,-4.53,s2648
1EY0A,1EY4,A,A59S,-0.5,ssym
1EY0A,1EY5,A,V33T,-0.4,ssym
1EY0A,1EY6,A,I41T,-0.7,ssym
1EY0A,1EY7,A,A128S,-0.7,ssym
1BPIA,1FAN,A,A45F,6.9,ssym
1FC1A,1FC1,A,D399A,-0.7,vb1432
1FC1A,1FC1,A,F405A,-2.5,vb1432
1FC1A,1FC1,A,K370A,-1.1,vb1432
1FC1A,1FC1,A,K392A,-0.4,vb1432
1FC1A,1FC1,A,K409A,-2.4,vb1432
1FC1A,1FC1,A,L351A,-1.3,vb1432
1FC1A,1FC1,A,L368A,-2.2,vb1432
1FC1A,1FC1,A,L398A,-0.1,vb1432
1FC1A,1FC1,A,P395A,-3.2,vb1432
1FC1A,1FC1,A,Q347A,-1.1,vb1432
1FC1A,1FC1,A,T350A,-0.1,vb1432
1FC1A,1FC1,A,T366A,-2.3,vb1432
1FC1A,1FC1,A,T394A,-0.6,vb1432
1FC1A,1FC1,A,V397A,-0.6,vb1432
1FC1A,1FC1,A,Y349A,-0.7,vb1432
1FC1A,1FC1,A,Y407A,-2.1,vb1432
2,1FH5,L,D71N,-0.14,korpm
2,1FH5,L,G58E,-1.27,korpm
2,1FH5,L,I3E,-2.87,korpm
2,1FH5,L,T103S,-0.96,korpm
18,1FKB,A,D32N,0.08,korpm
18,1FKB,A,E31Q,0.03,korpm
18,1FKB,A,H94N,0.66,korpm
18,1FKB,A,K105N,0.14,korpm
18,1FKB,A,K17D,-1.91,korpm
18,1FKB,A,K44E,0.13,korpm
18,1FKB,A,M49R,0.14,korpm
18,1FKB,A,Q3E,-0.34,korpm
18,1FKB,A,Q70D,-2.67,korpm
18,1FKB,A,R18K,0.2,korpm
18,1FKB,A,R57K,-0.3,korpm
18,1FKB,A,S67E,-1.55,korpm
18,1FKB,A,T21K,-1.27,korpm
18,1FKB,A,T96D,-2.92,korpm
1FKJA,1FKJ,A,E60A,-1.71,s2648
1FKJA,1FKJ,A,E60G,-2.62,s2648
1FKJA,1FKJ,A,E61A,-0.73,s2648
1FKJA,1FKJ,A,E61G,-2.2,s2648
1FKJA,1FKJ,A,F36A,-3.07,s2648
1FKJA,1FKJ,A,I56A,-2.04,s2648
1FKJA,1FKJ,A,I56D,-2.88,s2648
1FKJA,1FKJ,A,I56T,-1.95,s2648
1FKJA,1FKJ,A,I76A,-3.36,s2648
1FKJA,1FKJ,A,I76V,-0.33,s2648
1FKJA,1FKJ,A,I7V,-0.9,s2648
1FKJA,1FKJ,A,I91A,-1.33,s2648
1FKJA,1FKJ,A,I91V,-0.1,s2648
1FKJA,1FKJ,A,L106A,-2.08,s2648
1FKJA,1FKJ,A,L50A,-2.22,s2648
1FKJA,1FKJ,A,L97A,-3.01,s2648
1FKJA,1FKJ,A,R57A,-0.55,s2648
18,1FKJ,A,R57G,-2.28,korpm
1FKJA,1FKJ,A,R57G,-1.89,s2648
1FKJA,1FKJ,A,T21A,-1.24,s2648
1FKJA,1FKJ,A,T21S,-1.06,s2648
18,1FKJ,A,T21V,0.86,korpm
1FKJA,1FKJ,A,T21V,0.56,s2648
1FKJA,1FKJ,A,T27A,-1.71,s2648
1FKJA,1FKJ,A,T27S,-1.07,s2648
18,1FKJ,A,T27V,0.23,korpm
1FKJA,1FKJ,A,T27V,0.58,s2648
1FKJA,1FKJ,A,T75A,-2.27,s2648
1FKJA,1FKJ,A,T75V,-0.7,s2648
1FKJA,1FKJ,A,V101A,-2.39,s2648
1FKJA,1FKJ,A,V23A,-2.62,s2648
1FKJA,1FKJ,A,V24A,-3.04,s2648
1FKJA,1FKJ,A,V2A,-2.18,s2648
1FKJA,1FKJ,A,V4A,-2.26,s2648
1FKJA,1FKJ,A,V55A,-1.78,s2648
1FKJA,1FKJ,A,V63A,-2.56,s2648
1FKJA,1FKJ,A,V98A,-1.99,s2648
1FKJA,1FKJ,A,W59F,2.72,s2648
1FKJA,1FKJ,A,W59L,2.35,s2648
1EL1A,1FLQ,A,A117G,1.46,ssym
1EL1A,1FLU,A,A67G,0.5,ssym
1FLVA,1FLV,A,A101L,0.08,broom
19,1FLV,A,A101L,0.08,korpm
1FLVA,1FLV,A,A101V,-0.32,broom
1FLVA,1FLV,A,F7L,-0.04,broom
19,1FLV,A,F7L,-0.04,korpm
1FLVA,1FLV,A,G87A,-0.13,broom
1FLVA,1FLV,A,G87L,-0.64,broom
19,1FLV,A,G87L,-0.21,korpm
1FLVA,1FLV,A,G87L,-0.64,vb1432
1FLVA,1FLV,A,G87V,-0.13,broom
19,1FLV,A,G87V,0.12,korpm
1FLVA,1FLV,A,G87V,-0.13,vb1432
1FLVA,1FLV,A,H34A,-0.83,broom
1FLVA,1FLV,A,H34A;F7L,-1.18,ptmul
1FLVA,1FLV,A,H34A;Y47F,-1.08,ptmul
1FLVA,1FLV,A,V18I,1.03,broom
19,1FLV,A,V18I,0.44,korpm
1FLVA,1FLV,A,V18L,0.6,broom
19,1FLV,A,V18L,0.09,korpm
1FLVA,1FLV,A,V83I,0.13,broom
1FLVA,1FLV,A,Y47F,-0.59,broom
1EL1A,1FLW,A,A71G,0.38,ssym
1EL1A,1FLY,A,A102G,-0.02,ssym
1EL1A,1FN5,A,A49G,1.9,ssym
1FNFA,1FNA,A,A13G,-1.18,s2648
1FNFA,1FNA,A,A57G,-2.49,s2648
1FNFA,1FNA,A,A74G,-1.56,s2648
1FNFA,1FNA,A,F48A,-1.98,s2648
1FNFA,1FNA,A,I20A,-0.65,s2648
1FNFA,1FNA,A,I20V,-0.18,s2648
1FNFA,1FNA,A,I34A,-4.86,s2648
1FNFA,1FNA,A,I34V,-0.11,s2648
1FNFA,1FNA,A,I59A,-3.33,s2648
1FNFA,1FNA,A,I59V,-0.72,s2648
1FNFA,1FNA,A,I70A,-4.11,s2648
1FNFA,1FNA,A,I70V,-1.28,s2648
1FNFA,1FNA,A,I88A,-0.67,s2648
1FNFA,1FNA,A,I88V,-0.33,s2648
1FNFA,1FNA,A,I90A,-0.69,s2648
1FNFA,1FNA,A,I90V,-0.4,s2648
1FNFA,1FNA,A,L18A,-0.99,s2648
1FNFA,1FNA,A,L62A,-2.88,s2648
1FNFA,1FNA,A,L8A,-1.81,s2648
1FNFA,1FNA,A,S85A,0.13,s2648
1FNFA,1FNA,A,V10A,-1.17,s2648
1FNFA,1FNA,A,V29A,-1.37,s2648
1FNFA,1FNA,A,V50A,-2.85,s2648
1FNFA,1FNA,A,V66A,-0.91,s2648
1FNFA,1FNA,A,V72A,-3.17,s2648
1FNFA,1FNA,A,W22F,-1.97,s2648
1FNFA,1FNA,A,Y32A,-4.23,s2648
1FNFA,1FNA,A,Y32F,-0.54,s2648
1FNFA,1FNA,A,Y32L,-2.74,s2648
1FNFA,1FNA,A,Y36A,-1.49,s2648
1FNFA,1FNA,A,Y68A,-1.88,s2648
1FNFA,1FNA,A,Y68F,-2.14,s2648
1FNFA,1FNA,A,Y92A,-1.11,s2648
1FNFA,1FNA,A,Y92F,0.13,s2648
1FNFA,1FNF,A,A1340C;L1408P;V1442C,0.54,ptmul
1FNFA,1FNF,A,L1408P,-0.02,broom
45,1FNF,A,L1408P,-0.02,korpm
1FNFA,1FNF,A,R1371I;D1373I,-0.6,ptmul
1FNFA,1FNF,A,R1421I;V1426R;A1427V,-0.24,ptmul
46,1FT8,A,I264V,-0.64,korpm
46,1FT8,A,L212V,-1.38,korpm
46,1FT8,A,L267I,-0.11,korpm
46,1FT8,A,L293I,-0.8,korpm
46,1FT8,A,L293V,-1.41,korpm
46,1FT8,A,L315A,-1.65,korpm
46,1FT8,A,L348I,-0.53,korpm
46,1FT8,A,L349I,0.05,korpm
46,1FT8,A,M216L,0.27,korpm
46,1FT8,A,S339A,0.32,korpm
1FLVA,1FTG,A,A101V,0.22,broom
19,1FTG,A,A142V,0.56,korpm
1FLVA,1FTG,A,A84G,-2.17,broom
1FLVA,1FTG,A,A84G,-1.9,s2648
1FLVA,1FTG,A,D126K,1.01,broom
19,1FTG,A,D126K,0.58,korpm
1FLVA,1FTG,A,D126K,0.81,s2648
1FLVA,1FTG,A,D150K,-0.28,broom
19,1FTG,A,D150K,-0.28,korpm
1FLVA,1FTG,A,D150K,-0.21,s2648
1FLVA,1FTG,A,D150K,-0.28,vb1432
1FLVA,1FTG,A,D43A,0.09,broom
1FLVA,1FTG,A,D43A,0.07,s2648
1FLVA,1FTG,A,D65K,-0.26,broom
1FLVA,1FTG,A,D65K,-0.1,s2648
1FLVA,1FTG,A,D65K,-0.26,vb1432
1FLVA,1FTG,A,D75K,0.31,broom
1FLVA,1FTG,A,D75K,1.0,broom
19,1FTG,A,D75K,0.73,korpm
1FLVA,1FTG,A,D75K,1.03,s2648
1FLVA,1FTG,A,D75K,1.0,vb1432
1FLVA,1FTG,A,D75K,1.0,vb1432
1FLVA,1FTG,A,E107A,0.23,broom
1FLVA,1FTG,A,E20K,0.28,broom
1FLVA,1FTG,A,E20K,1.6,broom
19,1FTG,A,E20K,0.71,korpm
1FLVA,1FTG,A,E20K,1.16,s2648
1FLVA,1FTG,A,E20K,1.6,vb1432
1FLVA,1FTG,A,E20K,2.21,vb1432
1FLVA,1FTG,A,E20K;E72K,0.42,ptmul
1FLVA,1FTG,A,E40K,0.38,broom
1FLVA,1FTG,A,E40K,2.21,broom
19,1FTG,A,E40K,1.12,korpm
1FLVA,1FTG,A,E40K,1.61,s2648
1FLVA,1FTG,A,E61K,0.88,broom
1FLVA,1FTG,A,E61K,0.51,s2648
1FLVA,1FTG,A,E61K,0.88,vb1432
1FLVA,1FTG,A,E72K,0.29,broom
1FLVA,1FTG,A,E72K,1.28,broom
19,1FTG,A,E72K,1.04,korpm
1FLVA,1FTG,A,E72K,1.41,s2648
1FLVA,1FTG,A,E72K,1.28,vb1432
1FLVA,1FTG,A,G68A,0.45,broom
19,1FTG,A,G68A,0.36,korpm
1FLVA,1FTG,A,I104V,-0.67,broom
1FLVA,1FTG,A,I104V,-0.57,s2648
1FLVA,1FTG,A,I156V,-3.6,broom
1FLVA,1FTG,A,I156V,-3.16,s2648
1FLVA,1FTG,A,I21A,-0.02,broom
19,1FTG,A,I21A,0.37,korpm
1FLVA,1FTG,A,I21G,0.01,broom
19,1FTG,A,I21G,-0.74,korpm
1FLVA,1FTG,A,I22A,-1.7,s2648
19,1FTG,A,I22G,-0.17,korpm
1FLVA,1FTG,A,I22V,-1.66,s2648
1FLVA,1FTG,A,I51V,-1.98,broom
1FLVA,1FTG,A,I51V,-1.75,s2648
1FLVA,1FTG,A,I52V,-1.38,broom
1FLVA,1FTG,A,I52V,-1.19,s2648
19,1FTG,A,I59A,1.05,korpm
19,1FTG,A,K81M,-2.43,korpm
1FLVA,1FTG,A,L143A,-0.14,broom
1FLVA,1FTG,A,L143A,-0.17,s2648
1FLVA,1FTG,A,L50A,0.05,broom
1FLVA,1FTG,A,L6A,-3.53,broom
1FLVA,1FTG,A,L6A,-3.11,s2648
1FLVA,1FTG,A,N97A,-0.83,broom
1FLVA,1FTG,A,N97A,-0.58,s2648
19,1FTG,A,Q111A,-0.41,korpm
1FLVA,1FTG,A,Q111G,0.1,broom
19,1FTG,A,Q111G,-0.22,korpm
19,1FTG,A,Q63L,0.13,korpm
1FLVA,1FTG,A,Q99A,0.24,broom
1FLVA,1FTG,A,Q99A,1.72,broom
19,1FTG,A,Q99A,0.49,korpm
1FLVA,1FTG,A,Q99A,1.59,s2648
19,1FTG,A,Q99L,0.41,korpm
1FLVA,1FTG,A,S110A,-1.03,broom
1FLVA,1FTG,A,S110A,-0.73,s2648
1FLVA,1FTG,A,S71A,-0.65,broom
1FLVA,1FTG,A,S71A,-0.44,s2648
1FLVA,1FTG,A,T122S,-0.37,broom
19,1FTG,A,T122S,0.11,korpm
1FLVA,1FTG,A,T122S,0.03,s2648
1FLVA,1FTG,A,V117A,-2.05,broom
1FLVA,1FTG,A,V117A,-2.02,s2648
1FLVA,1FTG,A,V139A,-1.51,broom
1FLVA,1FTG,A,V139A,-1.09,s2648
1FLVA,1FTG,A,V160A,-2.46,broom
19,1FTG,A,V160A,-2.46,korpm
1FLVA,1FTG,A,V160A,-2.07,s2648
1FLVA,1FTG,A,V18I,0.27,broom
1FLVA,1FTG,A,V31A,-2.39,broom
1FLVA,1FTG,A,V31A,-1.85,s2648
1FLVA,1FTG,A,V83I,0.06,broom
19,1FTG,A,W66F,-0.83,korpm
1A23A,1FVK,A,C30S,-1.79,s2648
1A23A,1FVK,A,C33S,-1.15,s2648
1A23A,1FVK,A,H32L,5.3,s2648
1A23A,1FVK,A,H32S,5.2,s2648
1A23A,1FVK,A,H32Y,6.8,s2648
47,1FXA,A,E94D,-1.1,korpm
47,1FXA,A,E94Q,0.6,korpm
47,1FXA,A,E95K,1.0,korpm
2LZMA,1G06,A,S149V,4.4,ssym
2LZMA,1G07,A,C149V,2.0,ssym
2LZMA,1G0G,A,A152T,1.5,ssym
2LZMA,1G0J,A,S152T,2.0,ssym
2LZMA,1G0K,A,C152T,0.5,ssym
2LZMA,1G0L,A,V152T,-0.2,ssym
2LZMA,1G0M,A,I152T,0.4,ssym
2LZMA,1G0P,A,G149V,4.9,ssym
2LZMA,1G0Q,A,I149V,0.1,ssym
2LZMA,1G1V,A,T58I,3.4,ssym
2LZMA,1G1W,A,M105Q,1.2,ssym
48,1G3P,A,A147K,-0.29,korpm
48,1G3P,A,D160C,-0.1,korpm
48,1G3P,A,D160E,-0.36,korpm
48,1G3P,A,D160F,-0.36,korpm
48,1G3P,A,D160H,0.05,korpm
48,1G3P,A,D160I,-0.93,korpm
48,1G3P,A,D160K,-0.33,korpm
48,1G3P,A,D160L,-0.55,korpm
48,1G3P,A,D160M,-0.5,korpm
48,1G3P,A,D160N,0.07,korpm
48,1G3P,A,D160P,-0.65,korpm
48,1G3P,A,D160Q,-0.48,korpm
48,1G3P,A,D160R,-0.67,korpm
48,1G3P,A,D160S,-0.29,korpm
48,1G3P,A,D160T,-0.74,korpm
48,1G3P,A,D160V,-1.12,korpm
48,1G3P,A,D160W,-0.17,korpm
48,1G3P,A,D160Y,-0.07,korpm
48,1G3P,A,F136V,-3.7,korpm
48,1G3P,A,N138G,0.76,korpm
48,1G3P,A,N139K,-0.6,korpm
48,1G3P,A,N139V,-2.03,korpm
48,1G3P,A,Q137N,-1.79,korpm
48,1G3P,A,Q145N,0.26,korpm
48,1G3P,A,R144V,0.76,korpm
1P2PA,1G4I,A,F106A,-1.23,s2648
1P2PA,1G4I,A,F106I,0.95,s2648
1P2PA,1G4I,A,F106Y,0.07,s2648
1P2PA,1G4I,A,F22A,0.25,s2648
1P2PA,1G4I,A,F22I,1.43,s2648
1P2PA,1G4I,A,F22Y,0.83,s2648
1P2PA,1G4I,A,H48A,-1.93,s2648
1P2PA,1G4I,A,H48N,-2.44,s2648
1P2PA,1G4I,A,H48Q,-0.49,s2648
1G6NA,1G6N,A,S128A,-0.26,s2648
1G6NA,1G6N,A,S128A,-0.22,vb1432
1G6NA,1G6N,A,S128P,0.14,vb1432
1EL1A,1GAY,A,G2V,2.29,ssym
1EL1A,1GB0,A,L2V,0.05,ssym
1EL1A,1GB2,A,M2V,0.2,ssym
1EL1A,1GB3,A,F2V,0.8,ssym
1EL1A,1GB5,A,G74V,0.1,ssym
1EL1A,1GB6,A,I74V,-0.45,ssym
1EL1A,1GB7,A,L74V,-0.19,ssym
1EL1A,1GB8,A,M74V,-0.65,ssym
1EL1A,1GB9,A,F74V,0.0,ssym
1EL1A,1GBO,A,G110V,-0.48,ssym
1EL1A,1GBW,A,I110V,-0.86,ssym
1EL1A,1GBX,A,L110V,-0.1,ssym
1EL1A,1GBY,A,M110V,-0.4,ssym
1EL1A,1GBZ,A,F110V,0.05,ssym
1EL1A,1GF8,A,S2V,1.4,ssym
1EL1A,1GF9,A,Y2V,0.4,ssym
1EL1A,1GFA,A,D2V,1.4,ssym
1EL1A,1GFE,A,N2V,1.3,ssym
1EL1A,1GFG,A,R2V,0.4,ssym
1EL1A,1GFH,A,Y74V,0.3,ssym
1EL1A,1GFJ,A,D74V,0.4,ssym
1EL1A,1GFK,A,N74V,0.3,ssym
1EL1A,1GFR,A,R74V,0.1,ssym
1EL1A,1GFT,A,Y110V,0.1,ssym
1EL1A,1GFU,A,D110V,-0.2,ssym
1EL1A,1GFV,A,N110V,-0.1,ssym
49,1GLM,A,G139A,3.25,korpm
2RN2A,1GOB,A,A77G,0.9,ssym
20,1GWY,A,A8D,1.6,korpm
1H7MA,1H7M,A,D12A,0.24,s2648
1H7MA,1H7M,A,D2A,-0.53,s2648
1H7MA,1H7M,A,D44A,0.05,s2648
50,1H7M,A,D48A,0.36,korpm
1H7MA,1H7M,A,D48A,0.36,s2648
1H7MA,1H7M,A,D87A,-1.36,s2648
1H7MA,1H7M,A,E47A,-0.05,s2648
50,1H7M,A,E50A,0.57,korpm
1H7MA,1H7M,A,E50A,0.57,s2648
1H7MA,1H7M,A,E62A,-1.29,s2648
1H7MA,1H7M,A,E64A,-0.26,s2648
1H7MA,1H7M,A,E69A,-0.74,s2648
1H7MA,1H7M,A,E6A,-0.77,s2648
1H7MA,1H7M,A,E90A,-0.41,s2648
1H7MA,1H7M,A,H78A,-0.5,s2648
1H7MA,1H7M,A,K15A,-0.91,s2648
50,1H7M,A,K22A,0.43,korpm
1H7MA,1H7M,A,K22A,0.43,s2648
1H7MA,1H7M,A,K28A,-1.2,s2648
1H7MA,1H7M,A,K33A,0.12,s2648
1H7MA,1H7M,A,K46A,-1.1,s2648
1H7MA,1H7M,A,K9A,-0.29,s2648
50,1H7M,A,R21A,0.07,korpm
1H7MA,1H7M,A,R21A,0.07,s2648
1H7MA,1H7M,A,R39A,-0.07,s2648
50,1H7M,A,R42A,0.33,korpm
1H7MA,1H7M,A,R42A,0.33,s2648
1H7MA,1H7M,A,R54A,-0.26,s2648
50,1H7M,A,R76A,0.19,korpm
1H7MA,1H7M,A,R76A,0.19,s2648
50,1H7M,A,R8A,-0.76,korpm
1H7MA,1H7M,A,R8A,-0.77,s2648
1H7MA,1H7M,A,R92A,-0.31,s2648
50,1H7M,A,R92M,0.07,korpm
1EL1A,1HEM,A,T91S,-1.0,ssym
1EL1A,1HEO,A,V55I,0.9,ssym
1EL1A,1HER,A,S40T,0.3,ssym
1,1HFY,A,A30I,2.4,korpm
1EL1A,1HFY,A,A30I;T33I,0.4,ptmul
1,1HFY,A,A30T,1.7,korpm
1,1HFY,A,T29I,4.4,korpm
1EL1A,1HFY,A,T29I,3.23,vb1432
1,1HFY,A,T29V,1.86,korpm
1EL1A,1HFY,A,T29V,1.86,vb1432
1EL1A,1HFY,A,T38A,-1.6,vb1432
1,1HFY,A,V90A,0.73,korpm
1,1HFY,A,W60A,-2.55,korpm
1,1HFZ,A,A106S,-1.05,korpm
1EL1A,1HFZ,A,A106S,-1.05,s2648
1EL1A,1HFZ,A,A106S,-1.05,vb1432
1,1HFZ,A,H107A,-0.79,korpm
1EL1A,1HFZ,A,H107A,-0.79,s2648
1EL1A,1HFZ,A,H107A,-0.79,vb1432
1,1HFZ,A,H107W,-1.72,korpm
1EL1A,1HFZ,A,H107W,-1.72,s2648
1EL1A,1HFZ,A,H107W,-1.72,vb1432
1,1HFZ,A,H107Y,-0.19,korpm
1EL1A,1HFZ,A,H107Y,-0.19,s2648
1EL1A,1HFZ,A,H107Y,-0.19,vb1432
1EL1A,1HFZ,A,H32A,-2.13,s2648
1EL1A,1HFZ,A,H32A,-2.13,vb1432
1,1HFZ,A,H32Y,0.07,korpm
1EL1A,1HFZ,A,H32Y,0.07,s2648
1EL1A,1HFZ,A,H32Y,0.07,vb1432
1,1HFZ,A,I59W,-0.93,korpm
1EL1A,1HFZ,A,I59W,-0.93,s2648
1EL1A,1HFZ,A,I59W,-0.93,vb1432
1,1HFZ,A,K114E,-0.65,korpm
1EL1A,1HFZ,A,K114E,-0.65,s2648
1EL1A,1HFZ,A,K114E,-0.65,vb1432
1,1HFZ,A,K114N,2.65,korpm
1EL1A,1HFZ,A,K114N,2.66,s2648
1EL1A,1HFZ,A,K114N,2.65,vb1432
1,1HFZ,A,K114Q,-0.6,korpm
1EL1A,1HFZ,A,K114Q,-0.6,s2648
1EL1A,1HFZ,A,K114Q,-0.6,vb1432
1,1HFZ,A,L110E,-0.19,korpm
1EL1A,1HFZ,A,L110E,-0.19,s2648
1EL1A,1HFZ,A,L110E,-0.19,vb1432
1,1HFZ,A,L110H,1.39,korpm
1EL1A,1HFZ,A,L110H,1.39,s2648
1EL1A,1HFZ,A,L110H,1.39,vb1432
1,1HFZ,A,L110R,0.43,korpm
1EL1A,1HFZ,A,L110R,0.43,s2648
1EL1A,1HFZ,A,L110R,0.43,vb1432
1,1HFZ,A,Q117A,-0.96,korpm
1EL1A,1HFZ,A,Q117A,-0.96,s2648
1EL1A,1HFZ,A,Q117A,-0.96,vb1432
1EL1A,1HFZ,A,Q54A,-0.41,s2648
1EL1A,1HFZ,A,Q54A,-0.41,vb1432
1EL1A,1HFZ,A,V42A,-0.93,s2648
1EL1A,1HFZ,A,V42A,-0.93,vb1432
1EL1A,1HFZ,A,V42G,-1.15,s2648
1EL1A,1HFZ,A,V42G,-1.15,vb1432
1,1HFZ,A,V42N,-0.24,korpm
1EL1A,1HFZ,A,V42N,-0.24,s2648
1EL1A,1HFZ,A,V42N,-0.24,vb1432
1,1HFZ,A,W104Y,-2.44,korpm
1EL1A,1HFZ,A,W104Y,-2.44,s2648
1EL1A,1HFZ,A,W104Y,-2.44,vb1432
1,1HFZ,A,W118H,-0.6,korpm
1EL1A,1HFZ,A,W118H,-0.6,s2648
1EL1A,1HFZ,A,W118H,-0.6,vb1432
1,1HFZ,A,W118Y,-1.17,korpm
1EL1A,1HFZ,A,W118Y,-1.17,s2648
1EL1A,1HFZ,A,W118Y,-1.17,vb1432
1,1HFZ,A,Y103A,-2.39,korpm
1EL1A,1HFZ,A,Y103A,-2.39,s2648
1EL1A,1HFZ,A,Y103A,-2.39,vb1432
1,1HFZ,A,Y103P,-0.22,korpm
1EL1A,1HFZ,A,Y103P,-0.22,vb1432
1IOBA,1HIB,A,G9T,2.6,ssym
51,1HK0,X,F56A,-1.6,korpm
1HK0X,1HK0,X,F56A,-1.2,s2648
51,1HK0,X,I81A,-2.4,korpm
1HK0X,1HK0,X,I81A,-2.6,s2648
1HK0X,1HK0,X,L145A,-2.6,s2648
1HK0X,1HK0,X,M147A,-1.1,s2648
1HK0X,1HK0,X,M43A,-0.7,s2648
51,1HK0,X,Q143A,-0.5,korpm
1HK0X,1HK0,X,Q143A,-0.4,s2648
1HK0X,1HK0,X,Q54A,0.5,s2648
1HK0X,1HK0,X,Q54A;Q143A,-0.35,ptmul
51,1HK0,X,R79A,-1.0,korpm
1HK0X,1HK0,X,R79A,-2.3,s2648
1HK0X,1HK0,X,R79A;M147A,-0.75,ptmul
51,1HK0,X,V132A,-2.7,korpm
1HK0X,1HK0,X,V132A,-3.8,s2648
1HK0X,1HK0,X,V170A,1.3,s2648
1HMEA,1HME,A,G35H,-0.34,broom
52,1HME,A,G35H,0.47,korpm
1HMEA,1HME,A,G35H,-0.33,s2648
1HMEA,1HME,A,G35H,0.47,vb1432
1HMEA,1HME,A,G35H;N47H;D51H,0.29,ptmul
1HMEA,1HME,A,G35H;N47H;D52H,-0.72,ptmul
52,1HME,A,I34H,-1.23,korpm
1HMEA,1HME,A,I34H,-0.95,s2648
1HMEA,1HME,A,I34H,0.0,vb1432
1HMEA,1HME,A,I34H;N47H;D51H,0.53,ptmul
1HMEA,1HME,A,I34H;N47H;D52H,-1.1,ptmul
1HMEA,1HME,A,N47H;D51H,0.62,ptmul
1HMEA,1HME,A,N47H;D52H,0.29,ptmul
52,1HME,A,S33H,-1.5,korpm
1HMEA,1HME,A,S33H,-1.85,s2648
1HMEA,1HME,A,S33H,-1.5,vb1432
1HMEA,1HME,A,S33H;N47H;D51H,-0.98,ptmul
1EL1A,1HMK,A,A30I,1.47,s2648
1EL1A,1HMK,A,A30T,0.48,s2648
1EL1A,1HMK,A,D87N,-1.14,s2648
1EL1A,1HMK,A,I55V,-2.72,s2648
1EL1A,1HMK,A,I89V,-0.86,s2648
1EL1A,1HMK,A,I95V,-1.72,s2648
1EL1A,1HMK,A,K93A,-1.72,s2648
1EL1A,1HMK,A,L105A,-0.28,s2648
1EL1A,1HMK,A,L110A,-0.35,s2648
1EL1A,1HMK,A,L12A,-2.73,s2648
1EL1A,1HMK,A,L52A,-3.22,s2648
1EL1A,1HMK,A,L96A,-1.75,s2648
1EL1A,1HMK,A,T29I,3.55,s2648
1EL1A,1HMK,A,T29V,2.26,s2648
1EL1A,1HMK,A,T33I,-0.64,s2648
1EL1A,1HMK,A,T38A,-1.3,s2648
1EL1A,1HMK,A,V27A,-1.24,s2648
1EL1A,1HMK,A,V8A,-0.83,s2648
1EL1A,1HMK,A,V90A,0.9,s2648
1EL1A,1HMK,A,W104F,-1.96,s2648
1EL1A,1HMK,A,W118F,-0.31,s2648
1EL1A,1HMK,A,W26F,-2.11,s2648
1EL1A,1HMK,A,W60A,-2.01,s2648
1EL1A,1HMK,A,W60F,-0.68,s2648
1EL1A,1HMK,A,Y103F,-2.13,s2648
1HMSA,1HMS,A,E72S,-3.67,s2648
1HMSA,1HMS,A,F16S,-3.98,s2648
1HMSA,1HMS,A,F16Y,-2.56,s2648
1HMSA,1HMS,A,F4S,-3.67,s2648
1HMSA,1HMS,A,F57S,-2.43,s2648
1HMSA,1HMS,A,F64S,-3.82,s2648
1HMSA,1HMS,A,G67S,-1.22,s2648
1HMSA,1HMS,A,K21I,0.0,s2648
1HMSA,1HMS,A,L66G,-3.67,s2648
1HMSA,1HMS,A,R106T,-2.84,s2648
1HMSA,1HMS,A,R126K,-3.26,s2648
1HMSA,1HMS,A,R126Q,-0.31,s2648
1HMSA,1HMS,A,T40E,-2.4,s2648
1HMSA,1HMS,A,T40Q,-2.73,s2648
1HMSA,1HMS,A,T40V,-0.76,s2648
1HMSA,1HMS,A,W8E,-3.82,s2648
1HMSA,1HMS,A,Y128F,-2.68,s2648
1HNGA,1HNG,A,A40G,-1.71,broom
1HNGA,1HNG,A,I18V,-1.17,broom
1HNGA,1HNG,A,I57V,-0.43,broom
1HNGA,1HNG,A,L16V,-2.2,broom
1HNGA,1HNG,A,L50V,0.37,broom
1HNGA,1HNG,A,L89V,-0.14,broom
1HNGA,1HNG,A,L95V,-0.75,broom
1HNGA,1HNG,A,V30A,-4.88,broom
1HNGA,1HNG,A,V78A,-3.01,broom
1HNGA,1HNG,A,Y76F,-1.49,broom
1EL1A,1HNL,A,A77C,4.6,ssym
1HTIA,1HTI,A,K193A,0.5,s2648
1HTIA,1HTI,A,Q179A,0.05,s2648
1HTIA,1HTI,A,Q179D,0.75,s2648
1HTIA,1HTI,A,Q179D;K193A;A215P,3.0,ptmul
1HTIA,1HTI,A,S105D,-0.65,s2648
1HUEA,1HUE,A,A27S,-1.19,vb1432
1HUEA,1HUE,A,A56S,-0.13,vb1432
1HUEA,1HUE,A,M69I,0.0,vb1432
1HUEA,1HUE,A,S31T,0.41,vb1432
1HUEA,1HUE,A,V42I,-0.82,vb1432
1HUEA,1HUU,A,A27S,-1.19,s2648
1HUEA,1HUU,A,A56S,-0.13,s2648
1HUEA,1HUU,A,M69I,0.0,s2648
1HUEA,1HUU,A,S31T,0.41,s2648
1HUEA,1HUU,A,V42I,-0.82,s2648
1HZ6A,1HZ6,A,A13P,-0.05,broom
1HZ6A,1HZ6,A,A13V,-1.08,broom
1HZ6A,1HZ6,A,A20G,-2.15,broom
1HZ6A,1HZ6,A,A20V,1.12,broom
1HZ6A,1HZ6,A,A29G,-2.49,broom
1HZ6A,1HZ6,A,A33G,-3.34,broom
1HZ6A,1HZ6,A,A35G,-1.22,broom
1HZ6A,1HZ6,A,A37G,-3.29,broom
1HZ6A,1HZ6,A,A52G,-0.57,broom
1HZ6A,1HZ6,A,A8G,-2.35,broom
1HZ6A,1HZ6,A,D38A,-1.05,broom
1HZ6A,1HZ6,A,D38G,-1.95,broom
1HZ6A,1HZ6,A,D50A,-0.08,broom
1HZ6A,1HZ6,A,E21A,-0.66,broom
1HZ6A,1HZ6,A,E32G,-1.09,broom
1HZ6A,1HZ6,A,E32I,-1.13,broom
1HZ6A,1HZ6,A,E46A,-0.16,broom
1HZ6A,1HZ6,A,F12A,-2.91,broom
1HZ6A,1HZ6,A,F12L,-0.55,broom
1HZ6A,1HZ6,A,F22A,-5.25,broom
1HZ6A,1HZ6,A,F22L,-3.27,broom
1HZ6A,1HZ6,A,F26G,-3.15,broom
1HZ6A,1HZ6,A,F26L,-0.42,broom
1HZ6A,1HZ6,A,G15A,-1.58,broom
1HZ6A,1HZ6,A,G15V,-2.7,broom
1HZ6A,1HZ6,A,G24A,-1.94,broom
1HZ6A,1HZ6,A,G45A,-1.92,broom
1HZ6A,1HZ6,A,G55A,-2.12,broom
1HZ6A,1HZ6,A,I11A,-1.26,broom
1HZ6A,1HZ6,A,I11V,-0.43,broom
1HZ6A,1HZ6,A,I6A,-4.5,broom
1HZ6A,1HZ6,A,K23A,-0.93,broom
1HZ6A,1HZ6,A,K28G,-0.02,broom
1HZ6A,1HZ6,A,K41A,0.4,broom
1HZ6A,1HZ6,A,K42A,0.14,broom
1HZ6A,1HZ6,A,K54A,-0.11,broom
1HZ6A,1HZ6,A,K7A,-0.9,broom
1HZ6A,1HZ6,A,L10A,-2.69,broom
1HZ6A,1HZ6,A,L40A,-2.25,broom
1HZ6A,1HZ6,A,N14A,-1.72,broom
1HZ6A,1HZ6,A,N44A,-0.36,broom
1HZ6A,1HZ6,A,N9A,-1.75,broom
1HZ6A,1HZ6,A,S16A,-0.22,broom
1HZ6A,1HZ6,A,S31A,0.34,broom
1HZ6A,1HZ6,A,S31G,-0.78,broom
1HZ6A,1HZ6,A,T17A,-1.17,broom
1HZ6A,1HZ6,A,T19A,-1.01,broom
1HZ6A,1HZ6,A,T25A,-1.1,broom
1HZ6A,1HZ6,A,T30A,-1.17,broom
1HZ6A,1HZ6,A,T39G,-0.23,broom
1HZ6A,1HZ6,A,T48A,-1.25,broom
1HZ6A,1HZ6,A,T5A,-1.76,broom
1HZ6A,1HZ6,A,V49A,-0.91,broom
1HZ6A,1HZ6,A,V4A,-1.32,broom
1HZ6A,1HZ6,A,V51A,-0.98,broom
1HZ6A,1HZ6,A,Y34A,-2.81,broom
1HZ6A,1HZ6,A,Y36A,-2.49,broom
1HZ6A,1HZ6,A,Y56A,-1.51,broom
0,1I5T,A,H26V,-3.78,korpm
1C2RA,1I5T,A,H26V;H33F,-2.15,ptmul
1C2RA,1I5T,A,H26V;N52I,-1.86,ptmul
0,1I5T,A,H33F,0.67,korpm
1C2RA,1I5T,A,P30A;Y67F,-2.58,ptmul
2LZMA,1I6S,A,A101N,1.5,ssym
1IETA,1IET,A,D60R,0.14,s2648
1HMSA,1IFB,A,F68A,1.38,broom
1HMSA,1IFB,A,F93A,-2.42,broom
1HMSA,1IFB,A,W6Y,-0.93,broom
1HMSA,1IFB,A,W82Y,0.09,broom
1HMSA,1IFC,A,A104C,1.32,s2648
1HMSA,1IFC,A,F68A,-0.42,s2648
1HMSA,1IFC,A,F93A,-2.37,s2648
1HMSA,1IFC,A,G65A,-0.94,s2648
1HMSA,1IFC,A,I23C,0.51,s2648
1HMSA,1IFC,A,L64A,-1.68,s2648
1HMSA,1IFC,A,L64G,-2.26,s2648
1HMSA,1IFC,A,L72C,0.02,s2648
1HMSA,1IFC,A,L89C,-1.25,s2648
1HMSA,1IFC,A,S53C,0.31,s2648
1HMSA,1IFC,A,V60C,-0.07,s2648
1HMSA,1IFC,A,V60N,-0.83,s2648
1HMSA,1IFC,A,W6Y,-0.87,s2648
1HMSA,1IFC,A,W82Y,-0.39,s2648
8,1IGV,A,D19N,0.74,korpm
1UWOA,1IGV,A,D19N,0.83,s2648
1UWOA,1IGV,A,D19N,0.72,vb1432
1UWOA,1IGV,A,D19N;E26Q,0.52,ptmul
8,1IGV,A,E17Q,0.38,korpm
1UWOA,1IGV,A,E17Q,0.33,s2648
1UWOA,1IGV,A,E17Q,0.38,vb1432
1UWOA,1IGV,A,E17Q;D19N,1.19,ptmul
1UWOA,1IGV,A,E17Q;D19N;E26Q,0.93,ptmul
1UWOA,1IGV,A,E17Q;E26Q,0.26,ptmul
8,1IGV,A,E26Q,0.09,korpm
1UWOA,1IGV,A,E26Q,-0.03,s2648
1UWOA,1IGV,A,E26Q,0.1,vb1432
1UWOA,1IGV,A,F10A,-4.12,s2648
1UWOA,1IGV,A,F66A,-4.2,s2648
1UWOA,1IGV,A,F66W,-2.34,broom
8,1IGV,A,F66W,-2.34,korpm
1UWOA,1IGV,A,F66W,-0.93,s2648
1UWOA,1IGV,A,I73V,-1.34,s2648
1UWOA,1IGV,A,L23A,-3.24,s2648
1UWOA,1IGV,A,L23G,-3.95,s2648
1UWOA,1IGV,A,L28A,-2.2,s2648
8,1IGV,A,L6V,-2.2,korpm
1UWOA,1IGV,A,L6V,-1.72,s2648
8,1IGV,A,N21D,-1.05,korpm
1UWOA,1IGV,A,P20G,-1.19,broom
8,1IGV,A,P20G,-1.19,korpm
8,1IGV,A,P43M,-0.38,korpm
1UWOA,1IGV,A,V61A,-2.93,s2648
1UWOA,1IGV,A,V61G,-3.6,s2648
1UWOA,1IGV,A,V70L,-1.2,broom
1UWOA,1IGV,A,V70L,-0.13,s2648
1UWOA,1IGV,A,Y13F,-1.19,broom
1UWOA,1IGV,A,Y13F,-1.08,s2648
1A5EA,1IHB,A,F37H,-1.24,broom
13,1IHB,A,F37H,-1.24,korpm
1A5EA,1IHB,A,F37H,-0.66,s2648
1A5EA,1IHB,A,F71N,0.71,broom
1A5EA,1IHB,A,F71N,0.46,s2648
1A5EA,1IHB,A,F71N,0.7,ssym
1A5EA,1IHB,A,F82Q,-0.46,broom
1A5EA,1IHB,A,F82Q,-0.37,s2648
1A5EA,1IHB,A,F82Q,-0.4,ssym
1A5EA,1IHB,A,F92N,-1.08,broom
1A5EA,1IHB,A,F92N,-0.71,s2648
1A5EA,1IHB,A,F92N,-1.1,ssym
1A5EA,1IHB,A,R55V,-0.32,broom
13,1IHB,A,R55V,-0.32,korpm
1A5EA,1IHB,A,R55V,-0.15,s2648
16,1IMQ,A,A25G,-0.14,korpm
1IMQA,1IMQ,A,A25G,-0.14,s2648
16,1IMQ,A,E31L,-0.67,korpm
1IMQA,1IMQ,A,E31L,-0.67,s2648
16,1IMQ,A,E41V,0.88,korpm
1IMQA,1IMQ,A,E41V,0.89,s2648
16,1IMQ,A,T27G,-1.43,korpm
1IMQA,1IMQ,A,V19L,-1.82,s2648
16,1IMQ,A,V34L,0.33,korpm
1IMQA,1IMQ,A,V34L,0.33,s2648
1IMQA,1IMQ,A,V37L,-0.26,s2648
1IMQA,1IMQ,A,V37L;E41V;V71I,0.79,ptmul
1IMQA,1IMQ,A,V68I,-0.81,s2648
16,1IMQ,A,V71I,0.07,korpm
1IMQA,1IMQ,A,V71I,0.07,s2648
1EL1A,1INU,A,R110V,-0.9,ssym
1IO2A,1IO2,A,D105A,1.72,s2648
1IO2A,1IO2,A,D135A,1.82,s2648
1IO2A,1IO2,A,D7N,0.46,s2648
1IO2A,1IO2,A,E8A,1.77,s2648
1IO2A,1IO2,A,E8Q,-1.25,s2648
53,1IO2,A,I15A,-2.13,korpm
53,1IO2,A,L92A,-2.87,korpm
1IOBA,1IOB,A,C8A,-2.52,broom
54,1IOB,A,C8A,-2.52,korpm
1IOBA,1IOB,A,C8S,-4.8,broom
54,1IOB,A,C8S,-4.8,korpm
54,1IOB,A,K97G,-2.1,korpm
1IOBA,1IOB,A,K97G,-1.2,vb1432
54,1IOB,A,K97R,-3.1,korpm
1IOBA,1IOB,A,K97R,-0.5,vb1432
54,1IOB,A,K97V,1.5,korpm
1IOBA,1IOB,A,K97V,0.8,vb1432
1IOBA,1IOB,A,L10A,-5.1,broom
1IOBA,1IOB,A,L6A,-3.1,broom
1IOBA,1IOB,A,N7D,0.43,broom
54,1IOB,A,N7D,0.43,korpm
1IOBA,1IOB,A,N7G,-2.6,broom
54,1IOB,A,N7G,-2.6,korpm
1IOBA,1IOB,A,R4P,-0.4,broom
54,1IOB,A,R4P,-0.4,korpm
1IOBA,1IOB,A,R4Q,-1.0,broom
54,1IOB,A,R4Q,-1.0,korpm
54,1IOB,A,T9A,-2.1,korpm
1IOBA,1IOB,A,T9A,-0.8,vb1432
1IOBA,1IOB,A,T9G,-2.6,ssym
1IOBA,1IOB,A,T9G,-2.6,vb1432
54,1IOB,A,T9L,-3.1,korpm
1IOBA,1IOB,A,T9L,-0.7,vb1432
54,1IOB,A,T9Q,-2.8,korpm
1IOBA,1IOB,A,T9Q,-1.9,vb1432
55,1IOJ,A,G15A,0.4,korpm
1EL1A,1IOS,A,F12M,-0.5,ssym
1EL1A,1IOT,A,L12M,0.4,ssym
1EL1A,1IR7,A,M78I,0.9,ssym
1EL1A,1IR8,A,M58I,1.2,ssym
1EL1A,1IR9,A,M98I,0.9,ssym
1IRLA,1IRL,A,L18M;L19S,0.0,ptmul
1BRFA,1IRO,A,I33L,0.76,s2648
1BRFA,1IRO,A,V24I,0.36,s2648
56,1ITM,A,C24T,-3.0,korpm
56,1ITM,A,C3T,-4.6,korpm
56,1ITM,A,W91S,1.4,korpm
21,1IV7,B,A119C,-0.7,korpm
21,1IV7,B,A173C,0.5,korpm
21,1IV7,B,C141A,0.5,korpm
21,1IV7,B,F189C,-2.5,korpm
21,1IV7,B,L132A,-2.0,korpm
21,1IV7,B,L162C,-1.9,korpm
21,1IV9,A,S76Y,4.3,korpm
57,1J8I,A,K25A,0.1,korpm
57,1J8I,A,K66A,0.1,korpm
57,1J8I,A,R23A,0.8,korpm
57,1J8I,A,R43A,0.7,korpm
1JIWI,1JIW,I,D10A,-0.7,s2648
1JIWI,1JIW,I,W15F,-2.3,s2648
58,1JNX,X,A1669S,0.16,korpm
58,1JNX,X,A1843P,-4.89,korpm
58,1JNX,X,C1787S,0.37,korpm
58,1JNX,X,G1788D,-3.97,korpm
58,1JNX,X,G1788V,-1.84,korpm
58,1JNX,X,L1664P,-1.18,korpm
58,1JNX,X,M1652I,-1.11,korpm
58,1JNX,X,M1663K,0.03,korpm
58,1JNX,X,M1663L,0.51,korpm
58,1JNX,X,M1783T,-3.73,korpm
58,1JNX,X,R1699L,0.99,korpm
58,1JNX,X,R1699Q,1.83,korpm
58,1JNX,X,R1699W,-2.3,korpm
58,1JNX,X,R1751Q,-1.57,korpm
58,1JNX,X,V1665M,-2.22,korpm
4,1JQZ,A,C117T,-0.31,korpm
4,1JY0,A,K12C,1.96,korpm
4,1JY0,A,K12T,1.24,korpm
4,1JY0,A,K12V,1.6,korpm
4,1JY0,A,P134C,1.41,korpm
4,1JY0,A,P134T,1.41,korpm
4,1JY0,A,P134V,1.15,korpm
4,1K5U,A,D68N,0.33,korpm
4,1K5U,A,D70N,0.6,korpm
4,1K5U,A,L26D,-1.31,korpm
4,1K5U,A,L26N,1.05,korpm
59,1K85,A,L566A,-2.52,korpm
59,1K85,A,N596A,-1.0,korpm
59,1K85,A,S568A,0.1,korpm
59,1K85,A,T602A,1.49,korpm
59,1K85,A,Y592L,-5.97,korpm
59,1K85,A,Y620L,-4.38,korpm
1K9QA,1K9Q,A,A20R,0.89,s2648
1K9QA,1K9Q,A,A20R,0.89,vb1432
1K9QA,1K9Q,A,A20R;D34T,1.34,ptmul
1K9QA,1K9Q,A,A20R;L30Y,1.86,ptmul
1K9QA,1K9Q,A,A20R;L30Y;D34T,2.54,ptmul
1K9QA,1K9Q,A,D34T,0.37,s2648
1K9QA,1K9Q,A,D34T,0.35,vb1432
1K9QA,1K9Q,A,L30Y,0.27,s2648
1K9QA,1K9Q,A,L30Y,0.17,vb1432
1EY0A,1KAB,A,G116K,-1.0,ssym
1KCQA,1KCQ,A,D187N,-1.05,s2648
1KCQA,1KCQ,A,D187Y,-2.03,s2648
1KDXA,1KDX,A,Y640F,0.0,s2648
3BLSA,1KE4,A,Y150F,-2.05,s2648
60,1KFW,A,G253P,-0.65,korpm
1KFWA,1KFW,A,G253P,0.62,vb1432
60,1KFW,A,G405Q,0.62,korpm
1KFWA,1KFW,A,G405Q,0.62,s2648
1KFWA,1KFW,A,G405Q,0.62,vb1432
60,1KFW,A,G92P,0.5,korpm
1KFWA,1KFW,A,G92P,0.53,vb1432
60,1KFW,A,N197K,0.81,korpm
1KFWA,1KFW,A,N197K,0.81,s2648
1KFWA,1KFW,A,N197K,0.84,vb1432
2RN2A,1KVA,A,A134D,-2.1,ssym
2RN2A,1KVB,A,H134D,-2.3,ssym
2RN2A,1KVC,A,N134D,-1.0,ssym
2LZMA,1L00,A,A105Q,0.6,ssym
2LZMA,1L02,A,A157T,0.5,ssym
2LZMA,1L03,A,C157T,1.3,ssym
2LZMA,1L04,A,D157T,1.1,ssym
2LZMA,1L06,A,E157T,0.8,ssym
2LZMA,1L07,A,F157T,2.4,ssym
2LZMA,1L08,A,G157T,1.1,ssym
2LZMA,1L09,A,H157T,2.1,ssym
2LZMA,1L10,A,I157T,1.5,ssym
2LZMA,1L11,A,L157T,1.7,ssym
2LZMA,1L12,A,N157T,1.2,ssym
2LZMA,1L13,A,R157T,-0.3,ssym
2LZMA,1L14,A,S157T,0.7,ssym
2LZMA,1L15,A,V157T,1.2,ssym
2LZMA,1L16,A,D156G,2.3,ssym
2LZMA,1L17,A,V3I,0.4,ssym
2LZMA,1L18,A,Y3I,2.3,ssym
2LZMA,1L19,A,D38S,-0.6,ssym
2LZMA,1L20,A,D144N,-0.4,ssym
2LZMA,1L21,A,G55N,0.6,ssym
2LZMA,1L22,A,G124K,0.1,ssym
2LZMA,1L23,A,A77G,-0.4,ssym
2LZMA,1L24,A,P82A,-0.8,ssym
2LZMA,1L33,A,A131V,-0.3,ssym
2LZMA,1L37,A,E115T,-0.3,ssym
2LZMA,1L38,A,E123Q,-0.4,ssym
2LZMA,1L39,A,E144N,-0.5,ssym
2LZMA,1L42,A,E16K,-0.5,ssym
2LZMA,1L44,A,E119R,0.04,ssym
2LZMA,1L45,A,E135K,1.0,ssym
2LZMA,1L46,A,E147K,0.7,ssym
2LZMA,1L47,A,E154R,1.1,ssym
2LZMA,1L48,A,V98A,4.9,ssym
2LZMA,1L52,A,S152T,2.6,ssym
2LZMA,1L53,A,C149V,2.2,ssym
2LZMA,1L55,A,N92D,1.4,ssym
2LZMA,1L56,A,P60K,0.0,ssym
2LZMA,1L57,A,D116N,-0.6,ssym
2LZMA,1L59,A,N109T,-0.1,ssym
2LZMA,1L60,A,A113G,-0.3,ssym
2LZMA,1L61,A,N38S,0.01,ssym
2LZMA,1L62,A,D109T,-0.6,ssym
2LZMA,1L63,A,A129F,-1.2,ssym
2LZMA,1L63,A,A129M,-2.8,vb1432
2LZMA,1L63,A,A129W,-2.2,ssym
2LZMA,1L63,A,A130S,-1.0,ssym
2LZMA,1L63,A,A134S,-0.1,ssym
2LZMA,1L63,A,A41S,-0.6,ssym
2LZMA,1L63,A,A42S,-2.3,ssym
2LZMA,1L63,A,A42V,-2.7,ssym
2LZMA,1L63,A,A49S,-0.5,ssym
2LZMA,1L63,A,A73S,-0.4,ssym
2LZMA,1L63,A,A82S,-0.3,ssym
2LZMA,1L63,A,A93S,-0.2,ssym
2LZMA,1L63,A,A98C,-1.0,ssym
2LZMA,1L63,A,A98L,-4.3,ssym
2LZMA,1L63,A,A98S,-2.5,ssym
2LZMA,1L63,A,A98V,-3.2,ssym
2LZMA,1L63,A,D20A,-0.3,ssym
2LZMA,1L63,A,D20N,1.3,ssym
2LZMA,1L63,A,D20S,0.7,ssym
2LZMA,1L63,A,D47A,-1.0,ssym
2LZMA,1L63,A,D72P,-2.7,ssym
2LZMA,1L63,A,D92N,-1.4,ssym
2LZMA,1L63,A,E11H,0.1,ssym
2LZMA,1L63,A,E11N,-0.1,ssym
2LZMA,1L63,A,F104A,-2.7,vb1432
2LZMA,1L63,A,F104M,-0.4,ssym
2LZMA,1L63,A,F104M,-0.4,vb1432
2LZMA,1L63,A,F153A,-3.8,ssym
2LZMA,1L63,A,F153I,-0.2,ssym
2LZMA,1L63,A,F153L,0.3,ssym
2LZMA,1L63,A,F153M,-0.6,ssym
2LZMA,1L63,A,F153V,-1.8,ssym
2LZMA,1L63,A,F67A,-1.9,ssym
2LZMA,1L63,A,I100A,-3.4,ssym
2LZMA,1L63,A,I100A,-2.5,vb1432
2LZMA,1L63,A,I100M,-1.6,ssym
2LZMA,1L63,A,I100V,-0.4,ssym
2LZMA,1L63,A,I17A,-2.7,ssym
2LZMA,1L63,A,I17A,-2.3,vb1432
22,1L63,A,I17M,-2.2,korpm
2LZMA,1L63,A,I17M,-2.2,vb1432
2LZMA,1L63,A,I27A,-3.1,ssym
2LZMA,1L63,A,I27M,-3.1,ssym
2LZMA,1L63,A,I27M,-3.1,vb1432
2LZMA,1L63,A,I27M;L33M,-3.1,ptmul
2LZMA,1L63,A,I29A,-2.6,ssym
2LZMA,1L63,A,I50A,-2.0,ssym
2LZMA,1L63,A,I50A,-1.6,vb1432
2LZMA,1L63,A,I50M,-0.4,ssym
2LZMA,1L63,A,I50M,-0.4,vb1432
2LZMA,1L63,A,I58A,-3.2,ssym
2LZMA,1L63,A,I58T,-3.4,ssym
2LZMA,1L63,A,I78A,-1.2,ssym
2LZMA,1L63,A,I78A,-1.2,vb1432
2LZMA,1L63,A,I78M,-1.5,ssym
2LZMA,1L63,A,I78V,-0.8,ssym
2LZMA,1L63,A,K43A,-1.0,ssym
2LZMA,1L63,A,L118A,-3.2,ssym
2LZMA,1L63,A,L118A,-3.2,vb1432
2LZMA,1L63,A,L118M,-0.7,ssym
2LZMA,1L63,A,L121M,-0.8,ssym
2LZMA,1L63,A,L133F,-0.3,ssym
2LZMA,1L63,A,L133M,-0.4,ssym
2LZMA,1L63,A,L33A,-2.9,vb1432
22,1L63,A,L33M,-2.0,korpm
2LZMA,1L63,A,L33M,-2.0,vb1432
2LZMA,1L63,A,L46A,-1.9,ssym
2LZMA,1L63,A,L66A,-3.3,vb1432
2LZMA,1L63,A,L66M,-1.0,ssym
2LZMA,1L63,A,L66M,-1.0,vb1432
2LZMA,1L63,A,L7A,-2.3,vb1432
2LZMA,1L63,A,L84A,-2.6,ssym
2LZMA,1L63,A,L84A,-3.7,vb1432
2LZMA,1L63,A,L84M,-1.9,ssym
2LZMA,1L63,A,L91A,-2.6,ssym
2LZMA,1L63,A,L91A,-2.6,vb1432
2LZMA,1L63,A,L91M,-0.8,ssym
2LZMA,1L63,A,L99A,-4.5,ssym
2LZMA,1L63,A,L99F,-0.3,ssym
2LZMA,1L63,A,L99I,-1.5,ssym
2LZMA,1L63,A,L99M,-0.6,ssym
2LZMA,1L63,A,L99V,-2.0,ssym
22,1L63,A,M102A,-2.9,korpm
2LZMA,1L63,A,M102A,-2.9,vb1432
2LZMA,1L63,A,M102A;M106A,-3.7,ptmul
2LZMA,1L63,A,M102L,-1.0,ssym
22,1L63,A,M106A,-1.9,korpm
2LZMA,1L63,A,M106A,-1.9,vb1432
2LZMA,1L63,A,M106I,0.2,ssym
2LZMA,1L63,A,M106K,-3.4,ssym
2LZMA,1L63,A,M106L,0.5,ssym
2LZMA,1L63,A,M120K,-1.6,ssym
2LZMA,1L63,A,M120L,0.5,ssym
2LZMA,1L63,A,M120Y,-0.1,ssym
2LZMA,1L63,A,M6A,-1.9,ssym
2LZMA,1L63,A,M6A,-1.6,vb1432
2LZMA,1L63,A,M6L,-2.8,ssym
2LZMA,1L63,A,N101A,-1.5,ssym
2LZMA,1L63,A,N144E,0.5,ssym
2LZMA,1L63,A,Q105M,-1.2,ssym
2LZMA,1L63,A,S117F,1.1,ssym
2LZMA,1L63,A,S38N,-0.01,ssym
2LZMA,1L63,A,S44A,0.3,ssym
2LZMA,1L63,A,S44E,0.0,ssym
2LZMA,1L63,A,S44F,0.1,ssym
2LZMA,1L63,A,S44G,-0.5,ssym
2LZMA,1L63,A,S44I,0.3,ssym
2LZMA,1L63,A,S44K,0.2,ssym
2LZMA,1L63,A,S44L,0.4,ssym
2LZMA,1L63,A,S44N,-0.1,ssym
2LZMA,1L63,A,S44P,-3.0,ssym
2LZMA,1L63,A,S44R,0.2,ssym
2LZMA,1L63,A,S44T,0.01,ssym
2LZMA,1L63,A,S44V,0.1,ssym
2LZMA,1L63,A,T109D,0.6,ssym
2LZMA,1L63,A,T109N,0.1,ssym
2LZMA,1L63,A,T152A,-1.5,ssym
2LZMA,1L63,A,T152C,-0.5,ssym
2LZMA,1L63,A,T152I,-0.4,ssym
2LZMA,1L63,A,T152S,-2.0,ssym
2LZMA,1L63,A,T152V,0.2,ssym
2LZMA,1L63,A,T59A,-1.5,ssym
2LZMA,1L63,A,T59D,-1.2,ssym
2LZMA,1L63,A,T59G,-1.6,ssym
2LZMA,1L63,A,T59N,-1.1,ssym
2LZMA,1L63,A,T59S,-0.2,ssym
2LZMA,1L63,A,T59V,-1.5,ssym
2LZMA,1L63,A,V103A,-2.2,ssym
2LZMA,1L63,A,V103A,-1.6,vb1432
2LZMA,1L63,A,V103I,-0.5,ssym
2LZMA,1L63,A,V103M,-1.2,ssym
2LZMA,1L63,A,V111A,-1.3,ssym
2LZMA,1L63,A,V111I,-0.9,ssym
2LZMA,1L63,A,V111M,-0.7,ssym
2LZMA,1L63,A,V111M,-0.7,vb1432
2LZMA,1L63,A,V149A,-3.2,ssym
2LZMA,1L63,A,V149C,-2.0,ssym
2LZMA,1L63,A,V149G,-4.9,ssym
2LZMA,1L63,A,V149I,-0.1,ssym
2LZMA,1L63,A,V149M,-2.8,ssym
2LZMA,1L63,A,V149M,-2.8,vb1432
2LZMA,1L63,A,V149S,-4.4,ssym
2LZMA,1L63,A,V149T,-2.8,ssym
2LZMA,1L63,A,V75T,-1.3,ssym
2LZMA,1L63,A,V87A,-1.7,ssym
2LZMA,1L63,A,V87A,-1.5,vb1432
2LZMA,1L63,A,V87I,-0.3,ssym
2LZMA,1L63,A,V87M,-2.3,ssym
2LZMA,1L63,A,V87M,-2.3,vb1432
2LZMA,1L63,A,V87T,-1.6,ssym
2LZMA,1L65,A,A47D,1.0,ssym
2LZMA,1L66,A,A43K,1.0,ssym
2LZMA,1L67,A,A46L,1.9,ssym
2LZMA,1L68,A,A44S,-0.3,ssym
2LZMA,1L69,A,A133L,4.2,ssym
61,1L6H,A,Y45A,-0.55,korpm
61,1L6H,A,Y48A,-1.48,korpm
2LZMA,1L76,A,P72D,2.7,ssym
2LZMA,1L77,A,L102M,1.0,ssym
2LZMA,1L85,A,A153F,3.8,ssym
2LZMA,1L86,A,I153F,0.2,ssym
2LZMA,1L87,A,L153F,-0.3,ssym
2LZMA,1L88,A,M153F,0.6,ssym
2LZMA,1L90,A,A99L,4.5,ssym
2LZMA,1L91,A,F99L,0.3,ssym
2LZMA,1L92,A,I99L,1.5,ssym
2LZMA,1L93,A,M99L,0.6,ssym
2LZMA,1L94,A,V99L,2.0,ssym
2LZMA,1L95,A,V153F,1.8,ssym
2LZMA,1L96,A,P3I,3.0,ssym
2LZMA,1L98,A,E105Q,1.1,ssym
2LZMA,1L99,A,G105Q,1.5,ssym
2RN2A,1LAV,A,L74V,-1.0,ssym
2RN2A,1LAW,A,I74V,-0.6,ssym
1LBIA,1LBI,A,K84L,-0.2,s2648
1EL1A,1LHH,A,P110V,-0.5,ssym
1EL1A,1LHI,A,G71P,1.6,ssym
1EL1A,1LHJ,A,G103P,0.1,ssym
1EL1A,1LHK,A,P91D,0.4,ssym
1EL1A,1LHL,A,P47A,-0.1,ssym
1LRPA,1LMB,4,A15G;G46A;G48A,-0.55,ptmul
1LRPA,1LMB,4,A20G;G46A;G48A,0.87,ptmul
1LRPA,1LMB,4,A37G;G46A;G48A,0.62,ptmul
1LRPA,1LMB,4,A49G;G46A;G48A,1.25,ptmul
1LRPA,1LMB,4,A49V,-1.22,vb1432
1LRPA,1LMB,4,A63G;G46A;G48A,1.49,ptmul
1LRPA,1LMB,4,A66G;G46A;G48A,0.07,ptmul
1LRPA,1LMB,4,A66T,-2.99,vb1432
1LRPA,1LMB,4,A81G;G46A;G48A,0.77,ptmul
1LRPA,1LMB,4,G46A,0.66,vb1432
1LRPA,1LMB,4,G46A;G48A,-0.37,ptmul
1LRPA,1LMB,4,G46A;G48A;P78A,0.2,ptmul
1LRPA,1LMB,4,G48A,0.87,vb1432
1LRPA,1LMB,4,G48N,0.79,vb1432
1LRPA,1LMB,4,G48S,0.68,vb1432
1LRPA,1LMB,4,I84S,-2.25,vb1432
1LRPA,1LMB,4,K4Q,0.43,vb1432
1LRPA,1LMB,4,M40V;V47L,-1.1,ptmul
1LRPA,1LMB,4,Q33Y,1.32,vb1432
1LRPA,1LMB,4,Q44Y,-0.02,vb1432
1LRPA,1LMB,4,V36F;M40F;V47F,-3.05,ptmul
1LRPA,1LMB,4,V36F;M40F;V47I,-2.2,ptmul
1LRPA,1LMB,4,V36F;M40F;V47I;L65F,-1.7,ptmul
1LRPA,1LMB,4,V36F;M40L,-1.4,ptmul
1LRPA,1LMB,4,V36I;M40V;V47I,-0.8,ptmul
1LRPA,1LMB,4,V36I;M40V;V47L,-0.9,ptmul
1LRPA,1LMB,4,V36L;M40L;V47I,0.2,ptmul
1LRPA,1LMB,4,V36L;M40V;V47I,-1.1,ptmul
1LRPA,1LMB,4,Y22H,-2.25,vb1432
1LRPA,1LMB,4,Y88C,2.4,vb1432
1LRPA,1LMB,4,Y88C;G46A;G48A,4.2,ptmul
1MGRA,1LNI,A,D17K,-1.1,s2648
1MGRA,1LNI,A,D25K,0.9,s2648
1MGRA,1LNI,A,D79A,2.48,s2648
1MGRA,1LNI,A,D79E,-0.4,s2648
1MGRA,1LNI,A,D79F,2.73,s2648
1MGRA,1LNI,A,D79H,1.7,s2648
1MGRA,1LNI,A,D79I,2.85,s2648
1MGRA,1LNI,A,D79K,2.35,s2648
1MGRA,1LNI,A,D79L,2.65,s2648
1MGRA,1LNI,A,D79N,1.46,s2648
1MGRA,1LNI,A,D79R,2.7,s2648
1MGRA,1LNI,A,D79W,2.25,s2648
1MGRA,1LNI,A,D79Y,2.9,s2648
1MGRA,1LNI,A,E41K,-1.11,s2648
1MGRA,1LNI,A,E54Q,-1.96,s2648
1MGRA,1LNI,A,E74K,0.84,s2648
1MGRA,1LNI,A,H85Q,0.0,s2648
1MGRA,1LNI,A,N39A,-2.2,s2648
1MGRA,1LNI,A,N39D,-1.5,s2648
1MGRA,1LNI,A,N39S,-2.3,s2648
1MGRA,1LNI,A,Q38A,0.74,s2648
1MGRA,1LNI,A,Q94K,0.56,s2648
1MGRA,1LNI,A,R65A,-1.13,s2648
1MGRA,1LNI,A,T16V,0.3,s2648
1MGRA,1LNI,A,T18V,-1.4,s2648
1MGRA,1LNI,A,T56V,-1.9,s2648
1MGRA,1LNI,A,T59V,-1.7,s2648
1MGRA,1LNI,A,T5V,0.0,s2648
1MGRA,1LNI,A,T67V,0.0,s2648
1MGRA,1LNI,A,T72V,-0.2,s2648
1MGRA,1LNI,A,T82V,-1.7,s2648
1MGRA,1LNI,A,V2T,-0.9,s2648
1MGRA,1LNI,A,V36T,-1.3,s2648
1MGRA,1LNI,A,V43T,-0.5,s2648
1MGRA,1LNI,A,V57T,-4.4,s2648
1MGRA,1LNI,A,Y30F,0.4,s2648
1MGRA,1LNI,A,Y49F,-0.2,s2648
1MGRA,1LNI,A,Y51F,-2.3,s2648
1MGRA,1LNI,A,Y52F,-3.6,s2648
1MGRA,1LNI,A,Y55F,-0.6,s2648
1MGRA,1LNI,A,Y80F,-1.5,s2648
1MGRA,1LNI,A,Y81F,-1.2,s2648
1MGRA,1LNI,A,Y86F,-0.3,s2648
62,1LPE,A,K146E,1.5,korpm
62,1LPE,A,R136S,0.2,korpm
62,1LPE,A,R145C,-0.1,korpm
1LS4A,1LS4,A,A140K,-1.69,broom
63,1LS4,A,A140K,-1.69,korpm
1LS4A,1LS4,A,L17K,-1.36,broom
63,1LS4,A,L17K,-1.36,korpm
1LS4A,1LS4,A,T144A,-1.32,broom
1LS4A,1LS4,A,T31A,0.6,broom
63,1LS4,A,T31A,0.6,korpm
1LS4A,1LS4,A,T31A;T144A,-1.06,ptmul
1EL1A,1LSN,A,A91S,0.2,ssym
1LUCA,1LUC,A,A81H,-2.7,s2648
1LUCA,1LUC,B,H81A,-2.1,s2648
1LUCA,1LUC,B,H82A,-2.7,s2648
2,1LVE,A,I106L,-1.2,korpm
1LVEA,1LVE,A,I106L,-0.51,s2648
2,1LVE,A,K30R,-1.0,korpm
1LVEA,1LVE,A,K30R,-0.55,s2648
2,1LVE,A,K30T,-1.3,korpm
1LVEA,1LVE,A,K30T,-1.33,s2648
2,1LVE,A,K39T,-2.6,korpm
1LVEA,1LVE,A,K39T,-2.29,s2648
2,1LVE,A,L15P,-1.5,korpm
1LVEA,1LVE,A,L27CN,-0.57,s2648
1LVEA,1LVE,A,L27CQ,0.63,s2648
2,1LVE,A,M4L,1.1,korpm
1LVEA,1LVE,A,M4L,1.04,s2648
1LVEA,1LVE,A,M4L;Y27DD,2.1,ptmul
1LVEA,1LVE,A,M4L;Y27DD;T94H,4.4,ptmul
1LVEA,1LVE,A,N28F,-2.41,s2648
2,1LVE,A,P40L,-1.7,korpm
1LVEA,1LVE,A,Q28N;Y27DD,1.9,ptmul
1LVEA,1LVE,A,Q38D;Y27DD,1.5,ptmul
2,1LVE,A,Q38N,-1.1,korpm
1LVEA,1LVE,A,Q38N,-1.6,s2648
1LVEA,1LVE,A,Q89D;Y27DD,2.6,ptmul
1LVEA,1LVE,A,Q89D;Y27DD;M4L;T94H,-1.2,ptmul
2,1LVE,A,Q89H,-0.8,korpm
1LVEA,1LVE,A,Q89H,-0.9,s2648
2,1LVE,A,Q89N,-1.6,korpm
1LVEA,1LVE,A,Q89N,-1.26,s2648
1LVEA,1LVE,A,Q89N;Y27DD,1.0,ptmul
1LVEA,1LVE,A,Q89N;Y27DD;M4L;T94H,3.3,ptmul
1LVEA,1LVE,A,S29N,0.39,s2648
2,1LVE,A,S97T,-0.3,korpm
1LVEA,1LVE,A,S97T,0.13,s2648
2,1LVE,A,T94H,0.7,korpm
1LVEA,1LVE,A,T94H,0.73,s2648
1LVEA,1LVE,A,V27BL,1.67,s2648
1LVEA,1LVE,A,Y27DD,2.19,s2648
1LVEA,1LVE,A,Y27DD;S29D,1.4,ptmul
1LVEA,1LVE,A,Y27DD;S29D;K30T,0.6,ptmul
2,1LVE,A,Y96P,-1.6,korpm
2,1LVE,A,Y96Q,-1.0,korpm
1LVEA,1LVE,A,Y96Q,-2.09,s2648
2LZMA,1LYE,A,V59T,1.5,ssym
2LZMA,1LYF,A,S59T,0.2,ssym
2LZMA,1LYG,A,N59T,1.1,ssym
2LZMA,1LYH,A,G59T,1.6,ssym
2LZMA,1LYI,A,D59T,1.2,ssym
2LZMA,1LYJ,A,A59T,1.5,ssym
1EL1A,1LZ1,A,A32L,-0.1,s2648
1EL1A,1LZ1,A,A32S,-0.33,s2648
1EL1A,1LZ1,A,A47P,0.1,ssym
1EL1A,1LZ1,A,A92S,0.81,s2648
1EL1A,1LZ1,A,A96M,0.02,s2648
1EL1A,1LZ1,A,A96S,-1.0,s2648
1EL1A,1LZ1,A,A9S,-0.02,s2648
1EL1A,1LZ1,A,C77A,-4.6,s2648
1EL1A,1LZ1,A,C77A,-4.6,ssym
1EL1A,1LZ1,A,C77A;C95A,-5.8,ptmul
1EL1A,1LZ1,A,D102N,-0.15,s2648
1EL1A,1LZ1,A,D102N,-0.67,vb1432
1EL1A,1LZ1,A,D120N,-0.17,s2648
1EL1A,1LZ1,A,D120N,-0.67,vb1432
1EL1A,1LZ1,A,D18N,-1.28,s2648
1EL1A,1LZ1,A,D18N,-1.7,vb1432
1EL1A,1LZ1,A,D49N,-0.65,s2648
1EL1A,1LZ1,A,D49N,-1.0,vb1432
1,1LZ1,A,D67H,-4.54,korpm
1EL1A,1LZ1,A,D67H,-3.73,s2648
1EL1A,1LZ1,A,D67N,-1.39,s2648
1EL1A,1LZ1,A,D67N,-2.25,vb1432
1EL1A,1LZ1,A,D91P,-0.4,ssym
1EL1A,1LZ1,A,E35L,-0.53,s2648
1EL1A,1LZ1,A,E7Q,-0.94,s2648
1EL1A,1LZ1,A,E7Q,-1.43,vb1432
1EL1A,1LZ1,A,G105A,-0.62,s2648
1EL1A,1LZ1,A,G127A,-0.55,s2648
1EL1A,1LZ1,A,G129A,0.14,s2648
1EL1A,1LZ1,A,G16A,-1.39,s2648
1EL1A,1LZ1,A,G19A,-1.77,s2648
1EL1A,1LZ1,A,G22A,-1.79,s2648
1EL1A,1LZ1,A,G37A,-0.29,s2648
1,1LZ1,A,G37Q,-0.86,korpm
1EL1A,1LZ1,A,G37Q,-0.4,s2648
1EL1A,1LZ1,A,G48A,0.45,s2648
1EL1A,1LZ1,A,G68A,-0.12,s2648
1EL1A,1LZ1,A,G72A,-0.36,s2648
1EL1A,1LZ1,A,H78A,-0.14,s2648
1,1LZ1,A,H78G,-0.53,korpm
1EL1A,1LZ1,A,H78G,-0.21,s2648
1EL1A,1LZ1,A,I106A,-0.93,s2648
1EL1A,1LZ1,A,I106A,-0.9,ssym
1EL1A,1LZ1,A,I106V,-0.72,s2648
1EL1A,1LZ1,A,I106V,-0.7,ssym
1EL1A,1LZ1,A,I23A,-2.54,s2648
1EL1A,1LZ1,A,I23A,-2.5,ssym
1EL1A,1LZ1,A,I23V,-0.36,s2648
1EL1A,1LZ1,A,I23V,-0.4,ssym
1EL1A,1LZ1,A,I56A,-3.71,s2648
1EL1A,1LZ1,A,I56A,-3.7,ssym
1EL1A,1LZ1,A,I56F,-4.09,s2648
1EL1A,1LZ1,A,I56L,-0.1,s2648
1EL1A,1LZ1,A,I56M,-1.77,s2648
1EL1A,1LZ1,A,I56T,-4.31,s2648
1EL1A,1LZ1,A,I56T,-3.6,ssym
1EL1A,1LZ1,A,I56V,-1.2,s2648
1EL1A,1LZ1,A,I56V,-1.2,ssym
1EL1A,1LZ1,A,I59A,-1.72,s2648
1EL1A,1LZ1,A,I59A,-1.7,ssym
1EL1A,1LZ1,A,I59F,-0.81,s2648
1EL1A,1LZ1,A,I59G,-3.83,s2648
1EL1A,1LZ1,A,I59G,-3.8,ssym
1EL1A,1LZ1,A,I59L,0.0,s2648
1EL1A,1LZ1,A,I59M,-1.29,s2648
1EL1A,1LZ1,A,I59S,-3.59,s2648
1EL1A,1LZ1,A,I59T,-2.22,s2648
1EL1A,1LZ1,A,I59V,-1.1,s2648
1EL1A,1LZ1,A,I59V,-1.1,ssym
1EL1A,1LZ1,A,I59Y,-3.78,s2648
1EL1A,1LZ1,A,I89A,-2.7,s2648
1EL1A,1LZ1,A,I89A,-2.7,ssym
1EL1A,1LZ1,A,I89V,-0.48,s2648
1EL1A,1LZ1,A,I89V,-0.5,ssym
1EL1A,1LZ1,A,K1A,-0.6,s2648
1EL1A,1LZ1,A,K1M,-0.12,s2648
1EL1A,1LZ1,A,L8T,-3.73,s2648
1EL1A,1LZ1,A,N118A,0.19,s2648
1EL1A,1LZ1,A,N118G,0.05,s2648
1EL1A,1LZ1,A,P103G,-0.1,ssym
1EL1A,1LZ1,A,P71G,-1.6,ssym
1EL1A,1LZ1,A,P71G;P103G,-1.1,ptmul
1EL1A,1LZ1,A,Q58A,0.91,s2648
1,1LZ1,A,Q58G,2.06,korpm
1EL1A,1LZ1,A,Q58G,1.91,s2648
1EL1A,1LZ1,A,R21A,1.32,s2648
1EL1A,1LZ1,A,R21G,1.15,s2648
1EL1A,1LZ1,A,R50A,0.43,s2648
1,1LZ1,A,R50G,0.53,korpm
1EL1A,1LZ1,A,R50G,0.32,s2648
1EL1A,1LZ1,A,V100A,-0.26,s2648
1EL1A,1LZ1,A,V100A,-0.3,ssym
1EL1A,1LZ1,A,V100F,-1.65,s2648
1EL1A,1LZ1,A,V100T,-0.29,s2648
1EL1A,1LZ1,A,V110A,0.53,s2648
1EL1A,1LZ1,A,V110A,0.5,ssym
1EL1A,1LZ1,A,V110D,0.17,s2648
1EL1A,1LZ1,A,V110D,0.2,ssym
1EL1A,1LZ1,A,V110F,-0.05,s2648
1EL1A,1LZ1,A,V110F,-0.05,ssym
1EL1A,1LZ1,A,V110G,0.48,s2648
1EL1A,1LZ1,A,V110G,0.48,ssym
1EL1A,1LZ1,A,V110I,0.86,s2648
1EL1A,1LZ1,A,V110I,0.86,ssym
1EL1A,1LZ1,A,V110L,0.07,s2648
1EL1A,1LZ1,A,V110L,0.1,ssym
1EL1A,1LZ1,A,V110M,0.53,s2648
1EL1A,1LZ1,A,V110M,0.4,ssym
1EL1A,1LZ1,A,V110N,0.07,s2648
1EL1A,1LZ1,A,V110N,0.1,ssym
1EL1A,1LZ1,A,V110P,0.5,ssym
1EL1A,1LZ1,A,V110R,0.89,s2648
1EL1A,1LZ1,A,V110R,0.9,ssym
1EL1A,1LZ1,A,V110Y,-0.14,s2648
1EL1A,1LZ1,A,V110Y,-0.1,ssym
1EL1A,1LZ1,A,V121A,-1.44,s2648
1EL1A,1LZ1,A,V121A,-1.4,ssym
1EL1A,1LZ1,A,V125A,-1.32,s2648
1EL1A,1LZ1,A,V125A,-1.3,ssym
1EL1A,1LZ1,A,V130A,-0.84,s2648
1EL1A,1LZ1,A,V130A,-0.8,ssym
1EL1A,1LZ1,A,V2A,-1.51,s2648
1EL1A,1LZ1,A,V2A,-1.5,ssym
1EL1A,1LZ1,A,V2D,-1.44,s2648
1EL1A,1LZ1,A,V2D,-1.4,ssym
1EL1A,1LZ1,A,V2F,-0.86,s2648
1EL1A,1LZ1,A,V2F,-0.8,ssym
1EL1A,1LZ1,A,V2G,-2.3,s2648
1EL1A,1LZ1,A,V2G,-2.29,ssym
1EL1A,1LZ1,A,V2I,1.1,s2648
1EL1A,1LZ1,A,V2L,-0.05,s2648
1EL1A,1LZ1,A,V2L,-0.05,ssym
1EL1A,1LZ1,A,V2M,-0.31,s2648
1EL1A,1LZ1,A,V2M,-0.2,ssym
1EL1A,1LZ1,A,V2N,-1.34,s2648
1EL1A,1LZ1,A,V2N,-1.3,ssym
1EL1A,1LZ1,A,V2R,-0.38,s2648
1EL1A,1LZ1,A,V2R,-0.4,ssym
1EL1A,1LZ1,A,V2S,-1.41,s2648
1EL1A,1LZ1,A,V2S,-1.4,ssym
1EL1A,1LZ1,A,V2Y,-0.36,s2648
1EL1A,1LZ1,A,V2Y,-0.4,ssym
1EL1A,1LZ1,A,V74A,-0.36,s2648
1EL1A,1LZ1,A,V74A,-0.4,ssym
1EL1A,1LZ1,A,V74D,-0.43,s2648
1EL1A,1LZ1,A,V74D,-0.4,ssym
1EL1A,1LZ1,A,V74F,-0.29,s2648
1EL1A,1LZ1,A,V74F,0.0,ssym
1EL1A,1LZ1,A,V74G,-0.22,s2648
1EL1A,1LZ1,A,V74G,-0.1,ssym
1EL1A,1LZ1,A,V74I,0.45,s2648
1EL1A,1LZ1,A,V74I,0.45,ssym
1EL1A,1LZ1,A,V74L,0.19,s2648
1EL1A,1LZ1,A,V74L,0.19,ssym
1EL1A,1LZ1,A,V74M,0.65,s2648
1EL1A,1LZ1,A,V74M,0.65,ssym
1EL1A,1LZ1,A,V74N,-0.33,s2648
1EL1A,1LZ1,A,V74N,-0.3,ssym
1EL1A,1LZ1,A,V74R,-0.07,s2648
1EL1A,1LZ1,A,V74R,-0.1,ssym
1EL1A,1LZ1,A,V74S,-0.38,s2648
1EL1A,1LZ1,A,V74S,-0.4,ssym
1EL1A,1LZ1,A,V74Y,-0.24,s2648
1EL1A,1LZ1,A,V74Y,-0.3,ssym
1EL1A,1LZ1,A,V93A,-0.74,s2648
1EL1A,1LZ1,A,V93A,-0.7,ssym
1EL1A,1LZ1,A,V93T,-0.67,s2648
1EL1A,1LZ1,A,V99A,-0.98,s2648
1EL1A,1LZ1,A,V99A,-1.0,ssym
1EL1A,1LZ1,A,V99T,-0.5,s2648
1EL1A,1LZ1,A,W64C;C65A,-2.2,ptmul
1EL1A,1LZ1,A,Y124F,-0.36,s2648
1EL1A,1LZ1,A,Y124F,-0.4,ssym
1EL1A,1LZ1,A,Y20F,-0.5,s2648
1EL1A,1LZ1,A,Y20F,-0.5,ssym
1EL1A,1LZ1,A,Y38A,-2.49,s2648
1EL1A,1LZ1,A,Y38F,-0.19,s2648
1EL1A,1LZ1,A,Y38F,-0.2,ssym
1EL1A,1LZ1,A,Y38G,-2.32,s2648
1EL1A,1LZ1,A,Y45F,0.07,s2648
1EL1A,1LZ1,A,Y45F,0.1,ssym
1EL1A,1LZ1,A,Y54F,-0.96,s2648
1EL1A,1LZ1,A,Y54F,-1.0,ssym
1EL1A,1LZ1,A,Y63F,-0.24,s2648
1EL1A,1LZ1,A,Y63F,-0.2,ssym
1MBGA,1MBG,A,V103A,-2.32,s2648
1MBGA,1MBG,A,V103A,-1.87,vb1432
64,1MBG,A,V103I,0.69,korpm
1MBGA,1MBG,A,V103I,0.69,s2648
1MBGA,1MBG,A,V103I,0.72,vb1432
64,1MBG,A,V103L,2.44,korpm
1MBGA,1MBG,A,V103L,2.08,s2648
1MBGA,1MBG,A,V103L,2.49,vb1432
1MGRA,1MGR,A,Y11F,-0.6,s2648
1MGRA,1MGR,A,Y11F,-0.6,vb1432
1MGRA,1MGR,A,Y33F,0.5,s2648
1MGRA,1MGR,A,Y33F,0.5,vb1432
1MGRA,1MGR,A,Y54F,-2.6,broom
1MGRA,1MGR,A,Y54F,-2.6,s2648
1MGRA,1MGR,A,Y54F,-2.6,vb1432
1MGRA,1MGR,A,Y55F,-2.1,s2648
1MGRA,1MGR,A,Y55F,-2.1,vb1432
1MGRA,1MGR,A,Y58F,-0.7,s2648
1MGRA,1MGR,A,Y58F,-0.7,vb1432
1MGRA,1MGR,A,Y83F,-1.5,s2648
1MGRA,1MGR,A,Y83F,-1.5,vb1432
1MGRA,1MGR,A,Y84F,-1.0,broom
24,1MGR,A,Y84F,-1.0,korpm
1MGRA,1MGR,A,Y84F,-1.0,s2648
1MGRA,1MGR,A,Y84F,-1.0,vb1432
1MGRA,1MGR,A,Y89F,0.0,s2648
1MGRA,1MGR,A,Y89F,0.0,vb1432
7,1MJC,A,F18L,-1.0,korpm
1MJCA,1MJC,A,F18L,-1.0,s2648
1MJCA,1MJC,A,F18L;F20L,-0.88,ptmul
1MJCA,1MJC,A,F18L;F20L;F31L,-0.88,ptmul
1MJCA,1MJC,A,F18L;F31L,-1.56,ptmul
7,1MJC,A,F18S,-1.54,korpm
1MJCA,1MJC,A,F18S,-1.54,s2648
1MJCA,1MJC,A,F18S;F20S,-1.97,ptmul
1MJCA,1MJC,A,F18S;F20S;F31S,-1.77,ptmul
1MJCA,1MJC,A,F18S;F31S,-1.39,ptmul
1MJCA,1MJC,A,F20L,-0.31,broom
7,1MJC,A,F20L,-0.31,korpm
1MJCA,1MJC,A,F20L,-0.31,s2648
1MJCA,1MJC,A,F20L;F31L,-0.48,ptmul
1MJCA,1MJC,A,F20S,-1.16,broom
7,1MJC,A,F20S,-1.16,korpm
1MJCA,1MJC,A,F20S,-1.16,s2648
1MJCA,1MJC,A,F20S;F31S,-0.96,ptmul
1MJCA,1MJC,A,F31L,-0.66,s2648
1MJCA,1MJC,A,F31S,-1.03,broom
7,1MJC,A,F31S,-1.03,korpm
1MJCA,1MJC,A,F31S,-1.03,s2648
1MJCA,1MJC,A,S52W,-0.2,broom
7,1MJC,A,S52W,-0.2,korpm
1MJCA,1MJC,A,S52W,-0.2,s2648
7,1MJC,A,T68W,0.7,korpm
1MJCA,1MJC,A,T68W,0.7,s2648
7,1MJC,A,Y42W,0.1,korpm
1MJCA,1MJC,A,Y42W,0.15,s2648
65,1MSI,A,D36A,0.95,korpm
1MSIA,1MSI,A,D36A,0.3,s2648
1MSIA,1MSI,A,D36A;R39A,-0.69,ptmul
1MSIA,1MSI,A,D58N,-0.06,broom
1MSIA,1MSI,A,D58N,-0.2,s2648
1MSIA,1MSI,A,E25A,-0.02,broom
65,1MSI,A,E25A,0.02,korpm
1MSIA,1MSI,A,E25A,-0.09,s2648
1MSIA,1MSI,A,R23A,-0.89,s2648
1MSIA,1MSI,A,R23A;E25A,-0.5,ptmul
1MSIA,1MSI,A,R39A,-0.8,s2648
1MSIA,1MSI,A,R47A,-0.56,broom
65,1MSI,A,R47A,-0.67,korpm
1MSIA,1MSI,A,R47A,-0.74,s2648
1MSIA,1MSI,A,R47A;D58N,-0.58,ptmul
1A5EA,1MX2,A,N71F,-0.7,ssym
1A5EA,1MX4,A,Q82F,0.4,ssym
1A5EA,1MX6,A,N92F,1.1,ssym
1N0JA,1N0J,A,I58T,-2.95,s2648
1N0JA,1N0J,A,I58T,-2.7,vb1432
1N0JA,1N0J,A,Q143N,1.04,s2648
1N0JA,1N0J,A,Q143N,0.06,vb1432
1N0JA,1N0J,A,Y34F,4.75,s2648
1N0JA,1N0J,A,Y34F,3.1,vb1432
66,1N18,A,E100G,-2.5,korpm
66,1N18,A,G85R,-1.2,korpm
67,1N88,A,F21A,-1.39,korpm
67,1N88,A,I8V,-1.52,korpm
67,1N88,A,Y18A,0.06,korpm
67,1N88,A,Y26A,-4.61,korpm
1BPIA,1NAG,A,G43N,5.7,ssym
68,1NFI,E,A127V,0.3,korpm
68,1NFI,E,C186P,0.7,korpm
68,1NFI,E,G194A,-1.1,korpm
68,1NFI,E,L131V,-1.8,korpm
68,1NFI,E,L163V,-1.3,korpm
68,1NFI,E,T113S,-0.9,korpm
68,1NFI,E,T146S,-1.6,korpm
68,1NFI,E,T164L,0.8,korpm
68,1NFI,E,T185S,-0.8,korpm
68,1NFI,E,V160A,0.2,korpm
68,1NFI,E,V203L,0.8,korpm
69,1O6X,A,A50G,-1.55,korpm
69,1O6X,A,D38A,0.18,korpm
69,1O6X,A,E20G,-1.21,korpm
69,1O6X,A,F39L,-1.99,korpm
69,1O6X,A,F65A,-1.29,korpm
69,1O6X,A,I23V,0.16,korpm
69,1O6X,A,I75A,-1.6,korpm
69,1O6X,A,N58A,-0.24,korpm
69,1O6X,A,Q60G,-0.45,korpm
69,1O6X,A,V64G,-0.8,korpm
69,1O6X,A,Y73L,-2.94,korpm
1OH0A,1OH0,A,V101L,-1.72,s2648
1OH0A,1OH0,A,Y16F,-1.79,s2648
1OH0A,1OH0,A,Y32F,0.2,s2648
1OH0A,1OH0,A,Y32F,0.2,ssym
1OH0A,1OH0,A,Y57F,-1.22,s2648
1OH0A,1OH0,A,Y57F,-1.2,ssym
1OH0A,1OH0,A,Y57S,-4.53,s2648
23,1OIA,A,F56W,1.1,korpm
23,1OIA,A,F56Y,0.2,korpm
23,1OIA,A,G53V,0.2,korpm
1OIAA,1OIA,A,N15E;Q39E;N67E;Q85K,0.98,ptmul
23,1OIA,A,Q54E,0.3,korpm
23,1OIA,A,Q54N,-0.6,korpm
23,1OIA,A,Y13F,-0.7,korpm
1OIAA,1OIA,A,Y13F,-0.7,s2648
23,1OIA,A,Y13T,-1.3,korpm
1OIAA,1OIA,A,Y13T,-1.3,s2648
1OIAA,1OIA,A,Y31F,0.0,s2648
23,1OIA,A,Y31S,-2.3,korpm
1OIAA,1OIA,A,Y31S,-2.3,s2648
1OIAA,1OIA,A,Y78D,-5.1,broom
23,1OIA,A,Y78D,-5.1,korpm
1OIAA,1OIA,A,Y78F,0.0,broom
1OIAA,1OIA,A,Y78F,0.0,s2648
1OIAA,1OIA,A,Y86F,-2.6,s2648
1OIAA,1OIA,A,Y86T,-2.9,broom
23,1OIA,A,Y86T,-2.9,korpm
1OIAA,1OIA,A,Y86T,-2.9,s2648
1ONCA,1ONC,A,C87A;C104A,-7.65,ptmul
1ONCA,1ONC,A,F28A,-5.0,s2648
1ONCA,1ONC,A,F28T,-5.31,broom
1ONCA,1ONC,A,F36Y,-4.67,s2648
70,1ONC,A,M23L,-2.63,korpm
1ONCA,1ONC,A,M23L,-2.76,s2648
1ONCA,1ONC,A,M23L,2.32,vb1432
2,1OPG,L,E2I,0.67,korpm
2,1OPG,L,S102T,0.72,korpm
71,1OSI,A,S92F,0.39,korpm
71,1OSI,A,V126M,-2.25,korpm
1AARA,1OTR,B,E34D,-1.0,s2648
1AARA,1OTR,B,E34K;K11A,-1.77,ptmul
1AARA,1OTR,B,E34K;K11E,-0.53,ptmul
1AARA,1OTR,B,E34L,0.96,s2648
1AARA,1OTR,B,E34S,-0.6,s2648
1AARA,1OTR,B,E34S;K11E,0.45,ptmul
1AARA,1OTR,B,I30F,-3.32,s2648
1AARA,1OTR,B,I30F;I36L,-3.32,ptmul
1AARA,1OTR,B,I30F;I36V,-3.18,ptmul
1AARA,1OTR,B,I30L,-1.96,s2648
1AARA,1OTR,B,I30L;I36F,-1.29,ptmul
1AARA,1OTR,B,I30L;I36L,-1.94,ptmul
1AARA,1OTR,B,I30L;I36V,-1.41,ptmul
1AARA,1OTR,B,I30V,-1.58,s2648
1AARA,1OTR,B,I30V;I36F,-2.49,ptmul
1AARA,1OTR,B,I30V;I36L,-1.58,ptmul
1AARA,1OTR,B,I30V;I36V,-1.86,ptmul
1AARA,1OTR,B,I36F,-0.86,s2648
1AARA,1OTR,B,I36L,-1.32,s2648
1AARA,1OTR,B,I36V,-0.79,s2648
1AARA,1OTR,B,K11A,-0.14,s2648
1AARA,1OTR,B,K11A;E34L,1.65,ptmul
1AARA,1OTR,B,K11A;E34S,0.12,ptmul
1EL1A,1OUA,A,T56I,3.6,ssym
1EL1A,1OUB,A,A100V,0.3,ssym
1EL1A,1OUC,A,A110V,-0.5,ssym
1EL1A,1OUD,A,A121V,1.4,ssym
1EL1A,1OUE,A,A125V,1.3,ssym
1EL1A,1OUF,A,A130V,0.8,ssym
1EL1A,1OUG,A,A2V,1.5,ssym
1EL1A,1OUH,A,A74V,0.4,ssym
1EL1A,1OUI,A,A93V,0.7,ssym
1EL1A,1OUJ,A,A99V,1.0,ssym
2LZMA,1P2L,A,I87V,0.3,ssym
1P2PA,1P2P,A,H48K,-2.12,s2648
1P2PA,1P2P,A,H48N,-1.69,s2648
1P2PA,1P2P,A,H48Q,-0.64,s2648
2LZMA,1P2R,A,V78I,0.8,ssym
2LZMA,1P36,A,V100I,0.4,ssym
2LZMA,1P46,A,I106M,-0.2,ssym
2LZMA,1P64,A,F133L,0.3,ssym
2LZMA,1P6Y,A,Y120M,0.1,ssym
2LZMA,1P7S,A,I103V,0.5,ssym
1PDOA,1PDO,A,W12F,1.79,s2648
1PDOA,1PDO,A,W33F,-1.08,s2648
1PDOA,1PDO,A,W69F,-2.15,s2648
72,1PFL,A,C70G,-0.59,korpm
72,1PFL,A,E116G,0.15,korpm
72,1PFL,A,G117V,-1.96,korpm
72,1PFL,A,M113T,-2.52,korpm
73,1PGA,A,A20D,-1.646,korpm
73,1PGA,A,A20E,-0.582,korpm
73,1PGA,A,A20F,-1.732,korpm
73,1PGA,A,A20H,-1.914,korpm
73,1PGA,A,A20I,-1.861,korpm
73,1PGA,A,A20K,-1.77,korpm
73,1PGA,A,A20M,-1.43,korpm
73,1PGA,A,A20N,-2.851,korpm
73,1PGA,A,A20P,-3.48,korpm
73,1PGA,A,A20Q,0.116,korpm
73,1PGA,A,A20R,-1.467,korpm
73,1PGA,A,A20S,-0.202,korpm
73,1PGA,A,A20T,-0.947,korpm
73,1PGA,A,A20Y,-1.938,korpm
73,1PGA,A,A23D,-0.439,korpm
73,1PGA,A,A23E,0.044,korpm
73,1PGA,A,A23F,0.585,korpm
73,1PGA,A,A23H,-0.196,korpm
73,1PGA,A,A23I,0.564,korpm
73,1PGA,A,A23K,0.479,korpm
73,1PGA,A,A23L,0.223,korpm
73,1PGA,A,A23M,0.51,korpm
73,1PGA,A,A23N,-0.194,korpm
1PGAA,1PGA,A,A23P,-0.3,broom
73,1PGA,A,A23P,-0.3,korpm
1PGAA,1PGA,A,A23P,-0.3,vb1432
73,1PGA,A,A23Q,0.796,korpm
73,1PGA,A,A23R,0.594,korpm
73,1PGA,A,A23S,0.162,korpm
73,1PGA,A,A23T,0.318,korpm
73,1PGA,A,A23V,0.377,korpm
73,1PGA,A,A23Y,0.381,korpm
73,1PGA,A,A24D,0.268,korpm
73,1PGA,A,A24E,0.668,korpm
73,1PGA,A,A24F,0.618,korpm
73,1PGA,A,A24G,0.148,korpm
73,1PGA,A,A24H,-0.387,korpm
73,1PGA,A,A24I,0.553,korpm
73,1PGA,A,A24K,0.775,korpm
73,1PGA,A,A24L,0.27,korpm
73,1PGA,A,A24M,0.406,korpm
73,1PGA,A,A24N,-0.239,korpm
1PGAA,1PGA,A,A24P,-0.5,broom
73,1PGA,A,A24P,-0.186,korpm
1PGAA,1PGA,A,A24P,-0.5,vb1432
73,1PGA,A,A24Q,0.046,korpm
73,1PGA,A,A24R,0.537,korpm
73,1PGA,A,A24S,0.219,korpm
73,1PGA,A,A24T,0.232,korpm
73,1PGA,A,A24V,0.193,korpm
73,1PGA,A,A24Y,0.443,korpm
73,1PGA,A,A26G,-2.96,korpm
1PGAA,1PGA,A,A26P,-3.4,broom
73,1PGA,A,A26P,-3.4,korpm
73,1PGA,A,A26S,-2.33,korpm
73,1PGA,A,A34E,-2.604,korpm
73,1PGA,A,A34F,-1.853,korpm
73,1PGA,A,A34H,-3.191,korpm
73,1PGA,A,A34I,-0.67,korpm
73,1PGA,A,A34K,-2.81,korpm
73,1PGA,A,A34L,0.112,korpm
73,1PGA,A,A34M,-0.454,korpm
73,1PGA,A,A34N,-1.461,korpm
73,1PGA,A,A34Q,-2.332,korpm
73,1PGA,A,A34R,-2.928,korpm
73,1PGA,A,A34S,-0.532,korpm
73,1PGA,A,A34T,-0.382,korpm
73,1PGA,A,A34V,0.015,korpm
73,1PGA,A,A34Y,-1.998,korpm
73,1PGA,A,A48D,0.351,korpm
73,1PGA,A,A48E,0.459,korpm
73,1PGA,A,A48F,0.004,korpm
73,1PGA,A,A48H,-0.083,korpm
73,1PGA,A,A48I,0.065,korpm
73,1PGA,A,A48K,0.499,korpm
73,1PGA,A,A48L,0.514,korpm
73,1PGA,A,A48M,-0.037,korpm
73,1PGA,A,A48N,0.135,korpm
1PGAA,1PGA,A,A48P,-0.7,broom
73,1PGA,A,A48P,-0.7,korpm
1PGAA,1PGA,A,A48P,-0.7,vb1432
73,1PGA,A,A48Q,0.538,korpm
73,1PGA,A,A48R,0.122,korpm
73,1PGA,A,A48S,0.287,korpm
73,1PGA,A,A48T,0.155,korpm
73,1PGA,A,A48V,0.334,korpm
73,1PGA,A,A48Y,0.413,korpm
73,1PGA,A,D22E,-0.821,korpm
73,1PGA,A,D22F,-1.075,korpm
73,1PGA,A,D22G,-1.028,korpm
1PGAA,1PGA,A,D22G,-1.52,s2648
73,1PGA,A,D22H,-0.986,korpm
73,1PGA,A,D22I,-2.207,korpm
73,1PGA,A,D22K,-1.217,korpm
73,1PGA,A,D22L,-1.175,korpm
73,1PGA,A,D22M,-1.346,korpm
73,1PGA,A,D22N,0.21,korpm
73,1PGA,A,D22P,-2.932,korpm
73,1PGA,A,D22Q,-1.206,korpm
73,1PGA,A,D22R,-1.47,korpm
73,1PGA,A,D22S,0.625,korpm
73,1PGA,A,D22T,-0.436,korpm
73,1PGA,A,D22V,-1.426,korpm
73,1PGA,A,D22Y,-1.166,korpm
73,1PGA,A,D36E,1.051,korpm
73,1PGA,A,D36F,-0.059,korpm
73,1PGA,A,D36G,-0.951,korpm
73,1PGA,A,D36H,-0.095,korpm
73,1PGA,A,D36I,0.277,korpm
73,1PGA,A,D36K,0.198,korpm
73,1PGA,A,D36L,0.292,korpm
73,1PGA,A,D36M,0.498,korpm
73,1PGA,A,D36N,0.493,korpm
1PGAA,1PGA,A,D36P,-3.1,broom
73,1PGA,A,D36P,-3.1,korpm
1PGAA,1PGA,A,D36P,-3.1,vb1432
73,1PGA,A,D36Q,0.409,korpm
73,1PGA,A,D36R,0.408,korpm
73,1PGA,A,D36S,0.463,korpm
73,1PGA,A,D36T,-0.201,korpm
73,1PGA,A,D36V,0.3,korpm
73,1PGA,A,D36Y,0.435,korpm
73,1PGA,A,D40A,0.115,korpm
73,1PGA,A,D40E,0.501,korpm
73,1PGA,A,D40F,0.824,korpm
73,1PGA,A,D40I,0.589,korpm
73,1PGA,A,D40K,0.548,korpm
73,1PGA,A,D40L,0.17,korpm
73,1PGA,A,D40M,0.458,korpm
73,1PGA,A,D40N,0.669,korpm
73,1PGA,A,D40P,-1.723,korpm
73,1PGA,A,D40Q,0.718,korpm
73,1PGA,A,D40R,0.554,korpm
73,1PGA,A,D40S,0.563,korpm
73,1PGA,A,D40T,0.571,korpm
73,1PGA,A,D40V,0.587,korpm
73,1PGA,A,D40Y,0.844,korpm
1PGAA,1PGA,A,D46A,-1.36,vb1432
73,1PGA,A,D46E,-0.049,korpm
73,1PGA,A,D46F,-0.524,korpm
73,1PGA,A,D46G,-2.667,korpm
73,1PGA,A,D46H,-0.84,korpm
73,1PGA,A,D46I,-0.568,korpm
73,1PGA,A,D46K,-0.608,korpm
73,1PGA,A,D46L,-0.526,korpm
73,1PGA,A,D46M,-0.842,korpm
73,1PGA,A,D46N,0.472,korpm
73,1PGA,A,D46Q,-0.383,korpm
73,1PGA,A,D46R,-1.716,korpm
73,1PGA,A,D46S,-0.198,korpm
73,1PGA,A,D46T,-0.804,korpm
73,1PGA,A,D46V,-0.512,korpm
73,1PGA,A,D46Y,-1.309,korpm
73,1PGA,A,D47A,0.36,korpm
1PGAA,1PGA,A,D47A,0.36,vb1432
73,1PGA,A,D47E,0.688,korpm
73,1PGA,A,D47F,0.581,korpm
73,1PGA,A,D47G,0.25,korpm
73,1PGA,A,D47H,-0.173,korpm
73,1PGA,A,D47I,0.742,korpm
73,1PGA,A,D47K,0.326,korpm
73,1PGA,A,D47L,-0.332,korpm
73,1PGA,A,D47M,-0.755,korpm
73,1PGA,A,D47P,0.899,korpm
73,1PGA,A,D47Q,0.585,korpm
73,1PGA,A,D47R,0.176,korpm
73,1PGA,A,D47S,0.456,korpm
73,1PGA,A,D47T,-0.066,korpm
73,1PGA,A,D47V,-0.006,korpm
73,1PGA,A,D47Y,0.355,korpm
73,1PGA,A,E15A,0.415,korpm
73,1PGA,A,E15D,-0.193,korpm
73,1PGA,A,E15F,0.566,korpm
73,1PGA,A,E15G,-0.219,korpm
73,1PGA,A,E15H,-0.252,korpm
73,1PGA,A,E15I,0.603,korpm
73,1PGA,A,E15K,0.13,korpm
73,1PGA,A,E15L,0.156,korpm
73,1PGA,A,E15M,0.719,korpm
73,1PGA,A,E15N,0.163,korpm
73,1PGA,A,E15P,-1.979,korpm
73,1PGA,A,E15Q,0.875,korpm
73,1PGA,A,E15R,0.276,korpm
73,1PGA,A,E15S,0.165,korpm
73,1PGA,A,E15T,0.012,korpm
73,1PGA,A,E15V,0.922,korpm
73,1PGA,A,E15Y,0.664,korpm
73,1PGA,A,E19D,0.204,korpm
73,1PGA,A,E19F,0.841,korpm
73,1PGA,A,E19G,-1.472,korpm
73,1PGA,A,E19H,0.019,korpm
73,1PGA,A,E19I,0.934,korpm
73,1PGA,A,E19K,0.42,korpm
73,1PGA,A,E19L,0.369,korpm
73,1PGA,A,E19M,0.187,korpm
73,1PGA,A,E19N,0.64,korpm
73,1PGA,A,E19P,-0.778,korpm
73,1PGA,A,E19Q,0.516,korpm
73,1PGA,A,E19R,0.724,korpm
73,1PGA,A,E19S,0.105,korpm
73,1PGA,A,E19T,0.651,korpm
73,1PGA,A,E19V,-0.093,korpm
73,1PGA,A,E19Y,0.774,korpm
73,1PGA,A,E27A,0.406,korpm
73,1PGA,A,E27D,-0.716,korpm
73,1PGA,A,E27F,1.915,korpm
73,1PGA,A,E27G,0.006,korpm
73,1PGA,A,E27I,0.099,korpm
73,1PGA,A,E27K,0.83,korpm
73,1PGA,A,E27L,1.815,korpm
73,1PGA,A,E27M,0.927,korpm
73,1PGA,A,E27N,-1.638,korpm
73,1PGA,A,E27Q,0.442,korpm
73,1PGA,A,E27R,0.437,korpm
73,1PGA,A,E27S,-0.359,korpm
73,1PGA,A,E27T,-1.036,korpm
73,1PGA,A,E27V,-0.915,korpm
73,1PGA,A,E27Y,0.264,korpm
73,1PGA,A,E42A,0.676,korpm
73,1PGA,A,E42D,0.609,korpm
73,1PGA,A,E42F,0.625,korpm
73,1PGA,A,E42H,0.031,korpm
73,1PGA,A,E42I,1.191,korpm
73,1PGA,A,E42K,0.648,korpm
73,1PGA,A,E42L,0.607,korpm
73,1PGA,A,E42M,0.416,korpm
73,1PGA,A,E42N,0.248,korpm
73,1PGA,A,E42P,-1.255,korpm
73,1PGA,A,E42Q,0.714,korpm
73,1PGA,A,E42R,0.554,korpm
73,1PGA,A,E42S,0.006,korpm
73,1PGA,A,E42T,0.127,korpm
73,1PGA,A,E42V,0.276,korpm
73,1PGA,A,E42Y,0.694,korpm
73,1PGA,A,E56D,-0.105,korpm
73,1PGA,A,E56F,1.03,korpm
73,1PGA,A,E56H,-1.057,korpm
73,1PGA,A,E56I,0.019,korpm
73,1PGA,A,E56L,-0.142,korpm
73,1PGA,A,E56M,-0.287,korpm
73,1PGA,A,E56N,0.13,korpm
73,1PGA,A,E56P,-0.657,korpm
73,1PGA,A,E56Q,0.208,korpm
73,1PGA,A,E56R,-1.339,korpm
73,1PGA,A,E56S,-0.169,korpm
73,1PGA,A,E56T,-0.204,korpm
73,1PGA,A,E56V,-0.248,korpm
73,1PGA,A,E56Y,0.68,korpm
73,1PGA,A,F30D,-0.504,korpm
73,1PGA,A,F30L,-0.482,korpm
73,1PGA,A,F30M,-1.663,korpm
73,1PGA,A,F30R,-0.278,korpm
73,1PGA,A,F30V,-2.531,korpm
73,1PGA,A,F30Y,0.914,korpm
73,1PGA,A,F52A,-1.07,korpm
73,1PGA,A,F52G,-2.27,korpm
73,1PGA,A,F52H,-2.656,korpm
73,1PGA,A,F52I,-0.243,korpm
73,1PGA,A,F52M,-2.706,korpm
73,1PGA,A,F52P,-1.719,korpm
73,1PGA,A,F52V,-2.992,korpm
73,1PGA,A,F52Y,-0.343,korpm
73,1PGA,A,G14A,0.512,korpm
73,1PGA,A,G14D,0.104,korpm
73,1PGA,A,G14E,0.531,korpm
73,1PGA,A,G14F,0.67,korpm
73,1PGA,A,G14H,0.084,korpm
73,1PGA,A,G14I,0.807,korpm
73,1PGA,A,G14K,0.718,korpm
73,1PGA,A,G14L,1.25,korpm
73,1PGA,A,G14M,0.94,korpm
73,1PGA,A,G14N,0.025,korpm
73,1PGA,A,G14P,-0.877,korpm
73,1PGA,A,G14Q,0.518,korpm
73,1PGA,A,G14R,0.873,korpm
73,1PGA,A,G14S,0.512,korpm
73,1PGA,A,G14T,0.39,korpm
73,1PGA,A,G14V,0.52,korpm
73,1PGA,A,G14Y,0.243,korpm
73,1PGA,A,G38D,0.052,korpm
73,1PGA,A,G38E,-0.132,korpm
73,1PGA,A,G38F,-0.197,korpm
73,1PGA,A,G38H,0.502,korpm
73,1PGA,A,G38I,-1.439,korpm
73,1PGA,A,G38K,0.287,korpm
73,1PGA,A,G38L,0.042,korpm
73,1PGA,A,G38M,-0.466,korpm
73,1PGA,A,G38N,0.3,korpm
73,1PGA,A,G38P,-2.741,korpm
73,1PGA,A,G38Q,0.193,korpm
73,1PGA,A,G38R,-0.418,korpm
73,1PGA,A,G38S,-0.173,korpm
73,1PGA,A,G38T,-1.006,korpm
73,1PGA,A,G38V,-1.306,korpm
73,1PGA,A,G38Y,-0.434,korpm
73,1PGA,A,G41F,-2.315,korpm
73,1PGA,A,G41I,0.584,korpm
73,1PGA,A,G41K,-2.411,korpm
73,1PGA,A,G41M,0.189,korpm
73,1PGA,A,G41R,0.434,korpm
73,1PGA,A,G41Y,-2.488,korpm
73,1PGA,A,G9D,-2.502,korpm
73,1PGA,A,G9E,-1.997,korpm
73,1PGA,A,G9F,0.002,korpm
73,1PGA,A,G9H,-1.22,korpm
73,1PGA,A,G9I,-0.593,korpm
73,1PGA,A,G9K,-1.227,korpm
73,1PGA,A,G9L,0.319,korpm
73,1PGA,A,G9M,-0.548,korpm
73,1PGA,A,G9N,-1.29,korpm
1PGAA,1PGA,A,G9P,-2.4,broom
73,1PGA,A,G9P,-2.4,korpm
1PGAA,1PGA,A,G9P,-2.4,vb1432
73,1PGA,A,G9Q,-1.055,korpm
73,1PGA,A,G9R,-0.881,korpm
73,1PGA,A,G9S,0.025,korpm
73,1PGA,A,G9T,0.3,korpm
73,1PGA,A,G9V,-0.417,korpm
73,1PGA,A,G9Y,-0.536,korpm
73,1PGA,A,I6A,-1.252,korpm
1PGAA,1PGA,A,I6A;T53A,0.0,ptmul
1PGAA,1PGA,A,I6A;T53E,0.26,ptmul
1PGAA,1PGA,A,I6A;T53R,0.94,ptmul
73,1PGA,A,I6D,-1.965,korpm
73,1PGA,A,I6E,-1.028,korpm
1PGAA,1PGA,A,I6E;T53A,0.16,ptmul
1PGAA,1PGA,A,I6E;T53E,-0.64,ptmul
1PGAA,1PGA,A,I6E;T53R,1.76,ptmul
73,1PGA,A,I6F,-0.104,korpm
1PGAA,1PGA,A,I6F;T53F,2.97,ptmul
1PGAA,1PGA,A,I6F;T53I,2.1,ptmul
1PGAA,1PGA,A,I6F;T53V,2.1,ptmul
1PGAA,1PGA,A,I6F;T53Y,2.8,ptmul
73,1PGA,A,I6G,-3.076,korpm
73,1PGA,A,I6H,-1.059,korpm
73,1PGA,A,I6K,-0.473,korpm
1PGAA,1PGA,A,I6K;T53A,1.6,ptmul
1PGAA,1PGA,A,I6K;T53E,2.23,ptmul
1PGAA,1PGA,A,I6K;T53R,2.02,ptmul
73,1PGA,A,I6L,-1.16,korpm
1PGAA,1PGA,A,I6L,-1.39,s2648
1PGAA,1PGA,A,I6L;T53I,2.8,ptmul
73,1PGA,A,I6M,-0.501,korpm
1PGAA,1PGA,A,I6N,-1.53,broom
73,1PGA,A,I6N,-0.799,korpm
1PGAA,1PGA,A,I6N,-1.73,s2648
73,1PGA,A,I6Q,-0.58,korpm
73,1PGA,A,I6R,-0.663,korpm
1PGAA,1PGA,A,I6R;T53A;T44A,-0.62,ptmul
1PGAA,1PGA,A,I6R;T53A;T44R,-0.74,ptmul
1PGAA,1PGA,A,I6R;T53E;T44A,0.16,ptmul
73,1PGA,A,I6S,-1.38,korpm
1PGAA,1PGA,A,I6T,-1.6,broom
73,1PGA,A,I6T,-0.913,korpm
1PGAA,1PGA,A,I6T,-1.79,s2648
1PGAA,1PGA,A,I6T;T53F,1.5,ptmul
1PGAA,1PGA,A,I6T;T53I,1.28,ptmul
1PGAA,1PGA,A,I6T;T53V,1.11,ptmul
1PGAA,1PGA,A,I6T;T53Y,1.7,ptmul
73,1PGA,A,I6V,0.487,korpm
1PGAA,1PGA,A,I6V;T53F,3.5,ptmul
1PGAA,1PGA,A,I6V;T53I,2.91,ptmul
1PGAA,1PGA,A,I6V;T53V,2.5,ptmul
73,1PGA,A,I6Y,-0.21,korpm
73,1PGA,A,K10A,0.217,korpm
73,1PGA,A,K10D,-0.495,korpm
73,1PGA,A,K10E,0.553,korpm
73,1PGA,A,K10F,0.223,korpm
73,1PGA,A,K10G,-0.351,korpm
73,1PGA,A,K10H,0.153,korpm
73,1PGA,A,K10I,0.562,korpm
73,1PGA,A,K10L,0.722,korpm
73,1PGA,A,K10N,0.097,korpm
1PGAA,1PGA,A,K10P,-0.2,broom
73,1PGA,A,K10P,-0.2,korpm
1PGAA,1PGA,A,K10P,-0.2,vb1432
73,1PGA,A,K10Q,0.114,korpm
73,1PGA,A,K10R,0.65,korpm
73,1PGA,A,K10S,-0.13,korpm
73,1PGA,A,K10T,0.2,korpm
73,1PGA,A,K10V,0.414,korpm
73,1PGA,A,K10Y,0.509,korpm
73,1PGA,A,K13D,-0.455,korpm
73,1PGA,A,K13E,0.025,korpm
73,1PGA,A,K13F,0.641,korpm
73,1PGA,A,K13H,0.445,korpm
73,1PGA,A,K13I,0.227,korpm
73,1PGA,A,K13L,-0.058,korpm
73,1PGA,A,K13N,0.011,korpm
73,1PGA,A,K13P,-0.994,korpm
73,1PGA,A,K13Q,1.07,korpm
73,1PGA,A,K13R,0.326,korpm
73,1PGA,A,K13S,0.572,korpm
73,1PGA,A,K13T,0.251,korpm
73,1PGA,A,K13V,0.526,korpm
73,1PGA,A,K13Y,0.688,korpm
73,1PGA,A,K28D,0.102,korpm
73,1PGA,A,K28E,0.559,korpm
73,1PGA,A,K28F,0.271,korpm
73,1PGA,A,K28H,0.068,korpm
73,1PGA,A,K28I,0.722,korpm
73,1PGA,A,K28L,0.313,korpm
73,1PGA,A,K28M,0.579,korpm
73,1PGA,A,K28N,0.443,korpm
73,1PGA,A,K28P,-1.23,korpm
73,1PGA,A,K28Q,0.614,korpm
73,1PGA,A,K28R,0.913,korpm
73,1PGA,A,K28S,0.363,korpm
73,1PGA,A,K28T,0.185,korpm
73,1PGA,A,K28V,0.235,korpm
73,1PGA,A,K28Y,0.247,korpm
73,1PGA,A,K31E,-0.779,korpm
73,1PGA,A,K31F,-0.218,korpm
73,1PGA,A,K31I,0.185,korpm
73,1PGA,A,K31L,0.172,korpm
73,1PGA,A,K31M,0.394,korpm
73,1PGA,A,K31N,-0.583,korpm
73,1PGA,A,K31Q,0.448,korpm
73,1PGA,A,K31S,-0.723,korpm
73,1PGA,A,K31T,-0.484,korpm
73,1PGA,A,K31V,0.187,korpm
73,1PGA,A,K31Y,-0.483,korpm
73,1PGA,A,K4D,-2.054,korpm
73,1PGA,A,K4F,1.04,korpm
73,1PGA,A,K4H,0.736,korpm
73,1PGA,A,K4I,1.082,korpm
73,1PGA,A,K4L,-0.214,korpm
73,1PGA,A,K4M,0.491,korpm
73,1PGA,A,K4N,-0.206,korpm
73,1PGA,A,K4Q,-0.172,korpm
73,1PGA,A,K4R,0.773,korpm
73,1PGA,A,K4S,0.175,korpm
73,1PGA,A,K4T,0.481,korpm
73,1PGA,A,K4V,-0.27,korpm
73,1PGA,A,K4Y,0.825,korpm
1PGAA,1PGA,A,K50A,-0.45,vb1432
73,1PGA,A,K50D,-1.329,korpm
73,1PGA,A,K50E,-1.087,korpm
73,1PGA,A,K50F,0.344,korpm
73,1PGA,A,K50H,0.822,korpm
73,1PGA,A,K50I,-1.524,korpm
73,1PGA,A,K50L,0.546,korpm
73,1PGA,A,K50N,0.376,korpm
73,1PGA,A,K50Q,1.167,korpm
73,1PGA,A,K50R,0.762,korpm
73,1PGA,A,K50S,-0.29,korpm
73,1PGA,A,K50T,-1.168,korpm
73,1PGA,A,K50V,-1.345,korpm
73,1PGA,A,K50Y,0.46,korpm
73,1PGA,A,L12D,-0.68,korpm
73,1PGA,A,L12E,-0.247,korpm
73,1PGA,A,L12F,1.255,korpm
73,1PGA,A,L12G,-0.283,korpm
73,1PGA,A,L12H,0.283,korpm
73,1PGA,A,L12I,0.991,korpm
73,1PGA,A,L12K,0.596,korpm
73,1PGA,A,L12M,0.345,korpm
73,1PGA,A,L12N,0.085,korpm
73,1PGA,A,L12P,-1.231,korpm
73,1PGA,A,L12Q,0.14,korpm
73,1PGA,A,L12R,0.242,korpm
73,1PGA,A,L12S,-0.059,korpm
73,1PGA,A,L12T,0.416,korpm
73,1PGA,A,L12V,0.632,korpm
73,1PGA,A,L12Y,1.776,korpm
73,1PGA,A,L5F,-0.47,korpm
73,1PGA,A,L5I,-1.341,korpm
73,1PGA,A,L5M,-0.677,korpm
73,1PGA,A,L5P,-1.653,korpm
73,1PGA,A,L5R,0.725,korpm
73,1PGA,A,L5Y,-2.758,korpm
73,1PGA,A,L7D,-3.108,korpm
73,1PGA,A,L7E,-2.786,korpm
73,1PGA,A,L7F,0.256,korpm
73,1PGA,A,L7H,-1.591,korpm
73,1PGA,A,L7I,0.974,korpm
73,1PGA,A,L7K,-2.762,korpm
73,1PGA,A,L7M,0.498,korpm
73,1PGA,A,L7P,-2.882,korpm
73,1PGA,A,L7Q,-1.537,korpm
73,1PGA,A,L7R,-2.072,korpm
73,1PGA,A,L7S,-1.794,korpm
73,1PGA,A,L7T,-1.135,korpm
73,1PGA,A,L7V,0.085,korpm
73,1PGA,A,L7Y,-0.022,korpm
73,1PGA,A,M1A,0.141,korpm
73,1PGA,A,M1D,0.38,korpm
73,1PGA,A,M1E,0.641,korpm
73,1PGA,A,M1F,1.137,korpm
73,1PGA,A,M1G,0.302,korpm
73,1PGA,A,M1H,0.669,korpm
73,1PGA,A,M1I,0.429,korpm
73,1PGA,A,M1K,0.273,korpm
73,1PGA,A,M1L,0.457,korpm
73,1PGA,A,M1N,0.434,korpm
73,1PGA,A,M1P,0.059,korpm
73,1PGA,A,M1Q,0.403,korpm
73,1PGA,A,M1R,0.51,korpm
73,1PGA,A,M1S,0.68,korpm
73,1PGA,A,M1T,0.498,korpm
73,1PGA,A,M1V,0.268,korpm
73,1PGA,A,M1Y,0.68,korpm
73,1PGA,A,N35A,0.589,korpm
73,1PGA,A,N35D,0.164,korpm
73,1PGA,A,N35E,0.745,korpm
73,1PGA,A,N35F,1.001,korpm
73,1PGA,A,N35H,0.037,korpm
73,1PGA,A,N35I,0.681,korpm
73,1PGA,A,N35K,1.043,korpm
73,1PGA,A,N35L,0.851,korpm
73,1PGA,A,N35M,0.176,korpm
73,1PGA,A,N35Q,0.836,korpm
73,1PGA,A,N35R,0.333,korpm
73,1PGA,A,N35S,0.755,korpm
73,1PGA,A,N35T,0.476,korpm
73,1PGA,A,N35V,0.424,korpm
73,1PGA,A,N35Y,0.933,korpm
73,1PGA,A,N37A,0.361,korpm
73,1PGA,A,N37D,-1.124,korpm
73,1PGA,A,N37E,0.004,korpm
73,1PGA,A,N37F,1.005,korpm
73,1PGA,A,N37G,-0.936,korpm
73,1PGA,A,N37H,0.697,korpm
73,1PGA,A,N37I,0.569,korpm
73,1PGA,A,N37K,1.018,korpm
73,1PGA,A,N37L,0.954,korpm
73,1PGA,A,N37M,0.304,korpm
73,1PGA,A,N37P,-3.694,korpm
73,1PGA,A,N37Q,0.944,korpm
73,1PGA,A,N37R,0.418,korpm
73,1PGA,A,N37S,0.224,korpm
73,1PGA,A,N37T,0.084,korpm
73,1PGA,A,N37V,0.477,korpm
73,1PGA,A,N37Y,0.783,korpm
73,1PGA,A,N8A,-0.282,korpm
73,1PGA,A,N8D,0.188,korpm
73,1PGA,A,N8E,-0.007,korpm
73,1PGA,A,N8F,0.349,korpm
73,1PGA,A,N8G,-0.851,korpm
73,1PGA,A,N8H,0.242,korpm
73,1PGA,A,N8I,0.559,korpm
73,1PGA,A,N8K,0.453,korpm
73,1PGA,A,N8L,0.953,korpm
73,1PGA,A,N8M,0.365,korpm
73,1PGA,A,N8P,-1.448,korpm
73,1PGA,A,N8Q,0.287,korpm
73,1PGA,A,N8R,0.636,korpm
73,1PGA,A,N8S,-0.044,korpm
73,1PGA,A,N8T,-0.614,korpm
73,1PGA,A,N8V,0.129,korpm
73,1PGA,A,N8Y,0.21,korpm
73,1PGA,A,Q32A,0.161,korpm
73,1PGA,A,Q32D,0.049,korpm
73,1PGA,A,Q32E,0.382,korpm
73,1PGA,A,Q32F,-0.316,korpm
73,1PGA,A,Q32G,-1.0,korpm
73,1PGA,A,Q32H,-0.196,korpm
73,1PGA,A,Q32I,0.11,korpm
73,1PGA,A,Q32K,0.581,korpm
73,1PGA,A,Q32L,0.14,korpm
73,1PGA,A,Q32M,0.495,korpm
73,1PGA,A,Q32N,-0.014,korpm
73,1PGA,A,Q32P,0.612,korpm
73,1PGA,A,Q32R,0.388,korpm
73,1PGA,A,Q32S,0.203,korpm
73,1PGA,A,Q32T,0.319,korpm
73,1PGA,A,Q32V,-0.13,korpm
73,1PGA,A,Q32Y,-0.391,korpm
73,1PGA,A,T11A,0.239,korpm
73,1PGA,A,T11D,0.459,korpm
73,1PGA,A,T11E,0.463,korpm
73,1PGA,A,T11F,0.764,korpm
73,1PGA,A,T11H,0.421,korpm
73,1PGA,A,T11I,0.562,korpm
73,1PGA,A,T11K,0.351,korpm
73,1PGA,A,T11L,0.38,korpm
73,1PGA,A,T11M,0.387,korpm
73,1PGA,A,T11N,0.168,korpm
73,1PGA,A,T11P,-1.028,korpm
73,1PGA,A,T11Q,0.592,korpm
73,1PGA,A,T11R,0.392,korpm
73,1PGA,A,T11V,0.536,korpm
73,1PGA,A,T11Y,0.298,korpm
73,1PGA,A,T16A,0.264,korpm
73,1PGA,A,T16D,-1.038,korpm
73,1PGA,A,T16E,-0.231,korpm
73,1PGA,A,T16F,1.853,korpm
73,1PGA,A,T16H,0.51,korpm
73,1PGA,A,T16I,1.011,korpm
1PGAA,1PGA,A,T16I;T18F;T25E;V29F,2.87,ptmul
1PGAA,1PGA,A,T16I;T18F;V29F,2.61,ptmul
1PGAA,1PGA,A,T16I;T18I;T25E;V29F,3.01,ptmul
1PGAA,1PGA,A,T16I;T18I;T25E;V29I,2.46,ptmul
1PGAA,1PGA,A,T16I;T18I;T25E;V29K,2.46,ptmul
1PGAA,1PGA,A,T16I;T18I;T25E;V29Y,3.44,ptmul
1PGAA,1PGA,A,T16I;T18I;T25Q;V29F,3.2,ptmul
1PGAA,1PGA,A,T16I;T18I;T25S;V29Y,2.96,ptmul
1PGAA,1PGA,A,T16I;T18I;V29W,2.63,ptmul
1PGAA,1PGA,A,T16I;T18L;T25E;V29F,2.44,ptmul
1PGAA,1PGA,A,T16I;T18L;T25E;V29K,1.82,ptmul
1PGAA,1PGA,A,T16I;T18V;T25M;V29Y,2.68,ptmul
1PGAA,1PGA,A,T16I;T18V;T25S;V29W,2.7,ptmul
1PGAA,1PGA,A,T16I;T18Y;T25L;V29F,2.08,ptmul
1PGAA,1PGA,A,T16I;T18Y;T25S;V29F,2.53,ptmul
1PGAA,1PGA,A,T16I;T18Y;T25V;V29F,2.27,ptmul
73,1PGA,A,T16K,0.318,korpm
73,1PGA,A,T16L,0.969,korpm
1PGAA,1PGA,A,T16L;T18I;T25E;V29Y,3.13,ptmul
1PGAA,1PGA,A,T16L;T18I;T25S;V29W,2.87,ptmul
1PGAA,1PGA,A,T16L;T18I;T25S;V29Y,2.37,ptmul
1PGAA,1PGA,A,T16L;T18V;V29F,2.49,ptmul
1PGAA,1PGA,A,T16L;T18Y;T25E;V29Y,2.7,ptmul
1PGAA,1PGA,A,T16L;T18Y;T25Q;V29Y,2.34,ptmul
1PGAA,1PGA,A,T16L;T18Y;T25S;V29Y,2.06,ptmul
73,1PGA,A,T16M,0.698,korpm
73,1PGA,A,T16N,-0.142,korpm
73,1PGA,A,T16P,-1.993,korpm
73,1PGA,A,T16Q,0.327,korpm
73,1PGA,A,T16R,0.551,korpm
73,1PGA,A,T16S,0.007,korpm
73,1PGA,A,T16V,0.501,korpm
1PGAA,1PGA,A,T16V;T18F;V29Y,2.15,ptmul
1PGAA,1PGA,A,T16V;T18Y;T25E;V29Y,2.61,ptmul
1PGAA,1PGA,A,T16V;T18Y;T25S;V29W,2.58,ptmul
73,1PGA,A,T16Y,1.313,korpm
73,1PGA,A,T17D,-0.316,korpm
73,1PGA,A,T17E,0.334,korpm
73,1PGA,A,T17F,0.683,korpm
73,1PGA,A,T17H,-0.049,korpm
73,1PGA,A,T17I,0.058,korpm
73,1PGA,A,T17K,-0.083,korpm
73,1PGA,A,T17L,-0.068,korpm
73,1PGA,A,T17M,0.056,korpm
73,1PGA,A,T17N,-0.129,korpm
73,1PGA,A,T17P,-2.084,korpm
73,1PGA,A,T17Q,0.284,korpm
73,1PGA,A,T17R,0.214,korpm
73,1PGA,A,T17S,0.388,korpm
73,1PGA,A,T17V,0.183,korpm
73,1PGA,A,T17Y,0.713,korpm
73,1PGA,A,T18A,0.221,korpm
73,1PGA,A,T18E,-0.673,korpm
73,1PGA,A,T18F,0.563,korpm
73,1PGA,A,T18G,-1.735,korpm
73,1PGA,A,T18H,-0.424,korpm
73,1PGA,A,T18I,0.76,korpm
73,1PGA,A,T18K,-0.953,korpm
73,1PGA,A,T18L,0.796,korpm
73,1PGA,A,T18M,0.623,korpm
73,1PGA,A,T18N,-0.874,korpm
73,1PGA,A,T18Q,-0.586,korpm
73,1PGA,A,T18R,-0.442,korpm
73,1PGA,A,T18V,0.391,korpm
73,1PGA,A,T18Y,0.155,korpm
73,1PGA,A,T25A,0.855,korpm
73,1PGA,A,T25D,0.227,korpm
73,1PGA,A,T25E,0.615,korpm
73,1PGA,A,T25F,0.387,korpm
73,1PGA,A,T25G,0.168,korpm
73,1PGA,A,T25H,0.674,korpm
73,1PGA,A,T25K,-0.083,korpm
73,1PGA,A,T25L,-0.06,korpm
73,1PGA,A,T25M,0.201,korpm
73,1PGA,A,T25N,0.017,korpm
1PGAA,1PGA,A,T25P,-2.8,broom
73,1PGA,A,T25P,-2.095,korpm
1PGAA,1PGA,A,T25P,-2.8,vb1432
73,1PGA,A,T25Q,0.47,korpm
73,1PGA,A,T25R,0.032,korpm
73,1PGA,A,T25S,0.506,korpm
73,1PGA,A,T25Y,0.102,korpm
73,1PGA,A,T2D,-0.554,korpm
73,1PGA,A,T2E,0.13,korpm
73,1PGA,A,T2F,0.301,korpm
73,1PGA,A,T2G,-0.668,korpm
73,1PGA,A,T2H,-0.13,korpm
73,1PGA,A,T2I,1.004,korpm
73,1PGA,A,T2K,0.305,korpm
73,1PGA,A,T2L,0.542,korpm
73,1PGA,A,T2M,1.002,korpm
73,1PGA,A,T2N,-0.143,korpm
1PGAA,1PGA,A,T2P,-2.7,broom
1PGAA,1PGA,A,T2P,-2.7,vb1432
73,1PGA,A,T2Q,0.339,korpm
73,1PGA,A,T2R,0.091,korpm
73,1PGA,A,T2V,1.309,korpm
73,1PGA,A,T2Y,0.148,korpm
73,1PGA,A,T44A,0.396,korpm
73,1PGA,A,T44D,-0.061,korpm
73,1PGA,A,T44E,0.271,korpm
73,1PGA,A,T44F,0.092,korpm
73,1PGA,A,T44G,-0.178,korpm
73,1PGA,A,T44H,0.306,korpm
73,1PGA,A,T44I,0.516,korpm
73,1PGA,A,T44K,0.205,korpm
73,1PGA,A,T44L,0.069,korpm
73,1PGA,A,T44M,-0.115,korpm
73,1PGA,A,T44N,-0.002,korpm
73,1PGA,A,T44Q,0.216,korpm
73,1PGA,A,T44R,0.107,korpm
73,1PGA,A,T44S,0.361,korpm
73,1PGA,A,T44Y,0.4,korpm
1PGAA,1PGA,A,T49A,-0.86,vb1432
73,1PGA,A,T49D,-0.844,korpm
73,1PGA,A,T49E,-0.346,korpm
73,1PGA,A,T49F,-0.691,korpm
73,1PGA,A,T49H,-0.473,korpm
73,1PGA,A,T49K,-0.035,korpm
73,1PGA,A,T49L,0.205,korpm
73,1PGA,A,T49M,-0.449,korpm
73,1PGA,A,T49N,0.073,korpm
73,1PGA,A,T49Q,-0.389,korpm
73,1PGA,A,T49R,-0.467,korpm
73,1PGA,A,T49S,0.183,korpm
73,1PGA,A,T49Y,-0.825,korpm
73,1PGA,A,T51D,-3.311,korpm
73,1PGA,A,T51E,-0.762,korpm
73,1PGA,A,T51H,-2.158,korpm
73,1PGA,A,T51I,-0.302,korpm
73,1PGA,A,T51K,-1.384,korpm
73,1PGA,A,T51L,-1.049,korpm
73,1PGA,A,T51M,-0.98,korpm
73,1PGA,A,T51N,-2.194,korpm
73,1PGA,A,T51Q,-1.033,korpm
73,1PGA,A,T51R,-1.846,korpm
1PGAA,1PGA,A,T51S,-3.4,broom
1PGAA,1PGA,A,T51S;D46G,-3.4,ptmul
73,1PGA,A,T51Y,-1.635,korpm
1PGAA,1PGA,A,T53A,-0.51,s2648
1PGAA,1PGA,A,T53A;T44A,0.14,ptmul
1PGAA,1PGA,A,T53A;T44R,0.08,ptmul
1PGAA,1PGA,A,T53C,0.78,vb1432
73,1PGA,A,T53D,-1.704,korpm
1PGAA,1PGA,A,T53D,-1.15,s2648
1PGAA,1PGA,A,T53D,-0.85,vb1432
73,1PGA,A,T53E,-0.1,korpm
1PGAA,1PGA,A,T53E,-0.4,s2648
1PGAA,1PGA,A,T53E,0.23,vb1432
1PGAA,1PGA,A,T53E;T44A,0.34,ptmul
1PGAA,1PGA,A,T53E;T44R,0.79,ptmul
1PGAA,1PGA,A,T53F,1.01,broom
73,1PGA,A,T53F,-0.017,korpm
1PGAA,1PGA,A,T53F,0.55,s2648
1PGAA,1PGA,A,T53F,-0.28,vb1432
1PGAA,1PGA,A,T53G,-1.21,vb1432
73,1PGA,A,T53H,-0.98,korpm
1PGAA,1PGA,A,T53H,0.37,vb1432
1PGAA,1PGA,A,T53I,0.1,broom
73,1PGA,A,T53I,0.1,korpm
1PGAA,1PGA,A,T53I,-0.1,s2648
1PGAA,1PGA,A,T53I,-0.09,vb1432
73,1PGA,A,T53K,-0.446,korpm
1PGAA,1PGA,A,T53K,0.35,vb1432
73,1PGA,A,T53L,-0.37,korpm
1PGAA,1PGA,A,T53L,0.45,vb1432
73,1PGA,A,T53M,0.153,korpm
1PGAA,1PGA,A,T53M,0.9,vb1432
73,1PGA,A,T53N,-0.651,korpm
1PGAA,1PGA,A,T53N,0.52,vb1432
73,1PGA,A,T53Q,-0.351,korpm
1PGAA,1PGA,A,T53Q,0.38,vb1432
73,1PGA,A,T53R,-0.1,korpm
1PGAA,1PGA,A,T53R,-0.28,s2648
1PGAA,1PGA,A,T53R,0.4,vb1432
1PGAA,1PGA,A,T53S,0.87,vb1432
1PGAA,1PGA,A,T53T,1.36,vb1432
1PGAA,1PGA,A,T53V,-0.8,broom
1PGAA,1PGA,A,T53V,-0.58,s2648
1PGAA,1PGA,A,T53V,-0.42,vb1432
1PGAA,1PGA,A,T53W,1.04,vb1432
1PGAA,1PGA,A,T53Y,0.5,broom
73,1PGA,A,T53Y,0.236,korpm
1PGAA,1PGA,A,T53Y,0.52,s2648
1PGAA,1PGA,A,T53Y,0.27,vb1432
73,1PGA,A,T55E,-0.356,korpm
73,1PGA,A,T55F,-0.195,korpm
73,1PGA,A,T55H,-0.662,korpm
73,1PGA,A,T55K,-0.637,korpm
73,1PGA,A,T55L,-0.295,korpm
73,1PGA,A,T55M,-0.475,korpm
73,1PGA,A,T55N,0.342,korpm
73,1PGA,A,T55Q,-0.039,korpm
73,1PGA,A,T55R,-0.131,korpm
73,1PGA,A,T55Y,-0.138,korpm
73,1PGA,A,V21A,0.418,korpm
73,1PGA,A,V21D,0.46,korpm
73,1PGA,A,V21E,0.759,korpm
73,1PGA,A,V21F,1.099,korpm
73,1PGA,A,V21G,0.19,korpm
73,1PGA,A,V21H,0.194,korpm
73,1PGA,A,V21I,0.543,korpm
73,1PGA,A,V21K,0.536,korpm
73,1PGA,A,V21L,0.415,korpm
73,1PGA,A,V21M,0.522,korpm
73,1PGA,A,V21N,0.498,korpm
1PGAA,1PGA,A,V21P,0.5,broom
73,1PGA,A,V21P,0.826,korpm
1PGAA,1PGA,A,V21P,0.5,vb1432
1PGAA,1PGA,A,V21P;A23P,-0.1,ptmul
73,1PGA,A,V21Q,0.275,korpm
73,1PGA,A,V21R,0.508,korpm
73,1PGA,A,V21S,0.436,korpm
73,1PGA,A,V21T,0.126,korpm
73,1PGA,A,V21Y,0.639,korpm
73,1PGA,A,V29A,0.14,korpm
73,1PGA,A,V29D,-0.221,korpm
73,1PGA,A,V29E,0.118,korpm
73,1PGA,A,V29F,0.592,korpm
73,1PGA,A,V29G,-0.912,korpm
73,1PGA,A,V29H,0.162,korpm
73,1PGA,A,V29I,0.681,korpm
73,1PGA,A,V29K,0.333,korpm
73,1PGA,A,V29L,0.292,korpm
73,1PGA,A,V29M,0.137,korpm
73,1PGA,A,V29N,-0.225,korpm
1PGAA,1PGA,A,V29P,-3.5,broom
73,1PGA,A,V29P,-2.722,korpm
1PGAA,1PGA,A,V29P,-3.5,vb1432
73,1PGA,A,V29Q,0.376,korpm
73,1PGA,A,V29R,0.438,korpm
73,1PGA,A,V29S,-0.171,korpm
73,1PGA,A,V29T,0.414,korpm
73,1PGA,A,V29Y,0.191,korpm
73,1PGA,A,V39D,-3.414,korpm
73,1PGA,A,V39E,-0.273,korpm
73,1PGA,A,V39F,0.67,korpm
73,1PGA,A,V39G,-2.291,korpm
73,1PGA,A,V39H,-1.566,korpm
73,1PGA,A,V39I,0.91,korpm
73,1PGA,A,V39K,-1.962,korpm
73,1PGA,A,V39L,0.268,korpm
73,1PGA,A,V39M,-0.273,korpm
73,1PGA,A,V39P,-2.31,korpm
73,1PGA,A,V39Q,-1.52,korpm
73,1PGA,A,V39R,-2.039,korpm
73,1PGA,A,V39S,-1.696,korpm
73,1PGA,A,V39Y,-0.42,korpm
1PGAA,1PGA,A,V54A,-0.1,vb1432
73,1PGA,A,V54D,-2.667,korpm
73,1PGA,A,V54F,-1.638,korpm
73,1PGA,A,V54M,-0.684,korpm
73,1PGA,A,V54P,0.422,korpm
73,1PGA,A,V54Q,-2.905,korpm
73,1PGA,A,V54S,-1.542,korpm
73,1PGA,A,V54T,-1.676,korpm
73,1PGA,A,V54Y,-1.728,korpm
73,1PGA,A,Y33A,-0.92,korpm
73,1PGA,A,Y33E,-1.739,korpm
73,1PGA,A,Y33F,0.285,korpm
73,1PGA,A,Y33G,-3.459,korpm
73,1PGA,A,Y33H,-1.444,korpm
73,1PGA,A,Y33I,-0.141,korpm
73,1PGA,A,Y33K,-1.525,korpm
73,1PGA,A,Y33L,-0.722,korpm
73,1PGA,A,Y33M,-0.6,korpm
73,1PGA,A,Y33N,-1.953,korpm
73,1PGA,A,Y33Q,-1.337,korpm
73,1PGA,A,Y33R,-1.724,korpm
73,1PGA,A,Y33S,-2.087,korpm
73,1PGA,A,Y33T,-1.641,korpm
73,1PGA,A,Y33V,-0.438,korpm
73,1PGA,A,Y3F,0.55,korpm
73,1PGA,A,Y3G,-1.442,korpm
73,1PGA,A,Y3I,-3.293,korpm
73,1PGA,A,Y3K,0.885,korpm
73,1PGA,A,Y3L,-3.308,korpm
73,1PGA,A,Y3M,-2.602,korpm
73,1PGA,A,Y3R,-1.22,korpm
73,1PGA,A,Y45D,-1.05,korpm
73,1PGA,A,Y45I,-2.238,korpm
73,1PGA,A,Y45K,-3.124,korpm
73,1PGA,A,Y45L,-1.79,korpm
73,1PGA,A,Y45M,-2.494,korpm
73,1PGA,A,Y45R,-2.224,korpm
73,1PGA,A,Y45S,-2.968,korpm
73,1PGA,A,Y45V,-2.526,korpm
3PGKA,1PHP,A,I217A;L221A,-3.6,ptmul
1PINA,1PIN,A,A31G,-1.49,vb1432
1PINA,1PIN,A,E12A,-0.48,vb1432
1PINA,1PIN,A,E35A,-0.73,vb1432
1PINA,1PIN,A,F25A,-2.14,vb1432
74,1PIN,A,F25L,-1.37,korpm
1PINA,1PIN,A,F25L,-1.37,vb1432
74,1PIN,A,F25Y,0.22,korpm
1PINA,1PIN,A,F25Y,0.22,vb1432
1PINA,1PIN,A,G10A,-0.85,vb1432
1PINA,1PIN,A,G20A,-0.86,vb1432
1PINA,1PIN,A,H27A,-0.12,vb1432
74,1PIN,A,H27G,-0.68,korpm
1PINA,1PIN,A,H27G,-0.68,vb1432
1PINA,1PIN,A,I28A,-0.36,vb1432
74,1PIN,A,I28G,-0.48,korpm
1PINA,1PIN,A,I28G,-0.48,vb1432
1PINA,1PIN,A,K13A,-0.02,vb1432
1PINA,1PIN,A,K6A,0.15,vb1432
1PINA,1PIN,A,L7A,-1.72,vb1432
74,1PIN,A,L7I,-0.85,korpm
1PINA,1PIN,A,L7I,-0.85,vb1432
74,1PIN,A,L7N,-0.9,korpm
1PINA,1PIN,A,L7N,-0.9,vb1432
74,1PIN,A,L7V,-1.26,korpm
1PINA,1PIN,A,L7V,-1.26,vb1432
1PINA,1PIN,A,M15A,-0.59,vb1432
74,1PIN,A,N26D,-1.88,korpm
1PINA,1PIN,A,N26D,-1.88,vb1432
1PINA,1PIN,A,N30A,-0.47,vb1432
74,1PIN,A,N30G,0.53,korpm
1PINA,1PIN,A,N30G,0.53,vb1432
1PINA,1PIN,A,P8A,-0.97,vb1432
74,1PIN,A,P8G,-0.92,korpm
1PINA,1PIN,A,P8G,-0.92,vb1432
1PINA,1PIN,A,P9A,-0.19,vb1432
74,1PIN,A,P9G,-0.49,korpm
1PINA,1PIN,A,P9G,-0.49,vb1432
1PINA,1PIN,A,Q33A,-0.57,vb1432
1PINA,1PIN,A,R14A,-1.63,vb1432
1PINA,1PIN,A,R17A,0.0,vb1432
74,1PIN,A,R17G,-0.22,korpm
1PINA,1PIN,A,R17G,-0.22,vb1432
1PINA,1PIN,A,R21A,-0.65,vb1432
74,1PIN,A,R21G,-0.67,korpm
1PINA,1PIN,A,R21G,-0.67,vb1432
1PINA,1PIN,A,R36A,-0.29,vb1432
1PINA,1PIN,A,S16A,-0.44,vb1432
1PINA,1PIN,A,S16G,-0.92,vb1432
1PINA,1PIN,A,S18A,0.03,vb1432
74,1PIN,A,S18G,0.02,korpm
1PINA,1PIN,A,S18G,0.02,vb1432
1PINA,1PIN,A,S19A,-0.14,vb1432
74,1PIN,A,S19G,0.01,korpm
1PINA,1PIN,A,S19G,0.01,vb1432
1PINA,1PIN,A,S32A,-0.26,vb1432
1PINA,1PIN,A,S32G,-0.81,vb1432
1PINA,1PIN,A,S38A,0.05,vb1432
1PINA,1PIN,A,S38G,-0.08,vb1432
1PINA,1PIN,A,T29A,-1.25,vb1432
74,1PIN,A,T29D,-1.33,korpm
1PINA,1PIN,A,T29D,-1.33,vb1432
74,1PIN,A,T29G,-1.99,korpm
1PINA,1PIN,A,T29G,-1.99,vb1432
1PINA,1PIN,A,T29S,-0.65,vb1432
1PINA,1PIN,A,V22A,-0.26,vb1432
1PINA,1PIN,A,W11F,-1.93,vb1432
1PINA,1PIN,A,W34A,-0.4,vb1432
1PINA,1PIN,A,W34F,-0.1,vb1432
1PINA,1PIN,A,Y23A,-1.08,vb1432
1PINA,1PIN,A,Y23F,-0.52,vb1432
1PINA,1PIN,A,Y23L,-1.18,vb1432
1PINA,1PIN,A,Y24F,-0.66,vb1432
74,1PIN,A,Y24W,-0.56,korpm
1PINA,1PIN,A,Y24W,-0.56,vb1432
5,1POH,A,F29W,-1.12,korpm
5,1POH,A,F2W,0.17,korpm
5,1POH,A,F48W,-0.12,korpm
2HPRA,1POH,A,K49A,1.39,s2648
2HPRA,1POH,A,K49D,1.41,s2648
5,1POH,A,K49E,2.1,korpm
2HPRA,1POH,A,K49E,1.85,s2648
2HPRA,1POH,A,K49G,1.05,s2648
2HPRA,1POH,A,K49M,0.94,s2648
2HPRA,1POH,A,K49N,0.35,s2648
2HPRA,1POH,A,K49Q,1.39,s2648
2HPRA,1POH,A,K49R,-0.15,s2648
2HPRA,1POH,A,K49S,0.95,s2648
2HPRA,1POH,A,S31A,-0.4,s2648
2HPRA,1POH,A,S46A,-1.01,s2648
5,1POH,A,S46D,1.4,korpm
2HPRA,1POH,A,S46D,1.44,s2648
2HPRA,1POH,A,S46D,1.05,vb1432
5,1POH,A,S46N,0.5,korpm
2HPRA,1POH,A,S46N,0.39,s2648
75,1PRE,A,C159S,-2.4,korpm
76,1QGV,A,G126D,-1.71,korpm
1QGVA,1QGV,A,G126D,-0.93,s2648
1AMQA,1QIR,A,Y191C,2.3,ssym
1AMQA,1QIS,A,F191C,1.6,ssym
1AMQA,1QIT,A,W191C,3.9,ssym
1QJPA,1QJP,A,F123A;W143A,-3.9,ptmul
1QJPA,1QJP,A,F123A;Y141A,-5.3,ptmul
1QJPA,1QJP,A,F123A;Y141A;W143A,-6.8,ptmul
1QJPA,1QJP,A,W7A;Y43A,-6.4,ptmul
1QJPA,1QJP,A,Y141A;W143A,-5.7,ptmul
1QJPA,1QJP,A,Y168A;F170A,-1.2,ptmul
1QJPA,1QJP,A,Y55A;W57A,-4.2,ptmul
77,1QLP,A,A183F,1.5,korpm
1C5GA,1QLP,A,A183F,1.5,s2648
1C5GA,1QLP,A,A183I,1.8,broom
77,1QLP,A,A183I,1.8,korpm
1C5GA,1QLP,A,A183I,1.8,s2648
77,1QLP,A,A183L,1.4,korpm
1C5GA,1QLP,A,A183L,1.4,s2648
1C5GA,1QLP,A,A183V,3.8,broom
77,1QLP,A,A183V,3.8,korpm
1C5GA,1QLP,A,A183V,3.8,s2648
1C5GA,1QLP,A,A248F,1.8,broom
77,1QLP,A,A248F,1.8,korpm
1C5GA,1QLP,A,A248F,1.8,s2648
1C5GA,1QLP,A,A248I,2.2,broom
77,1QLP,A,A248I,2.2,korpm
1C5GA,1QLP,A,A248I,2.2,s2648
1C5GA,1QLP,A,A248L,1.5,broom
1C5GA,1QLP,A,A248L,0.35,s2648
1C5GA,1QLP,A,A248V,2.3,broom
1C5GA,1QLP,A,A248V,2.3,s2648
77,1QLP,A,A250I,-0.4,korpm
1C5GA,1QLP,A,A250I,-0.4,s2648
1C5GA,1QLP,A,A250L,-1.0,s2648
1C5GA,1QLP,A,A250V,-0.4,s2648
1C5GA,1QLP,A,A284I,0.0,broom
1C5GA,1QLP,A,A284I,0.0,s2648
1C5GA,1QLP,A,A284L,-0.8,broom
1C5GA,1QLP,A,A284V,0.8,broom
77,1QLP,A,A284V,0.8,korpm
1C5GA,1QLP,A,A284V,0.8,s2648
77,1QLP,A,A31I,0.9,korpm
1C5GA,1QLP,A,A31I,0.9,s2648
1C5GA,1QLP,A,A31L,0.9,broom
77,1QLP,A,A31L,0.9,korpm
1C5GA,1QLP,A,A31L,0.9,s2648
1C5GA,1QLP,A,A31P,2.5,broom
77,1QLP,A,A31P,2.5,korpm
77,1QLP,A,A31V,0.6,korpm
1C5GA,1QLP,A,A31V,0.6,s2648
1C5GA,1QLP,A,A70G,1.6,broom
77,1QLP,A,A70G,1.6,korpm
1C5GA,1QLP,A,A70G,1.6,s2648
77,1QLP,A,F51C,3.6,korpm
1C5GA,1QLP,A,F51C,3.01,s2648
77,1QLP,A,F51L,2.1,korpm
1C5GA,1QLP,A,F51L,2.1,s2648
1C5GA,1QLP,A,F51L;M374I,3.6,ptmul
77,1QLP,A,K331F,1.31,korpm
1C5GA,1QLP,A,K331F,1.75,s2648
77,1QLP,A,K331I,0.77,korpm
1C5GA,1QLP,A,K331I,0.84,s2648
77,1QLP,A,K331T,-0.43,korpm
1C5GA,1QLP,A,K331T,-0.54,s2648
77,1QLP,A,K331V,0.65,korpm
1C5GA,1QLP,A,K331V,0.89,s2648
77,1QLP,A,K387R,1.0,korpm
1C5GA,1QLP,A,K387R,1.0,s2648
77,1QLP,A,M358V,0.63,korpm
1C5GA,1QLP,A,M374I,2.3,broom
77,1QLP,A,M374I,1.26,korpm
1C5GA,1QLP,A,M374I,2.3,s2648
77,1QLP,A,S330R,-2.02,korpm
1C5GA,1QLP,A,S330R,-2.44,s2648
1C5GA,1QLP,A,S381A,1.0,broom
1C5GA,1QLP,A,S381A,1.0,s2648
1C5GA,1QLP,A,S381A;K387R,2.1,ptmul
77,1QLP,A,T59A,1.0,korpm
1C5GA,1QLP,A,T59A,1.0,s2648
1C5GA,1QLP,A,T59A;T68A;A70G,3.4,ptmul
77,1QLP,A,T68A,1.0,korpm
1C5GA,1QLP,A,T68A,1.0,s2648
77,1QLP,A,V145I,0.2,korpm
1C5GA,1QLP,A,V145I,0.2,s2648
77,1QLP,A,V145L,-0.7,korpm
1C5GA,1QLP,A,V145L,-0.7,s2648
77,1QLP,A,V173I,0.5,korpm
1C5GA,1QLP,A,V173I,0.5,s2648
1C5GA,1QLP,A,V173L,-0.6,s2648
1C5GA,1QLP,A,V321I,0.6,broom
1C5GA,1QLP,A,V321I,0.6,s2648
1C5GA,1QLP,A,V321L,-1.2,s2648
77,1QLP,A,V364I,0.4,korpm
1C5GA,1QLP,A,V364I,0.4,s2648
1C5GA,1QLP,A,V364L,-0.3,broom
1C5GA,1QLP,A,V364L,-0.3,s2648
1C5GA,1QLP,A,V55I,-0.2,broom
1C5GA,1QLP,A,V55I,-0.2,s2648
1C5GA,1QLP,A,V55L,-0.3,s2648
1C5GA,1QLP,A,W194F,-0.47,s2648
77,1QLP,A,W238F,1.2,korpm
1C5GA,1QLP,A,W238F,0.98,s2648
77,1QLP,A,Y160A,-0.1,korpm
1C5GA,1QLP,A,Y160A,-0.21,s2648
77,1QLP,A,Y160W,1.3,korpm
1C5GA,1QLP,A,Y160W,1.18,s2648
3,1QM0,A,V209M,2.7,korpm
1QM4A,1QM4,A,R265H,-3.11,s2648
78,1QND,A,C71S,-1.91,korpm
1QNDA,1QND,A,C71S,-1.38,s2648
26,1QQV,A,H41Y,1.3,korpm
26,1QQV,A,K70M,0.5,korpm
2LZMA,1QS5,A,L98A,4.3,ssym
2LZMA,1QS9,A,V98A,3.2,ssym
2LZMA,1QSB,A,C98A,1.0,ssym
2LZMA,1QT6,A,H11E,-0.1,ssym
2LZMA,1QT7,A,N11E,0.1,ssym
2LZMA,1QTB,A,V42A,2.7,ssym
2LZMA,1QTC,A,F129A,1.2,ssym
2LZMA,1QTD,A,W129A,2.2,ssym
2RN2A,1RBR,A,P62H,-1.1,ssym
2RN2A,1RBS,A,A62H,-0.4,ssym
2RN2A,1RBT,A,G95K,-1.9,ssym
2RN2A,1RBU,A,N95K,-0.9,ssym
2RN2A,1RBV,A,A95K,-0.1,ssym
2RN2A,1RDA,A,N10D,-0.9,ssym
2RN2A,1RDB,A,Q48E,-0.2,ssym
2RN2A,1RDC,A,N70D,-0.9,ssym
1RG8A,1RG8,A,A103G,-0.46,s2648
1RG8A,1RG8,A,C117S,-0.64,s2648
1RG8A,1RG8,A,C16S,-2.81,s2648
1RG8A,1RG8,A,C83S,-1.78,s2648
1RG8A,1RG8,A,F108Y,0.49,s2648
1RG8A,1RG8,A,G62A,-1.48,s2648
1RG8A,1RG8,A,G62N,-0.97,s2648
1RG8A,1RG8,A,H102Y,0.39,s2648
1RG8A,1RG8,A,H21Y,0.79,s2648
1RG8A,1RG8,A,H93A,-0.6,s2648
1RG8A,1RG8,A,H93G,1.34,s2648
1RG8A,1RG8,A,H93N,0.19,s2648
1RG8A,1RG8,A,L44F,0.59,s2648
1RG8A,1RG8,A,L73V,-1.46,s2648
1RG8A,1RG8,A,N106G,0.16,s2648
1RG8A,1RG8,A,V109I,-0.05,s2648
1RG8A,1RG8,A,V109L,-0.57,s2648
1RN1C,1RGC,A,K25Q,-0.93,ssym
24,1RGG,A,D17K,-1.1,korpm
1MGRA,1RGG,A,D17K,-1.1,vb1432
1MGRA,1RGG,A,D1K;D17K;E41K,-2.7,ptmul
1MGRA,1RGG,A,D1K;D17K;E41K;D25K;E74K,-0.7,ptmul
1MGRA,1RGG,A,D1K;D17K;E41K;D25K;E74K;D79K,0.7,ptmul
1MGRA,1RGG,A,D1K;D17K;E41K;D25K;E74K;D79K;S31K,0.2,ptmul
1MGRA,1RGG,A,D25H,0.9,broom
24,1RGG,A,D25H,0.9,korpm
1MGRA,1RGG,A,D25H,0.9,vb1432
1MGRA,1RGG,A,D25K,0.9,vb1432
1MGRA,1RGG,A,D25K;E74K,0.3,ptmul
1MGRA,1RGG,A,D25K;E74K;S31P;S42G;S48P;T76P;Q77G,3.9,ptmul
1MGRA,1RGG,A,D25K;E74K;S31P;S42G;S48P;T76P;Q77G;D79A,4.9,ptmul
1MGRA,1RGG,A,D25K;E74K;S31P;S42G;S48P;T76P;Q77G;D79F,6.3,ptmul
1MGRA,1RGG,A,D25K;E74K;S31P;S42G;S48P;T76P;Q77G;D79F;I70D,-3.6,ptmul
1MGRA,1RGG,A,D25K;E74K;S31P;S42G;S48P;T76P;Q77G;D79F;I92A,1.9,ptmul
1MGRA,1RGG,A,D25K;E74K;S31P;S42G;S48P;T76P;Q77G;D79F;I92D,-2.2,ptmul
1MGRA,1RGG,A,D25K;E74K;S31P;S42G;S48P;T76P;Q77G;D79F;Y80A,0.1,ptmul
1MGRA,1RGG,A,D25K;E74K;S31P;S42G;S48P;T76P;Q77G;I92D,-5.1,ptmul
1MGRA,1RGG,A,D33A,-6.2,vb1432
1MGRA,1RGG,A,D79A,2.9,vb1432
24,1RGG,A,D79E,-0.3,korpm
1MGRA,1RGG,A,D79E,-0.3,vb1432
24,1RGG,A,D79F,3.0,korpm
1MGRA,1RGG,A,D79F,3.0,vb1432
24,1RGG,A,D79H,1.8,korpm
1MGRA,1RGG,A,D79H,1.8,vb1432
24,1RGG,A,D79I,2.8,korpm
1MGRA,1RGG,A,D79I,2.7,vb1432
24,1RGG,A,D79K,2.3,korpm
1MGRA,1RGG,A,D79K,2.3,vb1432
24,1RGG,A,D79L,2.7,korpm
1MGRA,1RGG,A,D79L,2.7,vb1432
24,1RGG,A,D79N,1.8,korpm
1MGRA,1RGG,A,D79N,1.8,vb1432
24,1RGG,A,D79R,2.7,korpm
1MGRA,1RGG,A,D79R,2.7,vb1432
24,1RGG,A,D79W,2.3,korpm
1MGRA,1RGG,A,D79W,2.3,vb1432
24,1RGG,A,D79Y,2.9,korpm
1MGRA,1RGG,A,D79Y,2.8,vb1432
1MGRA,1RGG,A,E41K,-1.2,broom
1MGRA,1RGG,A,E41K,-0.7,vb1432
1MGRA,1RGG,A,E54Q,-1.7,vb1432
1MGRA,1RGG,A,E74K,1.1,broom
24,1RGG,A,E74K,0.1,korpm
1MGRA,1RGG,A,E74K,0.9,vb1432
1MGRA,1RGG,A,H85Q,0.0,vb1432
24,1RGG,A,N39A,-2.0,korpm
1MGRA,1RGG,A,N39A,-2.2,vb1432
24,1RGG,A,N39D,-1.5,korpm
1MGRA,1RGG,A,N39D,-1.5,vb1432
24,1RGG,A,N39S,-2.3,korpm
1MGRA,1RGG,A,N39S,-2.3,vb1432
24,1RGG,A,Q38A,0.4,korpm
1MGRA,1RGG,A,Q38A,1.0,vb1432
24,1RGG,A,Q94K,1.1,korpm
1MGRA,1RGG,A,Q94K,0.3,vb1432
1MGRA,1RGG,A,R40E,-0.4,broom
24,1RGG,A,R40E,-0.4,korpm
1MGRA,1RGG,A,R40E;R63E,-0.6,ptmul
1MGRA,1RGG,A,R40E;R63E;R65A,-1.8,ptmul
1MGRA,1RGG,A,R40E;R63E;R65A;R68A;R69A,-2.5,ptmul
1MGRA,1RGG,A,R65A,-1.0,vb1432
24,1RGG,A,S48A,0.5,korpm
24,1RGG,A,T16V,0.3,korpm
1MGRA,1RGG,A,T16V,0.3,vb1432
1MGRA,1RGG,A,T18V,-1.4,vb1432
1MGRA,1RGG,A,T56V,-1.9,vb1432
24,1RGG,A,T59V,-1.7,korpm
1MGRA,1RGG,A,T59V,-1.7,vb1432
1MGRA,1RGG,A,T5V,0.0,vb1432
1MGRA,1RGG,A,T67V,0.0,vb1432
1MGRA,1RGG,A,T72V,-0.2,vb1432
1MGRA,1RGG,A,T82V,-1.7,vb1432
1MGRA,1RGG,A,V2T,-0.9,vb1432
1MGRA,1RGG,A,V36T,-1.3,vb1432
24,1RGG,A,V43T,-0.5,korpm
1MGRA,1RGG,A,V43T,-0.5,vb1432
24,1RGG,A,V57T,-4.4,korpm
1MGRA,1RGG,A,V57T,-4.4,vb1432
1MGRA,1RGG,A,Y30F,0.4,broom
24,1RGG,A,Y30F,0.4,korpm
1MGRA,1RGG,A,Y30F,0.4,vb1432
1MGRA,1RGG,A,Y49F,-0.2,vb1432
1MGRA,1RGG,A,Y51F,-2.3,vb1432
1MGRA,1RGG,A,Y52F,-3.6,vb1432
1MGRA,1RGG,A,Y55F,-0.6,broom
1MGRA,1RGG,A,Y55F,-0.6,vb1432
1MGRA,1RGG,A,Y80F,-1.5,broom
1MGRA,1RGG,A,Y80F,-1.5,vb1432
1MGRA,1RGG,A,Y81F,-1.2,vb1432
1MGRA,1RGG,A,Y86F,-0.3,vb1432
1RHGA,1RHG,A,E33A,0.31,s2648
1RHGA,1RHG,A,E46A,-0.32,s2648
1RHGA,1RHG,A,G149A,1.38,s2648
1RHGA,1RHG,A,G149A;G150A,4.2,ptmul
1RHGA,1RHG,A,G150A,1.94,s2648
1RHGA,1RHG,A,G26A,1.93,s2648
1RHGA,1RHG,A,G26A;G149A;G150A,3.46,ptmul
1RHGA,1RHG,A,G26A;G28A,2.74,ptmul
1RHGA,1RHG,A,G28A,2.35,s2648
1RHGA,1RHG,A,G28A;G149A;G150A,6.16,ptmul
79,1RHG,A,G73A,1.44,korpm
1RHGA,1RHG,A,G73A,0.89,s2648
1RHGA,1RHG,A,G81A,-0.76,s2648
1RHGA,1RHG,A,G87A,-0.97,s2648
1RHGA,1RHG,A,L50E,-0.19,s2648
25,1RIL,A,L107E,-6.0,korpm
25,1RIL,A,L107K,-6.6,korpm
25,1RIL,A,L7E,-2.4,korpm
25,1RIL,A,T9E,-1.9,korpm
25,1RIL,A,V133E,-3.5,korpm
25,1RIL,A,V133K,-3.8,korpm
25,1RIL,A,V65E,-6.2,korpm
80,1RIS,A,A35G,-0.2,korpm
1RISA,1RIS,A,A35G,-0.77,s2648
1RISA,1RIS,A,E22Q,-1.12,s2648
1RISA,1RIS,A,F60A,0.3,broom
80,1RIS,A,F60A,0.3,korpm
1RISA,1RIS,A,F60A,-0.81,s2648
1RISA,1RIS,A,I26A,-2.84,s2648
80,1RIS,A,I52A,-1.0,korpm
1RISA,1RIS,A,I52A,-0.36,s2648
1RISA,1RIS,A,I8A,-2.9,broom
1RISA,1RIS,A,I8A,-3.56,s2648
1RISA,1RIS,A,L21A,1.2,broom
80,1RIS,A,L21A,1.2,korpm
1RISA,1RIS,A,L21A,-0.16,s2648
1RISA,1RIS,A,L48A,-0.3,broom
1RISA,1RIS,A,L48A,-0.21,s2648
1RISA,1RIS,A,L75A,-0.7,broom
1RISA,1RIS,A,L75A,-1.35,s2648
1RISA,1RIS,A,L79A,-2.7,broom
1RISA,1RIS,A,L79A,-3.91,s2648
1RISA,1RIS,A,V37A,-2.55,s2648
1RISA,1RIS,A,V65A,-2.89,s2648
1RISA,1RIS,A,V6A,-2.93,s2648
1RISA,1RIS,A,V85A,-3.02,s2648
1RISA,1RIS,A,V88A,-1.68,s2648
1RISA,1RIS,A,Y33A,0.6,broom
80,1RIS,A,Y33A,0.6,korpm
1RISA,1RIS,A,Y33A,0.41,s2648
81,1RN1,A,A21D,-0.71,korpm
81,1RN1,A,A21E,-0.69,korpm
81,1RN1,A,A21G,-1.1,korpm
81,1RN1,A,A21H,-0.17,korpm
81,1RN1,A,A21Q,-0.4,korpm
81,1RN1,A,A21S,-0.4,korpm
81,1RN1,A,D49H,1.1,korpm
81,1RN1,A,D76S,-3.3,korpm
81,1RN1,A,N81A,2.91,korpm
81,1RN1,A,V16C,-5.3,korpm
81,1RN1,A,V16S,-4.71,korpm
81,1RN1,A,V78C,-3.67,korpm
81,1RN1,A,V78S,-4.73,korpm
81,1RN1,A,V78T,-3.1,korpm
81,1RN1,A,V89C,-3.54,korpm
81,1RN1,A,V89S,-4.87,korpm
81,1RN1,A,V89T,-3.07,korpm
81,1RN1,A,W59Y,-0.93,korpm
81,1RN1,A,Y11F,2.03,korpm
81,1RN1,A,Y24W,1.24,korpm
81,1RN1,A,Y56F,0.71,korpm
81,1RN1,A,Y57F,0.44,korpm
81,1RN1,A,Y68F,1.35,korpm
1RN1C,1RN1,B,H40T;W59Y,-0.93,ptmul
1RN1C,1RN1,B,Q25K;E58A,0.36,ptmul
1RN1C,1RN1,B,W59Y;H92A,-1.53,ptmul
1RN1C,1RN1,B,Y24W;W59Y,0.29,ptmul
1RN1C,1RN1,B,Y42W;W59Y,-1.03,ptmul
1RN1C,1RN1,C,A21D,-0.71,vb1432
1RN1C,1RN1,C,A21E,-0.69,vb1432
1RN1C,1RN1,C,A21G,-1.1,s2648
1RN1C,1RN1,C,A21H,-0.17,vb1432
1RN1C,1RN1,C,A21Q,-0.4,vb1432
1RN1C,1RN1,C,A21S,-0.4,vb1432
1RN1C,1RN1,C,D49A,0.5,s2648
1RN1C,1RN1,C,D49F,0.1,s2648
1RN1C,1RN1,C,D49H,1.1,s2648
1RN1C,1RN1,C,D49H,1.1,vb1432
1RN1C,1RN1,C,D49Y,0.0,s2648
1RN1C,1RN1,C,D76A,-3.76,s2648
1RN1C,1RN1,C,D76A,-3.75,vb1432
1RN1C,1RN1,C,D76N,-3.39,s2648
1RN1C,1RN1,C,D76N,-3.1,vb1432
1RN1C,1RN1,C,D76S,-3.17,s2648
1RN1C,1RN1,C,D76S,-3.2,vb1432
1RN1C,1RN1,C,E58A,-0.42,s2648
1RN1C,1RN1,C,E58A,-0.78,vb1432
1RN1C,1RN1,C,G23A,-1.2,s2648
1RN1C,1RN1,C,H40T,-0.26,s2648
1RN1C,1RN1,C,H40T,-0.26,vb1432
1RN1C,1RN1,C,H92A,-0.62,s2648
1RN1C,1RN1,C,H92A,-0.62,vb1432
1RN1C,1RN1,C,N36A,0.0,vb1432
1RN1C,1RN1,C,N44A,-1.88,s2648
1RN1C,1RN1,C,N44A,-1.6,vb1432
1RN1C,1RN1,C,N44D,-1.58,s2648
1RN1C,1RN1,C,N44D,-1.6,vb1432
1RN1C,1RN1,C,N44S,-1.77,s2648
1RN1C,1RN1,C,N44S,-1.5,vb1432
1RN1C,1RN1,C,N81A,-2.91,vb1432
1RN1C,1RN1,C,N9A,-0.71,vb1432
1RN1C,1RN1,C,Q25K,0.88,s2648
1RN1C,1RN1,C,Q25K,0.93,ssym
1RN1C,1RN1,C,Q25K,0.94,vb1432
1RN1C,1RN1,C,S12A,-1.08,vb1432
1RN1C,1RN1,C,S17A,0.57,vb1432
1RN1C,1RN1,C,S64A,-1.56,vb1432
1RN1C,1RN1,C,V16A,-2.34,s2648
1RN1C,1RN1,C,V16A,-2.19,vb1432
1RN1C,1RN1,C,V16C,-4.99,s2648
1RN1C,1RN1,C,V16C,-4.68,vb1432
1RN1C,1RN1,C,V16S,-4.68,s2648
1RN1C,1RN1,C,V16S,-4.71,vb1432
1RN1C,1RN1,C,V16T,-3.65,s2648
1RN1C,1RN1,C,V16T,-4.1,vb1432
1RN1C,1RN1,C,V78A,-4.08,s2648
1RN1C,1RN1,C,V78A,-4.08,vb1432
1RN1C,1RN1,C,V78C,-3.67,s2648
1RN1C,1RN1,C,V78C,-3.67,vb1432
1RN1C,1RN1,C,V78S,-4.73,s2648
1RN1C,1RN1,C,V78S,-4.73,vb1432
1RN1C,1RN1,C,V78T,-3.59,s2648
1RN1C,1RN1,C,V78T,-3.1,vb1432
1RN1C,1RN1,C,V89C,-3.54,s2648
1RN1C,1RN1,C,V89C,-3.54,vb1432
1RN1C,1RN1,C,V89S,-4.87,s2648
1RN1C,1RN1,C,V89S,-4.87,vb1432
1RN1C,1RN1,C,V89T,-3.07,s2648
1RN1C,1RN1,C,V89T,-3.07,vb1432
1RN1C,1RN1,C,W59Y,-0.93,s2648
1RN1C,1RN1,C,W59Y,-0.93,vb1432
1RN1C,1RN1,C,Y11F,-2.03,vb1432
1RN1C,1RN1,C,Y24W,1.24,s2648
1RN1C,1RN1,C,Y24W,1.24,vb1432
1RN1C,1RN1,C,Y42F,1.15,vb1432
1RN1C,1RN1,C,Y42W,-0.14,s2648
1RN1C,1RN1,C,Y42W,-0.14,vb1432
1RN1C,1RN1,C,Y45W,0.74,s2648
1RN1C,1RN1,C,Y45W,0.74,vb1432
1RN1C,1RN1,C,Y56F,-0.71,vb1432
1RN1C,1RN1,C,Y57F,-0.44,vb1432
1RN1C,1RN1,C,Y68F,-1.35,vb1432
1ROPA,1ROP,A,D30A,0.3,s2648
1ROPA,1ROP,A,D30A,0.3,vb1432
1ROPA,1ROP,A,D30C,0.8,s2648
1ROPA,1ROP,A,D30C,0.8,vb1432
1ROPA,1ROP,A,D30E,1.0,s2648
1ROPA,1ROP,A,D30E,1.0,vb1432
1ROPA,1ROP,A,D30F,-0.1,s2648
1ROPA,1ROP,A,D30F,-0.1,vb1432
1ROPA,1ROP,A,D30G,2.0,s2648
1ROPA,1ROP,A,D30G,2.0,vb1432
1ROPA,1ROP,A,D30H,0.9,s2648
1ROPA,1ROP,A,D30H,0.9,vb1432
1ROPA,1ROP,A,D30I,-0.8,s2648
1ROPA,1ROP,A,D30I,-0.8,vb1432
1ROPA,1ROP,A,D30K,0.9,s2648
1ROPA,1ROP,A,D30K,0.9,vb1432
1ROPA,1ROP,A,D30L,-0.1,s2648
1ROPA,1ROP,A,D30L,-0.1,vb1432
1ROPA,1ROP,A,D30M,0.6,s2648
1ROPA,1ROP,A,D30M,0.6,vb1432
1ROPA,1ROP,A,D30N,0.8,s2648
1ROPA,1ROP,A,D30N,0.8,vb1432
1ROPA,1ROP,A,D30P,-1.6,vb1432
1ROPA,1ROP,A,D30Q,1.8,s2648
1ROPA,1ROP,A,D30Q,1.8,vb1432
1ROPA,1ROP,A,D30R,0.8,s2648
1ROPA,1ROP,A,D30R,0.8,vb1432
1ROPA,1ROP,A,D30S,1.0,s2648
1ROPA,1ROP,A,D30S,1.0,vb1432
1ROPA,1ROP,A,D30T,-0.4,s2648
1ROPA,1ROP,A,D30T,-0.4,vb1432
1ROPA,1ROP,A,D30V,-0.4,s2648
1ROPA,1ROP,A,D30V,-0.4,vb1432
1ROPA,1ROP,A,D30W,-0.4,s2648
1ROPA,1ROP,A,D30W,-0.4,vb1432
1ROPA,1ROP,A,D30Y,0.2,s2648
1ROPA,1ROP,A,D30Y,0.2,vb1432
1ROPA,1ROP,A,L41A,-3.06,s2648
1ROPA,1ROP,A,L41A,-6.12,vb1432
1ROPA,1ROP,A,L41V,-1.26,s2648
1ROPA,1ROP,A,L41V,-2.53,vb1432
82,1RRO,A,P21A,-0.74,korpm
1RTP1,1RRO,A,P21A,-0.74,vb1432
1RTP1,1RRO,A,P21A;P26A,-1.77,ptmul
1RTP1,1RRO,A,P26A,-0.74,vb1432
1RTBA,1RTB,A,A109G,-0.43,s2648
1RTBA,1RTB,A,A109G,-0.43,vb1432
1RTBA,1RTB,A,A4C;V118C,1.12,ptmul
83,1RTB,A,A4S,-0.57,korpm
1RTBA,1RTB,A,A4S,-0.45,s2648
1RTBA,1RTB,A,A4S,-0.51,vb1432
83,1RTB,A,A5S,-0.37,korpm
1RTBA,1RTB,A,A5S,-0.27,s2648
1RTBA,1RTB,A,A5S,-0.37,vb1432
1RTBA,1RTB,A,A64G,-0.44,s2648
1RTBA,1RTB,A,A64G,-0.43,vb1432
1RTBA,1RTB,A,D121A,-1.95,s2648
1RTBA,1RTB,A,D121A,-1.5,vb1432
1RTBA,1RTB,A,D121N,-1.71,s2648
1RTBA,1RTB,A,D121N,-1.1,vb1432
83,1RTB,A,D83E,1.94,korpm
83,1RTB,A,D83N,0.1,korpm
1RTBA,1RTB,A,F46A,-6.36,broom
1RTBA,1RTB,A,F46A,-6.36,vb1432
83,1RTB,A,F46E,-0.12,korpm
83,1RTB,A,F46K,-0.58,korpm
83,1RTB,A,F46L,-0.765,korpm
1RTBA,1RTB,A,F46L,-3.21,s2648
1RTBA,1RTB,A,F46L,-3.2,vb1432
1RTBA,1RTB,A,F46V,-4.54,broom
83,1RTB,A,F46V,-1.085,korpm
1RTBA,1RTB,A,F46V,-4.55,s2648
1RTBA,1RTB,A,F46V,-4.54,vb1432
1RTBA,1RTB,A,H105C;V124C,-0.12,ptmul
83,1RTB,A,H119A,0.2,korpm
1RTBA,1RTB,A,H119A,0.35,s2648
1RTBA,1RTB,A,H119A,-0.9,vb1432
1RTBA,1RTB,A,I106A,-4.38,s2648
1RTBA,1RTB,A,I106A,-4.37,vb1432
83,1RTB,A,I106L,-1.79,korpm
1RTBA,1RTB,A,I106L,-1.79,s2648
1RTBA,1RTB,A,I106L,-1.79,vb1432
83,1RTB,A,I106V,-0.8,korpm
1RTBA,1RTB,A,I106V,-0.8,s2648
1RTBA,1RTB,A,I106V,-0.8,vb1432
83,1RTB,A,I107A,-2.84,korpm
1RTBA,1RTB,A,I107A,-2.85,s2648
1RTBA,1RTB,A,I107A,-2.84,vb1432
1RTBA,1RTB,A,I107C;A122C,-2.27,ptmul
83,1RTB,A,I107L,-2.19,korpm
1RTBA,1RTB,A,I107L,-2.2,s2648
1RTBA,1RTB,A,I107L,-2.19,vb1432
1RTBA,1RTB,A,I107V,-0.08,s2648
1RTBA,1RTB,A,I107V,-0.08,vb1432
1RTBA,1RTB,A,I81A,-2.99,s2648
1RTBA,1RTB,A,I81A,-2.99,vb1432
83,1RTB,A,I81G,-4.8,korpm
1RTBA,1RTB,A,I81G,-4.81,s2648
1RTBA,1RTB,A,I81G,-4.8,vb1432
1RTBA,1RTB,A,I81V,-0.43,s2648
1RTBA,1RTB,A,I81V,-0.43,vb1432
1RTBA,1RTB,A,M30C;N44C,-5.04,ptmul
1RTBA,1RTB,A,P114A,-3.2,vb1432
83,1RTB,A,P114G,-3.3,korpm
1RTBA,1RTB,A,P114G,-3.3,vb1432
1RTBA,1RTB,A,P93A,-2.7,vb1432
1RTBA,1RTB,A,P93A;P114G,-4.2,ptmul
83,1RTB,A,P93G,-2.6,korpm
1RTBA,1RTB,A,P93G,-2.2,vb1432
83,1RTB,A,P93S,-2.1,korpm
1RTBA,1RTB,A,P93S,-2.1,vb1432
1RTBA,1RTB,A,R10C;R33C,-1.39,ptmul
83,1RTB,A,S123A,0.47,korpm
1RTBA,1RTB,A,S123A,0.69,s2648
1RTBA,1RTB,A,S123A,0.46,vb1432
83,1RTB,A,S21P,-0.79,korpm
1RTBA,1RTB,A,S75A,-2.5,vb1432
83,1RTB,A,S75T,-2.8,korpm
1RTBA,1RTB,A,S75T,-2.8,vb1432
1RTBA,1RTB,A,V108A,-4.2,s2648
1RTBA,1RTB,A,V108A,-4.2,vb1432
1RTBA,1RTB,A,V108G,-7.28,vb1432
1RTBA,1RTB,A,V108I,-0.44,s2648
1RTBA,1RTB,A,V108I,-0.43,vb1432
1RTBA,1RTB,A,V108L,-0.7,s2648
1RTBA,1RTB,A,V108L,-0.7,vb1432
1RTBA,1RTB,A,V116A,-0.67,s2648
1RTBA,1RTB,A,V116A,-0.66,vb1432
1RTBA,1RTB,A,V116G,-1.18,s2648
1RTBA,1RTB,A,V116G,-1.18,vb1432
1RTBA,1RTB,A,V118A,-1.92,s2648
1RTBA,1RTB,A,V118A,-1.92,vb1432
83,1RTB,A,V118G,-2.77,korpm
1RTBA,1RTB,A,V118G,-2.78,s2648
1RTBA,1RTB,A,V118G,-2.77,vb1432
1RTBA,1RTB,A,V43C;R85C,1.0,ptmul
1RTBA,1RTB,A,V47A,-3.8,s2648
1RTBA,1RTB,A,V47A,-3.8,vb1432
1RTBA,1RTB,A,V47G,-7.34,vb1432
1RTBA,1RTB,A,V54A,-2.58,s2648
1RTBA,1RTB,A,V54A,-2.58,vb1432
1RTBA,1RTB,A,V54G,-4.87,s2648
1RTBA,1RTB,A,V54G,-4.87,vb1432
1RTBA,1RTB,A,V54I,-1.95,s2648
1RTBA,1RTB,A,V54I,-1.95,vb1432
83,1RTB,A,V54L,-1.09,korpm
1RTBA,1RTB,A,V54L,-1.09,s2648
1RTBA,1RTB,A,V54L,-1.09,vb1432
1RTBA,1RTB,A,V57A,-2.85,s2648
1RTBA,1RTB,A,V57A,-2.85,vb1432
1RTBA,1RTB,A,V57G,-5.52,vb1432
1RTBA,1RTB,A,V57I,-1.3,s2648
1RTBA,1RTB,A,V57I,-1.3,vb1432
1RTBA,1RTB,A,V57L,-2.37,s2648
1RTBA,1RTB,A,V57L,-2.37,vb1432
1RTBA,1RTB,A,V63A,-2.03,s2648
1RTBA,1RTB,A,V63A,-2.02,vb1432
83,1RTB,A,V63G,-3.5,korpm
1RTBA,1RTB,A,V63G,-3.5,s2648
1RTBA,1RTB,A,V63G,-3.5,vb1432
1RTBA,1RTB,A,Y97A,-12.0,vb1432
1RTBA,1RTB,A,Y97F,-3.54,s2648
1RTBA,1RTB,A,Y97F,-3.54,vb1432
1RTBA,1RTB,A,Y97G,-11.7,vb1432
1RTP1,1RTP,1,A21P,-0.5,vb1432
1RTP1,1RTP,1,A21P;H26P,-0.5,ptmul
1RTP1,1RTP,1,A21P;K80S,0.45,ptmul
1RTP1,1RTP,1,H26P,1.25,vb1432
1RTP1,1RTP,1,K80S,-0.29,s2648
1RTP1,1RTP,1,K80S,-0.29,vb1432
84,1RX4,A,C85S,-0.3,korpm
1RX4A,1RX4,A,E139K,-2.36,vb1432
1RX4A,1RX4,A,E139Q,-1.36,vb1432
84,1RX4,A,G121A,0.5,korpm
84,1RX4,A,G121C,0.09,korpm
84,1RX4,A,G121D,0.19,korpm
84,1RX4,A,G121H,-0.11,korpm
84,1RX4,A,G121L,-0.38,korpm
84,1RX4,A,G121S,0.01,korpm
84,1RX4,A,G121V,-1.22,korpm
84,1RX4,A,G121Y,-0.2,korpm
84,1RX4,A,G67A,0.52,korpm
84,1RX4,A,G67C,-0.36,korpm
84,1RX4,A,G67D,-0.14,korpm
84,1RX4,A,G67L,-0.44,korpm
84,1RX4,A,G67S,0.07,korpm
84,1RX4,A,G67T,-0.21,korpm
84,1RX4,A,G67V,-0.94,korpm
84,1RX4,A,I155L,-2.8,korpm
84,1RX4,A,I155V,0.14,korpm
84,1RX4,A,I61L,-1.46,korpm
84,1RX4,A,I91L,-2.43,korpm
84,1RX4,A,L110V,-1.0,korpm
1RX4A,1RX4,A,L28R,0.5,vb1432
1RX4A,1RX4,A,L28R;E139Q,0.46,ptmul
84,1RX4,A,P21L,-0.1,korpm
84,1RX4,A,P66A,1.3,korpm
1RX4A,1RX4,A,R44L;P66A,0.9,ptmul
1RX4A,1RX4,A,V75A,-0.2,vb1432
1RX4A,1RX4,A,V75C,-0.2,vb1432
1RX4A,1RX4,A,V75H,-1.9,vb1432
1RX4A,1RX4,A,V75I,-2.0,vb1432
1RX4A,1RX4,A,V75R,-2.8,vb1432
1RX4A,1RX4,A,V75S,-1.9,vb1432
1RX4A,1RX4,A,V75Y,-2.3,vb1432
84,1RX4,A,V88A,0.39,korpm
1RX4A,1RX4,A,V88A,0.2,vb1432
84,1RX4,A,V88I,0.75,korpm
1RX4A,1RX4,A,V88I,-1.73,vb1432
1SAKA,1SAK,A,A347G,-0.97,s2648
1SAKA,1SAK,A,D352A,-0.62,s2648
1SAKA,1SAK,A,E326A,-0.4,s2648
1SAKA,1SAK,A,E336A,0.4,s2648
1SAKA,1SAK,A,E339A,-0.66,s2648
1SAKA,1SAK,A,E343A,-0.25,s2648
1SAKA,1SAK,A,E346A,-0.27,s2648
1SAKA,1SAK,A,E349A,-1.18,s2648
1SAKA,1SAK,A,F328A,-2.36,s2648
1SAKA,1SAK,A,F328L,-1.43,s2648
1SAKA,1SAK,A,F328L;I332V;F341L;L344I,-5.7,ptmul
1SAKA,1SAK,A,F338A,-2.03,s2648
1SAKA,1SAK,A,F341I,-2.01,s2648
1SAKA,1SAK,A,F341L,-0.91,s2648
1SAKA,1SAK,A,F341L;L344F,-8.4,ptmul
1SAKA,1SAK,A,F341L;L344I,-1.3,ptmul
1SAKA,1SAK,A,I332V,-0.99,s2648
1SAKA,1SAK,A,I332V;F341L,-2.2,ptmul
1SAKA,1SAK,A,I332V;F341L;L344I,-0.1,ptmul
1SAKA,1SAK,A,I332V;M340I;F341L,-3.1,ptmul
1SAKA,1SAK,A,K351A,0.57,s2648
1SAKA,1SAK,A,L330F,-1.8,s2648
1SAKA,1SAK,A,L344F,-1.62,s2648
1SAKA,1SAK,A,L344I,-0.41,s2648
1SAKA,1SAK,A,L350A,-0.5,s2648
1SAKA,1SAK,A,M340A,-1.9,s2648
1SAKA,1SAK,A,M340I,-0.38,s2648
1SAKA,1SAK,A,N345A,-0.98,s2648
1SAKA,1SAK,A,Q331A,-0.46,s2648
1SAKA,1SAK,A,R333A,-1.05,s2648
1SAKA,1SAK,A,R335A,-0.75,s2648
1SAKA,1SAK,A,R337A,-2.41,s2648
1SAKA,1SAK,A,R342A,-0.38,s2648
1SAKA,1SAK,A,T329A,-1.02,s2648
1SCEA,1SCE,A,P90A;P92A,0.93,ptmul
1SCEA,1SCE,A,P90G;P92G,0.88,ptmul
1SHFA,1SHF,A,E107A,-1.27,s2648
1SHFA,1SHF,A,E107A;S124A,-1.48,ptmul
1SHFA,1SHF,A,E107A;S124D,-0.9,ptmul
1SHFA,1SHF,A,E107A;S124K,-1.17,ptmul
1SHFA,1SHF,A,E107A;S124L,-0.43,ptmul
1SHFA,1SHF,A,E107A;S124R,-1.65,ptmul
1SHFA,1SHF,A,E107D,0.68,s2648
1SHFA,1SHF,A,E107F,-1.63,broom
1SHFA,1SHF,A,E107F,-1.63,s2648
1SHFA,1SHF,A,E107G,-2.29,s2648
1SHFA,1SHF,A,E107H,-0.99,broom
1SHFA,1SHF,A,E107H,-0.99,s2648
1SHFA,1SHF,A,E107I,-2.71,s2648
1SHFA,1SHF,A,E107K,-0.97,broom
1SHFA,1SHF,A,E107K,-0.97,s2648
1SHFA,1SHF,A,E107L,-2.87,broom
1SHFA,1SHF,A,E107L,-3.02,s2648
1SHFA,1SHF,A,E107L;S124A,-2.71,ptmul
1SHFA,1SHF,A,E107P,-1.71,broom
1SHFA,1SHF,A,E107Q,-0.74,s2648
1SHFA,1SHF,A,E107R,-3.38,s2648
1SHFA,1SHF,A,E107R;S124D,-1.34,ptmul
1SHFA,1SHF,A,E107S,-1.64,s2648
1SHFA,1SHF,A,E107T,-0.6,s2648
1SHFA,1SHF,A,E107V,-2.0,s2648
1SHFA,1SHF,A,E107Y,-2.4,broom
1SHFA,1SHF,A,E107Y,-2.4,s2648
1SHFA,1SHF,A,G128A,-1.84,broom
1SHFA,1SHF,A,G128A,-1.78,s2648
1SHFA,1SHF,A,G128A;S124K,-1.89,ptmul
1SHFA,1SHF,A,I111A,-2.84,s2648
1SHFA,1SHF,A,I111L,-0.71,s2648
1SHFA,1SHF,A,I111V,-0.63,s2648
1SHFA,1SHF,A,S124A,-0.71,s2648
1SHFA,1SHF,A,S124D,-2.02,broom
1SHFA,1SHF,A,S124D,-2.02,s2648
1SHFA,1SHF,A,S124F,-1.9,broom
1SHFA,1SHF,A,S124F,-1.9,s2648
1SHFA,1SHF,A,S124G,-1.68,broom
1SHFA,1SHF,A,S124G,-1.68,s2648
1SHFA,1SHF,A,S124H,-1.25,broom
1SHFA,1SHF,A,S124H,-1.25,s2648
1SHFA,1SHF,A,S124I,-1.41,s2648
1SHFA,1SHF,A,S124K,0.11,s2648
1SHFA,1SHF,A,S124L,-0.37,broom
1SHFA,1SHF,A,S124L,-0.37,s2648
1SHFA,1SHF,A,S124N,-0.73,broom
1SHFA,1SHF,A,S124N,-0.73,s2648
1SHFA,1SHF,A,S124R,-0.18,s2648
1SHFA,1SHF,A,S124T,-1.65,s2648
1SHFA,1SHF,A,S124V,-1.1,s2648
1SHFA,1SHF,A,S124Y,-2.27,s2648
1SHFA,1SHF,A,T127A,-2.59,s2648
1SHFA,1SHF,A,T127A;S124K,-2.7,ptmul
1SHFA,1SHF,A,V138A,-2.34,s2648
1SHFA,1SHF,A,V138G,-3.65,s2648
1SHFA,1SHF,A,V138M,-0.52,s2648
1SHFA,1SHF,A,V138T,-2.4,s2648
1SHGA,1SHG,A,A11V;M25I;V44I;V58L,0.5,ptmul
1SHGA,1SHG,A,A11V;M25I;V58L,2.2,ptmul
1SHGA,1SHG,A,A11V;M25V;V44I;V58L,1.5,ptmul
1SHGA,1SHG,A,A11V;V23L;M25I;V44I;V58L,0.2,ptmul
1SHGA,1SHG,A,A11V;V23L;M25I;V53I;V58L,-0.1,ptmul
1SHGA,1SHG,A,A11V;V23L;M25I;V58L,2.0,ptmul
1SHGA,1SHG,A,A11V;V23L;M25L;V44A;V53F;V58L,-3.3,ptmul
1SHGA,1SHG,A,A11V;V23L;M25V;V44I;V58L,1.0,ptmul
1SHGA,1SHG,A,A11V;V23L;M25V;V53I;V58L,1.7,ptmul
9,1SHG,A,D48G,1.7,korpm
1SHGA,1SHG,A,D48G,0.82,s2648
9,1SHG,A,F52Y,0.44,korpm
1SHGA,1SHG,A,F52Y,0.44,s2648
1SHGA,1SHG,A,F52Y,-0.44,vb1432
1SHGA,1SHG,A,K18F,-2.33,broom
9,1SHG,A,K18F,-2.33,korpm
1SHGA,1SHG,A,K18F,2.33,vb1432
1SHGA,1SHG,A,K18Y;F52Y;K59Y,2.11,ptmul
1SHGA,1SHG,A,K18Y;K27Y;F52Y;K59Y,4.75,ptmul
1SHGA,1SHG,A,K18Y;K59F,-3.6,ptmul
1SHGA,1SHG,A,K18Y;K59F;Y57F,1.21,ptmul
9,1SHG,A,K59F,-0.92,korpm
1SHGA,1SHG,A,K59F,-0.92,s2648
1SHGA,1SHG,A,K59F,-0.92,vb1432
9,1SHG,A,K59Y,-0.84,korpm
1SHGA,1SHG,A,K59Y,-0.84,s2648
1SHGA,1SHG,A,K59Y,0.84,vb1432
1SHGA,1SHG,A,V9I;A11I;V23I;M25I;V44I;V53I;V58I,-1.5,ptmul
1SHGA,1SHG,A,V9I;A11V;V23L;M25I;V44I;V53I;V58I,-2.0,ptmul
1SHGA,1SHG,A,V9I;A11V;V23L;M25I;V53F;V58L,-2.6,ptmul
1SHGA,1SHG,A,V9I;V23L;M25V;V44I;V58N,-4.1,ptmul
1SHGA,1SHG,A,V9L;A11V;V23L;M25I;L31I;L33I;V44L;V53F;V58L,-3.1,ptmul
1SHGA,1SHG,A,V9L;A11V;V23L;M25I;L33I;V44I;V53I;V58I,-2.4,ptmul
1SHGA,1SHG,A,V9L;A11V;V23L;M25I;L33I;V53I;V58I,-2.5,ptmul
1SHGA,1SHG,A,V9L;A11V;V23L;M25L;V53L;V58L,-2.8,ptmul
1SHGA,1SHG,A,Y13F,-2.53,broom
1SHGA,1SHG,A,Y13F;K18F;K59F,2.44,ptmul
1SHGA,1SHG,A,Y13F;K18F;K59F;Y57F,2.48,ptmul
1SHGA,1SHG,A,Y13F;K18Y;K59F,-0.06,ptmul
1SHGA,1SHG,A,Y13F;K18Y;K59F;Y57F,0.07,ptmul
1SHGA,1SHG,A,Y13F;Y57F,-3.3,ptmul
1SHGA,1SHG,A,Y57F,-2.57,broom
1SHGA,1SHG,A,Y57F;K59Y,0.97,ptmul
1AZPA,1SSO,A,I29V,-0.4,s2648
1AZPA,1SSO,A,I29V,-0.4,vb1432
28,1STN,A,A102F,-1.9,korpm
28,1STN,A,A112F,-1.6,korpm
28,1STN,A,A60C,-1.2,korpm
28,1STN,A,A60F,-0.8,korpm
1EY0A,1STN,A,A60G,-1.5,vb1432
1EY0A,1STN,A,A60V,-2.9,vb1432
28,1STN,A,A69T,-2.7,korpm
1EY0A,1STN,A,A69T;A90S,-4.7,ptmul
28,1STN,A,A90S,-2.1,korpm
1EY0A,1STN,A,A90S,-2.37,vb1432
1EY0A,1STN,A,D19F,-1.5,broom
28,1STN,A,D19F,-1.5,korpm
28,1STN,A,D19K,-0.3,korpm
28,1STN,A,D21A,0.7,korpm
28,1STN,A,D21G,0.3,korpm
1EY0A,1STN,A,D21K,1.0,broom
28,1STN,A,D21K,1.0,korpm
28,1STN,A,D21N,1.4,korpm
28,1STN,A,D40G,-0.5,korpm
1EY0A,1STN,A,D77A,-3.2,vb1432
28,1STN,A,D77G,-2.2,korpm
1EY0A,1STN,A,D77G,-2.2,vb1432
1EY0A,1STN,A,D77K,-3.5,broom
1EY0A,1STN,A,D83A,-3.9,vb1432
1EY0A,1STN,A,D83F,-5.2,broom
28,1STN,A,D83F,-5.2,korpm
1EY0A,1STN,A,D83G,-2.8,vb1432
1EY0A,1STN,A,D95A,-3.6,vb1432
1EY0A,1STN,A,D95F,-5.3,broom
28,1STN,A,D95F,-5.3,korpm
1EY0A,1STN,A,D95G,-3.1,vb1432
28,1STN,A,E101F,-3.1,korpm
28,1STN,A,E122F,-0.8,korpm
28,1STN,A,E129F,-4.0,korpm
28,1STN,A,E129G,-3.8,korpm
28,1STN,A,E135F,-1.2,korpm
28,1STN,A,E43A,0.3,korpm
28,1STN,A,E43D,0.2,korpm
28,1STN,A,E43G,0.5,korpm
28,1STN,A,E52F,-0.7,korpm
28,1STN,A,E57C,-0.7,korpm
28,1STN,A,E57F,-0.9,korpm
28,1STN,A,E67F,-1.4,korpm
1EY0A,1STN,A,E73A,-1.6,vb1432
1EY0A,1STN,A,E73A;V74A,-5.2,ptmul
28,1STN,A,E73F,-1.1,korpm
28,1STN,A,E75V,-2.3,korpm
1EY0A,1STN,A,E75V;A130G,-3.4,ptmul
1EY0A,1STN,A,E75V;A69T,-4.35,ptmul
1EY0A,1STN,A,E75V;A90S,-3.6,ptmul
1EY0A,1STN,A,E75V;G79S,-4.67,ptmul
1EY0A,1STN,A,E75V;I15V,-2.83,ptmul
1EY0A,1STN,A,E75V;I72V,-3.12,ptmul
1EY0A,1STN,A,E75V;I92V,-2.05,ptmul
1EY0A,1STN,A,E75V;P117L,-1.61,ptmul
1EY0A,1STN,A,E75V;T33S,-3.21,ptmul
1EY0A,1STN,A,E75V;Y113A,-1.55,ptmul
1EY0A,1STN,A,E75V;Y85A,-2.51,ptmul
28,1STN,A,F34C,-2.8,korpm
1EY0A,1STN,A,F34G,-6.2,broom
28,1STN,A,F34G,-6.2,korpm
1EY0A,1STN,A,F61A,-2.4,vb1432
1EY0A,1STN,A,F61A;T62A,-4.6,ptmul
28,1STN,A,F61G,-4.8,korpm
1EY0A,1STN,A,F61G,-4.7,vb1432
28,1STN,A,F76A,-4.05,korpm
1EY0A,1STN,A,F76A,-4.1,vb1432
28,1STN,A,F76G,-4.7,korpm
1EY0A,1STN,A,F76G,-4.7,vb1432
1EY0A,1STN,A,F76V;H124L,0.0,ptmul
1EY0A,1STN,A,F76W;W140H,-1.0,ptmul
28,1STN,A,G29C,-1.1,korpm
28,1STN,A,G29F,-1.4,korpm
1EY0A,1STN,A,G29V,-3.0,broom
28,1STN,A,G29V,-3.0,korpm
28,1STN,A,G50A,0.2,korpm
28,1STN,A,G50C,-0.8,korpm
28,1STN,A,G50F,-0.8,korpm
28,1STN,A,G50V,-1.1,korpm
1EY0A,1STN,A,G55V,-1.8,broom
28,1STN,A,G79D,-2.28,korpm
1EY0A,1STN,A,G79D;N118D,-2.58,ptmul
28,1STN,A,G79S,-2.6,korpm
1EY0A,1STN,A,G79S,-1.3,vb1432
1EY0A,1STN,A,G79S;A130G,-3.68,ptmul
1EY0A,1STN,A,G79S;I15V,-3.1,ptmul
1EY0A,1STN,A,G79S;I72V,-3.61,ptmul
1EY0A,1STN,A,G79S;I92V,-2.55,ptmul
1EY0A,1STN,A,G79S;N118D,-2.79,ptmul
1EY0A,1STN,A,G79S;P117L,-2.08,ptmul
1EY0A,1STN,A,G79S;Y113A,-2.22,ptmul
1EY0A,1STN,A,G79S;Y85A,-2.69,ptmul
28,1STN,A,G79V,-2.4,korpm
1EY0A,1STN,A,G86F,-2.0,broom
28,1STN,A,G86F,-2.0,korpm
1EY0A,1STN,A,G88V,0.5,vb1432
1EY0A,1STN,A,G96F,-3.0,broom
28,1STN,A,G96F,-3.0,korpm
1EY0A,1STN,A,G96V,-3.7,broom
28,1STN,A,H121G,-4.2,korpm
28,1STN,A,H124A,0.4,korpm
1EY0A,1STN,A,H124E,0.2,broom
28,1STN,A,H124E,0.2,korpm
28,1STN,A,H124F,0.3,korpm
28,1STN,A,H124G,-0.5,korpm
28,1STN,A,H124L,1.15,korpm
1EY0A,1STN,A,H124L,-4.07,vb1432
28,1STN,A,H124Q,0.6,korpm
28,1STN,A,H46G,-0.4,korpm
1EY0A,1STN,A,H46Y,-3.35,vb1432
28,1STN,A,H8G,-0.8,korpm
1EY0A,1STN,A,I139L,-0.1,broom
28,1STN,A,I139M,-0.4,korpm
28,1STN,A,I15G,-3.3,korpm
28,1STN,A,I15L,-0.6,korpm
1EY0A,1STN,A,I15M,-0.3,broom
28,1STN,A,I15M,-0.3,korpm
1EY0A,1STN,A,I15V;I72V,-2.01,ptmul
1EY0A,1STN,A,I15V;Y113A,-0.62,ptmul
1EY0A,1STN,A,I15V;Y85V,-1.06,ptmul
28,1STN,A,I18G,-2.5,korpm
1EY0A,1STN,A,I18G,-2.6,vb1432
28,1STN,A,I18L,-0.2,korpm
28,1STN,A,I18M,-0.5,korpm
1EY0A,1STN,A,I18M,-3.11,vb1432
1EY0A,1STN,A,I18M;A69T,-0.37,ptmul
1EY0A,1STN,A,I18M;A90S,-0.5,ptmul
1EY0A,1STN,A,I18M;T33S,-2.0,ptmul
1EY0A,1STN,A,I72A,-5.1,broom
1EY0A,1STN,A,I72G,-6.5,broom
28,1STN,A,I72G,-6.5,korpm
1EY0A,1STN,A,I72L,-0.2,broom
1EY0A,1STN,A,I72L;I92L,-0.7,ptmul
1EY0A,1STN,A,I72L;I92L;V99I,-1.4,ptmul
1EY0A,1STN,A,I72L;I92L;V99L,-1.4,ptmul
1EY0A,1STN,A,I72L;I92V,-0.7,ptmul
1EY0A,1STN,A,I72L;I92V;V99I,-0.7,ptmul
1EY0A,1STN,A,I72L;I92V;V99L,-1.1,ptmul
1EY0A,1STN,A,I72L;V99I,-0.5,ptmul
1EY0A,1STN,A,I72L;V99L,-0.8,ptmul
28,1STN,A,I72M,-1.8,korpm
1EY0A,1STN,A,I72V;I92L,-1.8,ptmul
1EY0A,1STN,A,I72V;I92L;V99I,-2.1,ptmul
1EY0A,1STN,A,I72V;I92L;V99L,-2.4,ptmul
1EY0A,1STN,A,I72V;I92V,-1.7,ptmul
1EY0A,1STN,A,I72V;I92V;V99I,-1.4,ptmul
1EY0A,1STN,A,I72V;I92V;V99L,-2.0,ptmul
1EY0A,1STN,A,I72V;V99I,-1.2,ptmul
1EY0A,1STN,A,I72V;V99L,-1.7,ptmul
1EY0A,1STN,A,I72V;Y113A,-0.94,ptmul
1EY0A,1STN,A,I72V;Y85A,-1.6,ptmul
1EY0A,1STN,A,I92G,-6.6,broom
28,1STN,A,I92G,-6.6,korpm
28,1STN,A,I92L,-0.6,korpm
1EY0A,1STN,A,I92L;V99I,-0.9,ptmul
1EY0A,1STN,A,I92L;V99L,-1.3,ptmul
1EY0A,1STN,A,I92M,-1.6,broom
28,1STN,A,I92M,-1.6,korpm
1EY0A,1STN,A,I92V;V99I,-0.7,ptmul
1EY0A,1STN,A,I92V;V99L,-0.9,ptmul
28,1STN,A,K116F,-0.1,korpm
28,1STN,A,K134C,-0.7,korpm
28,1STN,A,K16F,-0.5,korpm
1EY0A,1STN,A,K24F,-0.6,broom
28,1STN,A,K28F,-0.9,korpm
28,1STN,A,K28Q,-0.3,korpm
28,1STN,A,K45G,0.2,korpm
28,1STN,A,K48G,0.2,korpm
1EY0A,1STN,A,K63Q,-1.0,broom
28,1STN,A,K64A,0.1,korpm
28,1STN,A,K6G,0.3,korpm
28,1STN,A,K70C,-0.5,korpm
1EY0A,1STN,A,K70E,-0.4,broom
28,1STN,A,K70F,-0.2,korpm
28,1STN,A,K78C,-0.4,korpm
28,1STN,A,K78F,0.1,korpm
1EY0A,1STN,A,K78Q,-0.1,broom
28,1STN,A,K78Q,-0.1,korpm
1EY0A,1STN,A,K84Q,-0.1,broom
1EY0A,1STN,A,K9F,-1.2,broom
1EY0A,1STN,A,L103A,-4.6,vb1432
1EY0A,1STN,A,L103G,-6.6,broom
1EY0A,1STN,A,L108A,-5.8,broom
1EY0A,1STN,A,L108G,-7.2,broom
1EY0A,1STN,A,L108V,-3.9,broom
1EY0A,1STN,A,L125G,-7.0,broom
1EY0A,1STN,A,L125I,-1.0,broom
28,1STN,A,L125I,-1.0,korpm
28,1STN,A,L137G,-4.6,korpm
28,1STN,A,L137I,-0.8,korpm
1EY0A,1STN,A,L137V,-1.4,broom
28,1STN,A,L14G,-3.7,korpm
1EY0A,1STN,A,L14V,-1.5,broom
28,1STN,A,L14V,-1.5,korpm
1EY0A,1STN,A,L25A,-2.7,broom
1EY0A,1STN,A,L25A,-2.6,vb1432
1EY0A,1STN,A,L25A;M26A,-4.4,ptmul
28,1STN,A,L25G,-4.5,korpm
1EY0A,1STN,A,L25I;I72L,-1.7,ptmul
1EY0A,1STN,A,L25I;I72V,-3.0,ptmul
1EY0A,1STN,A,L25I;V66I,-3.0,ptmul
1EY0A,1STN,A,L25I;V66I;I72L,-3.0,ptmul
1EY0A,1STN,A,L25I;V66I;I72V,-3.2,ptmul
1EY0A,1STN,A,L25I;V66L,-1.9,ptmul
1EY0A,1STN,A,L25I;V66L;I72L,-2.3,ptmul
1EY0A,1STN,A,L25I;V66L;I72V,-2.2,ptmul
1EY0A,1STN,A,L25V;I72L,-1.6,ptmul
1EY0A,1STN,A,L25V;I72V,-2.9,ptmul
1EY0A,1STN,A,L25V;V66I,-2.9,ptmul
1EY0A,1STN,A,L25V;V66I;I72L,-3.0,ptmul
1EY0A,1STN,A,L25V;V66I;I72V,-3.1,ptmul
1EY0A,1STN,A,L25V;V66L,-1.8,ptmul
1EY0A,1STN,A,L25V;V66L;I72L,-2.2,ptmul
1EY0A,1STN,A,L25V;V66L;I72V,-2.0,ptmul
1EY0A,1STN,A,L36A,-3.6,vb1432
28,1STN,A,L36C,-2.9,korpm
28,1STN,A,L36G,-5.3,korpm
1EY0A,1STN,A,L36G,-5.4,vb1432
1EY0A,1STN,A,L36V,-3.5,broom
28,1STN,A,L37A,-1.75,korpm
1EY0A,1STN,A,L37A,-1.8,vb1432
1EY0A,1STN,A,L37A;A130G,-2.53,ptmul
1EY0A,1STN,A,L37A;A69T,-4.13,ptmul
1EY0A,1STN,A,L37A;A90S,-3.32,ptmul
1EY0A,1STN,A,L37A;E75V,-2.47,ptmul
1EY0A,1STN,A,L37A;G79S,-1.83,ptmul
1EY0A,1STN,A,L37A;I15V,-2.17,ptmul
1EY0A,1STN,A,L37A;I72V,-2.78,ptmul
1EY0A,1STN,A,L37A;I92V,-1.77,ptmul
1EY0A,1STN,A,L37A;L38A,-1.8,ptmul
1EY0A,1STN,A,L37A;N118D,-1.72,ptmul
1EY0A,1STN,A,L37A;P117L,-1.69,ptmul
1EY0A,1STN,A,L37A;T33S,-2.21,ptmul
1EY0A,1STN,A,L37A;Y113A,-1.46,ptmul
1EY0A,1STN,A,L37A;Y85A,-1.98,ptmul
28,1STN,A,L37G,-3.85,korpm
1EY0A,1STN,A,L37G,-3.9,vb1432
1EY0A,1STN,A,L37I,-2.0,broom
1EY0A,1STN,A,L38A;V39A,-4.0,ptmul
28,1STN,A,L38G,-0.6,korpm
1EY0A,1STN,A,L7A;A130G,-2.46,ptmul
1EY0A,1STN,A,L7A;E75V,-3.64,ptmul
1EY0A,1STN,A,L7A;G79S,-2.77,ptmul
1EY0A,1STN,A,L7A;I15V,-2.08,ptmul
1EY0A,1STN,A,L7A;I72V,-2.41,ptmul
1EY0A,1STN,A,L7A;I92V,-1.54,ptmul
1EY0A,1STN,A,L7A;L37A,-1.65,ptmul
1EY0A,1STN,A,L7A;V23F,-3.65,ptmul
1EY0A,1STN,A,L7A;Y113A,-1.1,ptmul
1EY0A,1STN,A,L7A;Y85A,-1.6,ptmul
28,1STN,A,L7G,-1.5,korpm
1EY0A,1STN,A,L7V,-1.4,broom
28,1STN,A,L89F,-1.2,korpm
1EY0A,1STN,A,L89F,-1.67,vb1432
28,1STN,A,L89G,-3.2,korpm
1EY0A,1STN,A,L89I,-1.1,broom
28,1STN,A,L89I,-1.1,korpm
28,1STN,A,M26A,-1.5,korpm
28,1STN,A,M26G,-2.1,korpm
28,1STN,A,M26I,-0.9,korpm
28,1STN,A,M26L,-0.5,korpm
1EY0A,1STN,A,M32A;T33A,-3.3,ptmul
28,1STN,A,M32G,-2.3,korpm
28,1STN,A,M32I,-0.6,korpm
28,1STN,A,M32L,-0.8,korpm
28,1STN,A,M65A,-2.0,korpm
1EY0A,1STN,A,M65A;V66A,-4.5,ptmul
1EY0A,1STN,A,M65F,-1.6,broom
28,1STN,A,M65F,-1.6,korpm
28,1STN,A,M65G,-4.6,korpm
1EY0A,1STN,A,M65I,-1.5,broom
28,1STN,A,M65I,-1.5,korpm
28,1STN,A,M65L,-0.8,korpm
28,1STN,A,M98G,-4.5,korpm
28,1STN,A,M98I,-4.4,korpm
1EY0A,1STN,A,N100A,-5.2,broom
1EY0A,1STN,A,N118D,-2.5,vb1432
28,1STN,A,N118G,-1.9,korpm
28,1STN,A,N119A,-1.3,korpm
28,1STN,A,N119G,-1.3,korpm
28,1STN,A,N138G,0.2,korpm
28,1STN,A,N68G,-0.5,korpm
1EY0A,1STN,A,P117A,0.8,broom
1EY0A,1STN,A,P117F,0.3,broom
28,1STN,A,P117F,0.3,korpm
1EY0A,1STN,A,P117G,0.9,broom
1EY0A,1STN,A,P117L,0.2,broom
28,1STN,A,P117L,0.2,korpm
1EY0A,1STN,A,P117L;N118D,-1.0,ptmul
1EY0A,1STN,A,P11A,-0.4,broom
1EY0A,1STN,A,P11F,-0.6,broom
28,1STN,A,P11F,-0.6,korpm
1EY0A,1STN,A,P11G,-1.0,broom
28,1STN,A,P11G,-1.0,korpm
1EY0A,1STN,A,P31A,-0.5,broom
28,1STN,A,P31A,-0.6,korpm
1EY0A,1STN,A,P31G,-1.6,broom
28,1STN,A,P31G,-1.6,korpm
1EY0A,1STN,A,P42A,0.1,broom
28,1STN,A,P42A,0.1,korpm
1EY0A,1STN,A,P42G,-0.4,broom
28,1STN,A,P42G,-0.4,korpm
1EY0A,1STN,A,P47A,-0.6,broom
1EY0A,1STN,A,P47F,-0.3,broom
28,1STN,A,P47F,-0.3,korpm
1EY0A,1STN,A,P47G,-0.1,broom
28,1STN,A,P47G,-0.1,korpm
1EY0A,1STN,A,P56A,0.0,broom
1EY0A,1STN,A,P56G,-1.0,broom
28,1STN,A,P56G,-1.0,korpm
28,1STN,A,Q106A,0.1,korpm
28,1STN,A,Q106G,-1.5,korpm
28,1STN,A,Q123F,-0.7,korpm
28,1STN,A,Q131F,-0.7,korpm
28,1STN,A,Q80F,-0.7,korpm
1EY0A,1STN,A,R105C,-2.7,broom
28,1STN,A,R105C,-2.7,korpm
28,1STN,A,R105F,-3.1,korpm
28,1STN,A,R105G,-2.4,korpm
28,1STN,A,R126G,-2.9,korpm
28,1STN,A,R35G,-2.2,korpm
28,1STN,A,R81G,-2.2,korpm
28,1STN,A,R87G,-2.6,korpm
28,1STN,A,S128F,-1.0,korpm
28,1STN,A,S128G,-1.6,korpm
1EY0A,1STN,A,S141A,-0.4,broom
1EY0A,1STN,A,S141A,-0.12,vb1432
28,1STN,A,S59G,-1.1,korpm
1EY0A,1STN,A,T13C,-1.4,broom
28,1STN,A,T13C,-1.4,korpm
28,1STN,A,T13G,-1.1,korpm
28,1STN,A,T22G,-2.4,korpm
1EY0A,1STN,A,T22I,-0.7,broom
28,1STN,A,T22I,-0.7,korpm
1EY0A,1STN,A,T33C,-1.2,broom
28,1STN,A,T33C,-1.2,korpm
28,1STN,A,T33G,-2.5,korpm
28,1STN,A,T33I,0.6,korpm
1EY0A,1STN,A,T33S,-1.4,vb1432
1EY0A,1STN,A,T33S;A90S,-3.16,ptmul
1EY0A,1STN,A,T41I,0.7,broom
1EY0A,1STN,A,T44C,-0.2,broom
28,1STN,A,T44C,-0.2,korpm
1EY0A,1STN,A,T62A,-2.4,vb1432
1EY0A,1STN,A,T62A;G88V,-3.2,ptmul
1EY0A,1STN,A,T62A;V66L,-2.4,ptmul
28,1STN,A,T62C,-1.1,korpm
1EY0A,1STN,A,T62G,-3.4,vb1432
1EY0A,1STN,A,T62G;G88V,-3.66,ptmul
1EY0A,1STN,A,T82C,-0.1,broom
28,1STN,A,T82C,-0.1,korpm
28,1STN,A,T82G,-2.0,korpm
1EY0A,1STN,A,T82I,0.5,broom
28,1STN,A,T82I,0.5,korpm
28,1STN,A,T82V,0.2,korpm
1EY0A,1STN,A,V104G,-6.5,broom
1EY0A,1STN,A,V104I,0.2,broom
28,1STN,A,V104I,0.2,korpm
28,1STN,A,V104S,-4.9,korpm
28,1STN,A,V111G,-4.9,korpm
1EY0A,1STN,A,V111I,-0.7,broom
1EY0A,1STN,A,V111L,-0.9,broom
28,1STN,A,V111S,-4.8,korpm
28,1STN,A,V111T,-2.3,korpm
28,1STN,A,V114G,-0.2,korpm
1EY0A,1STN,A,V114I,-0.1,broom
28,1STN,A,V23F,-2.3,korpm
1EY0A,1STN,A,V23F,-1.43,vb1432
1EY0A,1STN,A,V23F;A130G,-3.5,ptmul
1EY0A,1STN,A,V23F;A69T,-4.0,ptmul
1EY0A,1STN,A,V23F;A90S,-3.31,ptmul
1EY0A,1STN,A,V23F;E75V,-4.79,ptmul
1EY0A,1STN,A,V23F;G79S,-4.75,ptmul
1EY0A,1STN,A,V23F;I15V,-2.59,ptmul
1EY0A,1STN,A,V23F;I72V,-2.9,ptmul
1EY0A,1STN,A,V23F;I92V,-2.01,ptmul
1EY0A,1STN,A,V23F;L37A,-3.17,ptmul
1EY0A,1STN,A,V23F;T33S,-2.72,ptmul
1EY0A,1STN,A,V23F;Y113A,-1.89,ptmul
1EY0A,1STN,A,V23F;Y85A,-2.51,ptmul
1EY0A,1STN,A,V23G,-5.6,broom
1EY0A,1STN,A,V23I,-0.2,broom
1EY0A,1STN,A,V23I;I72L,-0.5,ptmul
1EY0A,1STN,A,V23I;I72V,-1.1,ptmul
1EY0A,1STN,A,V23I;L25I,-1.7,ptmul
1EY0A,1STN,A,V23I;L25I;I72L,-1.7,ptmul
1EY0A,1STN,A,V23I;L25I;I72V,-2.8,ptmul
1EY0A,1STN,A,V23I;L25I;V66I,-2.9,ptmul
1EY0A,1STN,A,V23I;L25I;V66I;I72L,-3.2,ptmul
1EY0A,1STN,A,V23I;L25I;V66I;I72V,-3.2,ptmul
1EY0A,1STN,A,V23I;L25I;V66L,-2.5,ptmul
1EY0A,1STN,A,V23I;L25I;V66L;I72L,-2.7,ptmul
1EY0A,1STN,A,V23I;L25I;V66L;I72V,-2.6,ptmul
1EY0A,1STN,A,V23I;L25I;V66L;I72V;I92V,-2.3,ptmul
1EY0A,1STN,A,V23I;L25V,-1.4,ptmul
1EY0A,1STN,A,V23I;L25V;I72L,-1.1,ptmul
1EY0A,1STN,A,V23I;L25V;I72V,-2.3,ptmul
1EY0A,1STN,A,V23I;L25V;I72V;I92V,-2.4,ptmul
1EY0A,1STN,A,V23I;L25V;I72V;I92V;V99I,-2.7,ptmul
1EY0A,1STN,A,V23I;L25V;I72V;I92V;V99L,-3.0,ptmul
1EY0A,1STN,A,V23I;L25V;V66I,-2.7,ptmul
1EY0A,1STN,A,V23I;L25V;V66I;I72L,-2.8,ptmul
1EY0A,1STN,A,V23I;L25V;V66I;I72V,-3.0,ptmul
1EY0A,1STN,A,V23I;L25V;V66L,-2.1,ptmul
1EY0A,1STN,A,V23I;L25V;V66L;I72L,-2.5,ptmul
1EY0A,1STN,A,V23I;L25V;V66L;I72V,-2.1,ptmul
1EY0A,1STN,A,V23I;L25V;V66L;I72V;I92V,-1.9,ptmul
1EY0A,1STN,A,V23I;V66I,-1.5,ptmul
1EY0A,1STN,A,V23I;V66I;I72L,-2.0,ptmul
1EY0A,1STN,A,V23I;V66I;I72V,-1.6,ptmul
1EY0A,1STN,A,V23I;V66L,-1.0,ptmul
1EY0A,1STN,A,V23I;V66L;I72L,-1.4,ptmul
1EY0A,1STN,A,V23I;V66L;I72V,-0.9,ptmul
1EY0A,1STN,A,V23I;V66L;I72V;I92V,-0.6,ptmul
1EY0A,1STN,A,V23L,-0.1,broom
1EY0A,1STN,A,V23L;I72L,-0.4,ptmul
1EY0A,1STN,A,V23L;I72V,-1.1,ptmul
1EY0A,1STN,A,V23L;L25I,-1.5,ptmul
1EY0A,1STN,A,V23L;L25I;I72L,-1.4,ptmul
1EY0A,1STN,A,V23L;L25I;I72V,-2.5,ptmul
1EY0A,1STN,A,V23L;L25I;V66I,-3.1,ptmul
1EY0A,1STN,A,V23L;L25I;V66I;I72L,-3.2,ptmul
1EY0A,1STN,A,V23L;L25I;V66I;I72V,-3.4,ptmul
1EY0A,1STN,A,V23L;L25I;V66L,-2.4,ptmul
1EY0A,1STN,A,V23L;L25I;V66L;I72L,-2.4,ptmul
1EY0A,1STN,A,V23L;L25I;V66L;I72V,-2.6,ptmul
1EY0A,1STN,A,V23L;L25V,-1.8,ptmul
1EY0A,1STN,A,V23L;L25V;I72L,-1.5,ptmul
1EY0A,1STN,A,V23L;L25V;I72V,-2.8,ptmul
1EY0A,1STN,A,V23L;L25V;V66I,-2.8,ptmul
1EY0A,1STN,A,V23L;L25V;V66I;I72L,-2.8,ptmul
1EY0A,1STN,A,V23L;L25V;V66I;I72V,-3.4,ptmul
1EY0A,1STN,A,V23L;L25V;V66L,-2.0,ptmul
1EY0A,1STN,A,V23L;L25V;V66L;I72L,-2.0,ptmul
1EY0A,1STN,A,V23L;L25V;V66L;I72V,-2.5,ptmul
1EY0A,1STN,A,V23L;L25V;V66L;I72V;I92V,-2.2,ptmul
1EY0A,1STN,A,V23L;V66I,-1.5,ptmul
1EY0A,1STN,A,V23L;V66I;I72L,-2.0,ptmul
1EY0A,1STN,A,V23L;V66I;I72V,-1.6,ptmul
1EY0A,1STN,A,V23L;V66L,-1.1,ptmul
1EY0A,1STN,A,V23L;V66L;I72L,-1.3,ptmul
1EY0A,1STN,A,V23L;V66L;I72V,-1.3,ptmul
28,1STN,A,V23S,-4.7,korpm
1EY0A,1STN,A,V39I,0.1,broom
1EY0A,1STN,A,V39L,-0.9,broom
28,1STN,A,V39S,-2.4,korpm
1EY0A,1STN,A,V51L,-0.2,broom
28,1STN,A,V51T,0.2,korpm
1EY0A,1STN,A,V66I,-1.0,broom
1EY0A,1STN,A,V66I;I72L,-1.7,ptmul
1EY0A,1STN,A,V66I;I72L;I92L,-2.3,ptmul
1EY0A,1STN,A,V66I;I72L;I92L;V99I,-3.3,ptmul
1EY0A,1STN,A,V66I;I72L;I92L;V99L,-3.0,ptmul
1EY0A,1STN,A,V66I;I72L;I92V,-1.4,ptmul
1EY0A,1STN,A,V66I;I72L;I92V;V99I,-1.6,ptmul
1EY0A,1STN,A,V66I;I72L;I92V;V99L,-1.8,ptmul
1EY0A,1STN,A,V66I;I72L;V99I,-1.9,ptmul
1EY0A,1STN,A,V66I;I72L;V99L,-1.9,ptmul
1EY0A,1STN,A,V66I;I72V,-1.2,ptmul
1EY0A,1STN,A,V66I;I72V;I92L,-2.0,ptmul
1EY0A,1STN,A,V66I;I72V;I92L;V99I,-2.0,ptmul
1EY0A,1STN,A,V66I;I72V;I92L;V99L,-2.4,ptmul
1EY0A,1STN,A,V66I;I72V;I92V,-1.4,ptmul
1EY0A,1STN,A,V66I;I72V;I92V;V99I,-1.0,ptmul
1EY0A,1STN,A,V66I;I72V;I92V;V99L,-1.7,ptmul
1EY0A,1STN,A,V66I;I72V;V99I,-0.8,ptmul
1EY0A,1STN,A,V66I;I72V;V99L,-1.6,ptmul
1EY0A,1STN,A,V66I;I92L,-1.9,ptmul
1EY0A,1STN,A,V66I;I92L;V99I,-2.1,ptmul
1EY0A,1STN,A,V66I;I92L;V99L,-2.1,ptmul
1EY0A,1STN,A,V66I;I92V,-0.7,ptmul
1EY0A,1STN,A,V66I;I92V;V99I,-0.5,ptmul
1EY0A,1STN,A,V66I;I92V;V99L,-0.9,ptmul
1EY0A,1STN,A,V66I;V99I,-0.7,ptmul
1EY0A,1STN,A,V66I;V99L,-1.3,ptmul
1EY0A,1STN,A,V66K,-5.2,broom
1EY0A,1STN,A,V66L,0.8,vb1432
1EY0A,1STN,A,V66L;G79S,-3.45,ptmul
1EY0A,1STN,A,V66L;G79S;G88V,-3.05,ptmul
1EY0A,1STN,A,V66L;G88V,-0.58,ptmul
1EY0A,1STN,A,V66L;I72L,-0.9,ptmul
1EY0A,1STN,A,V66L;I72L;I92L,-1.5,ptmul
1EY0A,1STN,A,V66L;I72L;I92L;V99I,-1.9,ptmul
1EY0A,1STN,A,V66L;I72L;I92L;V99L,-1.3,ptmul
1EY0A,1STN,A,V66L;I72L;I92V,-0.8,ptmul
1EY0A,1STN,A,V66L;I72L;I92V;V99I,-1.0,ptmul
1EY0A,1STN,A,V66L;I72L;I92V;V99L,-0.7,ptmul
1EY0A,1STN,A,V66L;I72L;V99I,-1.0,ptmul
1EY0A,1STN,A,V66L;I72L;V99L,-0.8,ptmul
1EY0A,1STN,A,V66L;I72V,-0.5,ptmul
1EY0A,1STN,A,V66L;I72V;I92L,-1.3,ptmul
1EY0A,1STN,A,V66L;I72V;I92L;V99I,-1.8,ptmul
1EY0A,1STN,A,V66L;I72V;I92L;V99L,-1.4,ptmul
1EY0A,1STN,A,V66L;I72V;I92V,-0.5,ptmul
1EY0A,1STN,A,V66L;I72V;I92V;V99I,-0.8,ptmul
1EY0A,1STN,A,V66L;I72V;I92V;V99L,-0.7,ptmul
1EY0A,1STN,A,V66L;I72V;V99I,-0.8,ptmul
1EY0A,1STN,A,V66L;I72V;V99L,-0.5,ptmul
1EY0A,1STN,A,V66L;I92L,-1.0,ptmul
1EY0A,1STN,A,V66L;I92L;V99I,-1.4,ptmul
1EY0A,1STN,A,V66L;I92L;V99L,-0.7,ptmul
1EY0A,1STN,A,V66L;I92V,0.1,ptmul
1EY0A,1STN,A,V66L;I92V;V99I,-0.4,ptmul
1EY0A,1STN,A,V66L;I92V;V99L,0.1,ptmul
1EY0A,1STN,A,V66L;V99I,-0.6,ptmul
1EY0A,1STN,A,V66L;V99L,0.0,ptmul
28,1STN,A,V66M,-0.2,korpm
28,1STN,A,V66S,-3.1,korpm
28,1STN,A,V66W,-4.9,korpm
1EY0A,1STN,A,V74G,-6.6,broom
1EY0A,1STN,A,V74L,-1.2,broom
1EY0A,1STN,A,V74S,-5.4,broom
28,1STN,A,V74S,-5.4,korpm
28,1STN,A,V74T,-3.8,korpm
1EY0A,1STN,A,V99G,-5.0,broom
28,1STN,A,V99G,-5.0,korpm
1EY0A,1STN,A,V99S,-5.1,broom
1EY0A,1STN,A,W140F,-0.6,broom
1EY0A,1STN,A,W140F,-0.6,vb1432
1EY0A,1STN,A,W140H,-0.4,broom
28,1STN,A,W140H,-0.4,korpm
1EY0A,1STN,A,W140H,-0.4,vb1432
1EY0A,1STN,A,W140L,-4.5,broom
28,1STN,A,W140L,-4.5,korpm
1EY0A,1STN,A,W140L,-4.5,vb1432
1EY0A,1STN,A,W140Y,-1.1,broom
28,1STN,A,W140Y,-1.1,korpm
1EY0A,1STN,A,W140Y,-1.1,vb1432
28,1STN,A,Y113A,0.1,korpm
28,1STN,A,Y113G,-0.3,korpm
28,1STN,A,Y113L,0.2,korpm
28,1STN,A,Y115G,-0.7,korpm
28,1STN,A,Y115L,-0.3,korpm
1EY0A,1STN,A,Y27C,-2.9,broom
28,1STN,A,Y27C,-2.9,korpm
1EY0A,1STN,A,Y27D,-5.4,broom
28,1STN,A,Y27D,-5.4,korpm
1EY0A,1STN,A,Y27E,-5.0,broom
28,1STN,A,Y27E,-5.0,korpm
1EY0A,1STN,A,Y27G,-5.45,broom
28,1STN,A,Y27G,-5.45,korpm
28,1STN,A,Y27H,-1.6,korpm
28,1STN,A,Y27I,-2.5,korpm
28,1STN,A,Y27K,-3.9,korpm
28,1STN,A,Y27L,-1.5,korpm
28,1STN,A,Y27M,-2.0,korpm
28,1STN,A,Y27N,-4.0,korpm
1EY0A,1STN,A,Y27P,-6.1,broom
28,1STN,A,Y27P,-6.1,korpm
28,1STN,A,Y27Q,-3.2,korpm
28,1STN,A,Y27R,-2.9,korpm
28,1STN,A,Y27S,-3.0,korpm
28,1STN,A,Y27T,-3.3,korpm
28,1STN,A,Y27V,-3.0,korpm
28,1STN,A,Y27W,-0.6,korpm
1EY0A,1STN,A,Y54F,-0.5,broom
28,1STN,A,Y54G,-1.9,korpm
28,1STN,A,Y54L,-3.4,korpm
1EY0A,1STN,A,Y85A;Y113A,-0.23,ptmul
28,1STN,A,Y85G,-1.0,korpm
28,1STN,A,Y85L,-0.1,korpm
1EY0A,1STN,A,Y91A,-5.3,broom
1EY0A,1STN,A,Y91G,-6.7,broom
28,1STN,A,Y91G,-6.7,korpm
28,1STN,A,Y91L,-3.9,korpm
28,1STN,A,Y91S,-5.3,korpm
1EY0A,1STN,A,Y91S,-5.3,vb1432
1EY0A,1STN,A,Y93A,-6.5,broom
1EY0A,1STN,A,Y93G,-7.5,broom
28,1STN,A,Y93L,-4.5,korpm
1SUPA,1SUP,A,G169A,0.3,s2648
1SUPA,1SUP,A,G169A,0.3,vb1432
85,1SUP,A,M50F,0.48,korpm
1SUPA,1SUP,A,M50F,0.48,s2648
1SUPA,1SUP,A,M50F,0.48,vb1432
1SUPA,1SUP,A,N218S,1.07,s2648
1SUPA,1SUP,A,N218S,1.07,vb1432
1SUPA,1SUP,A,N76D,0.45,s2648
1SUPA,1SUP,A,N76D,0.45,vb1432
85,1SUP,A,Q206C,1.25,korpm
1SUPA,1SUP,A,Q206C,1.25,s2648
1SUPA,1SUP,A,Q206C,1.25,vb1432
1SUPA,1SUP,A,Y217K,0.72,s2648
1SUPA,1SUP,A,Y217K,0.72,vb1432
1EY0A,1SYC,A,G117P,-0.9,ssym
1EY0A,1SYE,A,T117P,-1.1,ssym
1EY0A,1SYG,A,A117P,-0.8,ssym
1TENA,1TEN,A,A819G,-2.67,s2648
1TENA,1TEN,A,A885G,-0.92,s2648
1TENA,1TEN,A,E887A,1.55,s2648
1TENA,1TEN,A,E887G,-0.14,s2648
1TENA,1TEN,A,I809A,-2.74,s2648
1TENA,1TEN,A,I809V,0.02,s2648
1TENA,1TEN,A,I821A,-3.58,s2648
1TENA,1TEN,A,I821V,-0.28,s2648
1TENA,1TEN,A,I830A,-1.63,s2648
1TENA,1TEN,A,I830V,-0.37,s2648
1TENA,1TEN,A,I833A,-3.3,s2648
1TENA,1TEN,A,I833V,-0.8,s2648
1TENA,1TEN,A,I849A,-2.4,s2648
1TENA,1TEN,A,I860A,-1.91,s2648
1TENA,1TEN,A,I860V,-0.88,s2648
1TENA,1TEN,A,L835A,-4.13,s2648
1TENA,1TEN,A,L851A,-2.88,s2648
1TENA,1TEN,A,L863A,-3.96,s2648
1TENA,1TEN,A,L873A,-2.81,s2648
1TENA,1TEN,A,S875A,-0.27,s2648
1TENA,1TEN,A,S882A,-2.58,s2648
1TENA,1TEN,A,T867S,-1.26,s2648
1TENA,1TEN,A,V811A,-1.4,s2648
1TENA,1TEN,A,V871A,-2.69,s2648
1TENA,1TEN,A,Y837A,-3.96,s2648
1TENA,1TEN,A,Y858A,-1.21,s2648
1TENA,1TEN,A,Y858G,-4.06,s2648
1TENA,1TEN,A,Y869A,-1.88,broom
1TENA,1TEN,A,Y869F,-3.09,s2648
86,1THQ,A,M157A,-0.77,korpm
86,1THQ,A,W51A,-0.45,korpm
1TITA,1TIT,A,C47S;C63S,3.2,ptmul
1TITA,1TIT,A,C63S,-5.43,broom
87,1TIT,A,C63S,-2.08,korpm
1TITA,1TIT,A,C63S,-2.08,s2648
1TITA,1TIT,A,F73L,-3.06,broom
1TITA,1TIT,A,F73L,-3.83,s2648
1TITA,1TIT,A,I23A,-2.7,s2648
1TITA,1TIT,A,L41A,-2.67,broom
1TITA,1TIT,A,L41A,-2.7,s2648
1TITA,1TIT,A,L58A,-3.61,broom
1TITA,1TIT,A,L58A,-3.23,s2648
1TITA,1TIT,A,L60A,-5.27,broom
1TITA,1TIT,A,L60A,-4.88,s2648
1TITA,1TIT,A,V13A,-2.15,s2648
1TITA,1TIT,A,V86A,-4.78,broom
1TITA,1TIT,A,V86A,-4.45,s2648
1TITA,1TIT,A,Y9F,-0.4,broom
1TITA,1TIT,A,Y9G,-0.8,broom
87,1TIT,A,Y9G,-0.8,korpm
1TITA,1TIT,A,Y9P,-2.2,broom
87,1TIT,A,Y9P,-2.2,korpm
1TITA,1TIT,A,Y9S,-0.2,broom
87,1TIT,A,Y9S,-0.2,korpm
2LZMA,1TLA,A,F117S,-1.1,ssym
1TPKA,1TPK,A,V65A,-2.0,s2648
1TPKA,1TPK,A,V65A,-2.0,vb1432
88,1TPK,A,V65I,0.3,korpm
1TPKA,1TPK,A,V65I,0.3,s2648
1TPKA,1TPK,A,V65I,0.3,vb1432
1TPKA,1TPK,A,V65L,-1.9,s2648
1TPKA,1TPK,A,V65L,-1.9,vb1432
88,1TPK,A,V65M,-2.2,korpm
1TPKA,1TPK,A,V65M,-2.2,s2648
1TPKA,1TPK,A,V65M,-2.2,vb1432
88,1TPK,A,V65S,-2.4,korpm
1TPKA,1TPK,A,V65S,-2.4,s2648
1TPKA,1TPK,A,V65S,-2.4,vb1432
88,1TPK,A,V65T,-1.0,korpm
1TPKA,1TPK,A,V65T,-1.0,s2648
1TPKA,1TPK,A,V65T,-1.0,vb1432
1FNFA,1TTG,A,I34V,-0.41,broom
89,1TTG,A,L19T,0.3,korpm
1FNFA,1TTG,A,P25A,-0.48,broom
1FNFA,1TTG,A,P5A,0.11,broom
1FNFA,1TTG,A,P64A,-0.41,broom
1FNFA,1TTG,A,P82A,-0.42,broom
1FNFA,1TTG,A,P87A,-0.21,broom
1FNFA,1TTG,A,V50A,-2.42,broom
1WQ5A,1TTQ,A,A18G,-2.7,s2648
1WQ5A,1TTQ,A,A18V,-2.3,s2648
1WQ5A,1TTQ,A,F22I,-4.58,s2648
1WQ5A,1TTQ,A,F22L,-1.05,s2648
1WQ5A,1TTQ,A,F22V,-3.44,s2648
1WQ5A,1TTQ,A,I232V,-3.3,s2648
1WQ5A,1TTQ,A,L209V,-3.2,s2648
1WQ5A,1TTQ,A,Y175Q,-1.65,s2648
2AC0A,1TUP,A,C242S,-2.94,vb1432
2AC0A,1TUP,A,R175H,-3.01,vb1432
2AC0A,1TUP,A,R248Q,-1.94,vb1432
2AC0A,1TUP,A,R249S,-1.95,vb1432
2AC0A,1TUP,A,R273H,-0.35,vb1432
1CLWA,1TYV,A,E309V,-0.77,s2648
1CLWA,1TYV,A,G177R,-0.7,s2648
1CLWA,1TYV,A,G244R,-1.33,s2648
1CLWA,1TYV,A,G323D,-0.13,s2648
1CLWA,1TYV,A,R285K,-3.43,s2648
1CLWA,1TYV,A,T235I,-0.53,s2648
14,1U4Q,A,A1714G,-1.34,korpm
14,1U4Q,A,D1717G,-0.45,korpm
14,1U4Q,A,D1742G,-0.98,korpm
14,1U4Q,A,E1681G,-0.6,korpm
14,1U4Q,A,E1683G,-2.63,korpm
14,1U4Q,A,E1745G,-1.02,korpm
14,1U4Q,A,F1668A,-1.68,korpm
14,1U4Q,A,F1677A,0.25,korpm
14,1U4Q,A,F1677G,-0.29,korpm
14,1U4Q,A,G1749A,0.5,korpm
14,1U4Q,A,H1705A,-1.36,korpm
14,1U4Q,A,I1672A,-0.6,korpm
14,1U4Q,A,K1673A,0.61,korpm
14,1U4Q,A,K1703G,-1.02,korpm
14,1U4Q,A,K1720G,-1.16,korpm
14,1U4Q,A,L1707G,-1.73,korpm
14,1U4Q,A,L1729A,-1.55,korpm
14,1U4Q,A,L1771G,-0.56,korpm
14,1U4Q,A,N1700A,0.29,korpm
14,1U4Q,A,N1700G,-0.67,korpm
14,1U4Q,A,Q1666G,-0.71,korpm
14,1U4Q,A,Q1752A,-0.46,korpm
14,1U4Q,A,R1761A,-1.13,korpm
14,1U4Q,A,S1724A,0.37,korpm
14,1U4Q,A,S1724G,-0.8,korpm
14,1U4Q,A,S1738G,-0.39,korpm
14,1U4Q,A,S1756A,0.21,korpm
14,1U4Q,A,S1756G,-0.77,korpm
14,1U4Q,A,T1670A,0.15,korpm
14,1U4Q,A,T1670G,-0.79,korpm
29,1UBQ,A,A28W,1.72,korpm
29,1UBQ,A,D32W,-0.48,korpm
29,1UBQ,A,D39W,1.77,korpm
29,1UBQ,A,E16W,1.46,korpm
1AARA,1UBQ,A,E18D,-0.08,s2648
29,1UBQ,A,E24W,1.31,korpm
29,1UBQ,A,E51W,-0.24,korpm
29,1UBQ,A,E64W,-1.36,korpm
29,1UBQ,A,F45W,0.17,korpm
1AARA,1UBQ,A,F45W,0.46,s2648
29,1UBQ,A,F4W,-0.05,korpm
29,1UBQ,A,G35W,-2.03,korpm
29,1UBQ,A,G53W,0.55,korpm
1AARA,1UBQ,A,H68E,0.77,s2648
1AARA,1UBQ,A,H68Q,0.55,s2648
29,1UBQ,A,H68W,-0.81,korpm
29,1UBQ,A,I61V,-1.1,korpm
1AARA,1UBQ,A,K27Q,-1.91,s2648
29,1UBQ,A,K29N,-1.2,korpm
1AARA,1UBQ,A,K29N,-1.48,s2648
29,1UBQ,A,K29Q,-0.2,korpm
1AARA,1UBQ,A,K29Q,-1.67,s2648
29,1UBQ,A,K48W,-0.93,korpm
29,1UBQ,A,K6E,0.79,korpm
1AARA,1UBQ,A,K6E,0.53,s2648
1AARA,1UBQ,A,K6Q,0.26,s2648
29,1UBQ,A,L71W,-0.26,korpm
29,1UBQ,A,L73W,0.05,korpm
29,1UBQ,A,L8W,-1.03,korpm
29,1UBQ,A,M1W,2.1,korpm
29,1UBQ,A,N60W,-0.72,korpm
29,1UBQ,A,Q62W,0.38,korpm
29,1UBQ,A,R42E,0.3,korpm
1AARA,1UBQ,A,R42E,1.63,s2648
29,1UBQ,A,R42W,0.29,korpm
29,1UBQ,A,R54W,1.05,korpm
1AARA,1UBQ,A,R72Q,-0.33,s2648
29,1UBQ,A,S20W,-1.2,korpm
29,1UBQ,A,S57W,-0.02,korpm
29,1UBQ,A,T12W,0.38,korpm
29,1UBQ,A,T66W,-0.24,korpm
1AARA,1UBQ,A,V26A,-3.3,broom
1AARA,1UBQ,A,V26G,-6.3,broom
1AARA,1UBQ,A,V26I,1.1,broom
29,1UBQ,A,V26I,1.1,korpm
1AARA,1UBQ,A,V26L,0.3,broom
29,1UBQ,A,V26L,0.3,korpm
29,1UBQ,A,V70W,0.02,korpm
29,1UBQ,A,Y59W,-0.57,korpm
1UWOA,1UWO,A,L3A;F14A,-7.05,ptmul
1UWOA,1UWO,A,L3A;I11A,-2.17,ptmul
1UZCA,1UZC,A,A17G,-0.7,s2648
1UZCA,1UZC,A,A20G,-2.3,s2648
1UZCA,1UZC,A,A39G,-1.93,s2648
1UZCA,1UZC,A,A51G,-1.12,s2648
1UZCA,1UZC,A,A53G,-0.3,s2648
1UZCA,1UZC,A,A61G,-2.07,s2648
90,1UZC,A,A64G,-0.9,korpm
1UZCA,1UZC,A,A64G,-0.94,s2648
1UZCA,1UZC,A,D46N,-2.51,s2648
1UZCA,1UZC,A,E15A,-0.4,s2648
1UZCA,1UZC,A,E15G,-1.02,s2648
1UZCA,1UZC,A,E27A,-0.62,s2648
90,1UZC,A,E27G,-1.6,korpm
1UZCA,1UZC,A,E27G,-1.57,s2648
1UZCA,1UZC,A,I43V,-1.21,s2648
1UZCA,1UZC,A,I44A,-0.09,s2648
90,1UZC,A,I44G,-0.3,korpm
1UZCA,1UZC,A,I44G,-0.4,s2648
1UZCA,1UZC,A,I44V,-0.3,s2648
90,1UZC,A,K26A,0.1,korpm
1UZCA,1UZC,A,K26A,0.11,s2648
1UZCA,1UZC,A,K26G,-0.74,s2648
1UZCA,1UZC,A,K58A,-2.1,s2648
1UZCA,1UZC,A,L24A,-1.04,s2648
1UZCA,1UZC,A,L52A,-2.71,s2648
90,1UZC,A,M42A,-1.6,korpm
1UZCA,1UZC,A,M42A,-1.37,s2648
90,1UZC,A,N33G,-0.4,korpm
1UZCA,1UZC,A,N33G,-0.42,s2648
90,1UZC,A,P31G,-1.1,korpm
90,1UZC,A,P47G,-0.9,korpm
1UZCA,1UZC,A,Q19A,-0.08,s2648
1UZCA,1UZC,A,Q19G,-1.23,s2648
1UZCA,1UZC,A,Q38A,-0.37,s2648
1UZCA,1UZC,A,Q38G,-1.57,s2648
90,1UZC,A,Q60A,0.2,korpm
1UZCA,1UZC,A,Q60A,0.31,s2648
90,1UZC,A,Q60G,-0.8,korpm
1UZCA,1UZC,A,Q60G,-0.8,s2648
1UZCA,1UZC,A,S32A,0.0,s2648
1UZCA,1UZC,A,S35A,-1.04,s2648
1UZCA,1UZC,A,S50A,-0.02,s2648
90,1UZC,A,S50G,-0.1,korpm
1UZCA,1UZC,A,S50G,-0.02,s2648
1UZCA,1UZC,A,S56A,-0.4,s2648
90,1UZC,A,S56G,-0.5,korpm
1UZCA,1UZC,A,S56G,-0.54,s2648
90,1UZC,A,T13A,-1.0,korpm
1UZCA,1UZC,A,T13A,-0.99,s2648
90,1UZC,A,T13S,0.1,korpm
1UZCA,1UZC,A,T13S,0.1,s2648
1UZCA,1UZC,A,V30A,-3.28,s2648
90,1UZC,A,V67A,0.6,korpm
1UZCA,1UZC,A,V67A,0.51,s2648
1UZCA,1UZC,A,V67G,0.0,s2648
90,1UZC,A,W11F,-0.2,korpm
1UZCA,1UZC,A,W11F,-0.31,s2648
90,1UZC,A,W36F,0.6,korpm
1UZCA,1UZC,A,W36F,0.3,s2648
1UZCA,1UZC,A,Y49A,-2.46,s2648
1UZCA,1UZC,A,Y49F,-0.31,s2648
1UZCA,1UZC,A,Y65F,-0.72,s2648
26,1VII,A,D44N,-0.74,korpm
26,1VII,A,F47L,-2.15,korpm
26,1VII,A,F51L,-1.99,korpm
26,1VII,A,F58L,-2.38,korpm
26,1VII,A,K48M,0.87,korpm
26,1VII,A,K65M,0.65,korpm
26,1VII,A,L42A,-1.4,korpm
26,1VII,A,M53A,-2.8,korpm
26,1VII,A,P62A,-1.27,korpm
26,1VII,A,R55M,-1.03,korpm
26,1VII,A,V50A,-0.7,korpm
26,1VII,A,W64A,-0.97,korpm
26,1VII,A,W64K,-1.35,korpm
26,1VII,A,W64L,-1.42,korpm
1VQBA,1VQB,A,A86T,-0.35,s2648
1VQBA,1VQB,A,A86T,-0.66,vb1432
1VQBA,1VQB,A,A86V,0.25,s2648
1VQBA,1VQB,A,A86V,0.47,vb1432
1VQBA,1VQB,A,C33A,-0.25,s2648
1VQBA,1VQB,A,C33A,-0.5,vb1432
1VQBA,1VQB,A,C33I,-0.45,s2648
1VQBA,1VQB,A,C33I,-0.9,vb1432
1VQBA,1VQB,A,C33L,-1.3,s2648
1VQBA,1VQB,A,C33L,-2.6,vb1432
1VQBA,1VQB,A,C33M,-1.75,s2648
1VQBA,1VQB,A,C33M,-3.49,vb1432
1VQBA,1VQB,A,C33M;I47C,-5.73,ptmul
1VQBA,1VQB,A,C33S,-2.12,s2648
1VQBA,1VQB,A,C33S,-4.3,vb1432
1VQBA,1VQB,A,C33T,-2.3,s2648
1VQBA,1VQB,A,C33T,-4.6,vb1432
1VQBA,1VQB,A,C33V,-0.1,s2648
1VQBA,1VQB,A,C33V,-0.18,vb1432
1VQBA,1VQB,A,C33V;V35C,-1.57,ptmul
1VQBA,1VQB,A,D36C,-1.02,s2648
1VQBA,1VQB,A,D36C,-2.1,vb1432
1VQBA,1VQB,A,D36N,-0.5,s2648
1VQBA,1VQB,A,D36N,-1.0,vb1432
1VQBA,1VQB,A,D50H,-0.77,s2648
1VQBA,1VQB,A,D50H,-1.6,vb1432
1VQBA,1VQB,A,E30F,1.02,s2648
1VQBA,1VQB,A,E30F,2.0,vb1432
1VQBA,1VQB,A,E30F;A86T,1.17,ptmul
1VQBA,1VQB,A,E30F;A86V,2.05,ptmul
1VQBA,1VQB,A,E30M,0.32,s2648
1VQBA,1VQB,A,E30M,0.6,vb1432
1VQBA,1VQB,A,E30N,-0.55,s2648
1VQBA,1VQB,A,E30N,-1.1,vb1432
1VQBA,1VQB,A,E40C,-0.8,s2648
1VQBA,1VQB,A,E40C,-1.6,vb1432
1VQBA,1VQB,A,E40T,-0.2,s2648
1VQBA,1VQB,A,E40T,-0.4,vb1432
1VQBA,1VQB,A,F13T,-0.35,s2648
1VQBA,1VQB,A,F13T,-0.67,vb1432
1VQBA,1VQB,A,F13T;E30F,1.59,ptmul
1VQBA,1VQB,A,F68L,-2.12,s2648
1VQBA,1VQB,A,F68L,-4.3,vb1432
1VQBA,1VQB,A,F68V,-2.5,s2648
1VQBA,1VQB,A,F68V,-5.0,vb1432
1VQBA,1VQB,A,F73W,0.4,s2648
1VQBA,1VQB,A,F73W,0.8,vb1432
1VQBA,1VQB,A,H64C,0.25,s2648
1VQBA,1VQB,A,H64C,0.5,vb1432
1VQBA,1VQB,A,H64C;F68L,-4.07,ptmul
1VQBA,1VQB,A,I47A,-3.32,s2648
1VQBA,1VQB,A,I47A,-7.1,vb1432
1VQBA,1VQB,A,I47C,-2.33,s2648
1VQBA,1VQB,A,I47C,-5.3,vb1432
1VQBA,1VQB,A,I47F,-0.85,s2648
1VQBA,1VQB,A,I47F,-2.0,vb1432
1VQBA,1VQB,A,I47L,-0.28,s2648
1VQBA,1VQB,A,I47L,-0.4,ssym
1VQBA,1VQB,A,I47L,-0.7,vb1432
1VQBA,1VQB,A,I47M,-1.0,s2648
1VQBA,1VQB,A,I47M,-1.7,ssym
1VQBA,1VQB,A,I47M,-2.2,vb1432
1VQBA,1VQB,A,I47T,-3.7,s2648
1VQBA,1VQB,A,I47T,-7.6,vb1432
1VQBA,1VQB,A,I47V,-1.18,s2648
1VQBA,1VQB,A,I47V,-2.0,ssym
1VQBA,1VQB,A,I47V,-2.6,vb1432
1VQBA,1VQB,A,I6V,-0.35,s2648
1VQBA,1VQB,A,I6V,-0.68,vb1432
1VQBA,1VQB,A,I6V;E30F,0.71,ptmul
1VQBA,1VQB,A,I6V;M77I,0.34,ptmul
1VQBA,1VQB,A,I6V;M77V,-0.04,ptmul
1VQBA,1VQB,A,I78C,-2.2,s2648
1VQBA,1VQB,A,I78C,-4.4,vb1432
1VQBA,1VQB,A,I78T,-3.3,s2648
1VQBA,1VQB,A,I78T,-6.6,vb1432
1VQBA,1VQB,A,I78V,-0.65,s2648
1VQBA,1VQB,A,I78V,-1.3,vb1432
1VQBA,1VQB,A,K24V,0.4,s2648
1VQBA,1VQB,A,K24V,0.8,vb1432
1VQBA,1VQB,A,K69H,-0.62,s2648
1VQBA,1VQB,A,K69H,-1.3,vb1432
1VQBA,1VQB,A,K69M,0.08,s2648
1VQBA,1VQB,A,K69M,0.1,vb1432
1VQBA,1VQB,A,L28V,0.55,s2648
1VQBA,1VQB,A,L28V,1.1,vb1432
1VQBA,1VQB,A,L28V;F68L,-3.86,ptmul
1VQBA,1VQB,A,L32H,-0.45,s2648
1VQBA,1VQB,A,L32H,-0.9,vb1432
1VQBA,1VQB,A,L32R,-0.8,s2648
1VQBA,1VQB,A,L32R,-1.6,vb1432
1VQBA,1VQB,A,L32W,1.4,s2648
1VQBA,1VQB,A,L32W,2.8,vb1432
1VQBA,1VQB,A,L32Y,0.5,s2648
1VQBA,1VQB,A,L32Y,1.04,vb1432
1VQBA,1VQB,A,L32Y;R82C,0.15,ptmul
1VQBA,1VQB,A,L37A,-3.85,s2648
1VQBA,1VQB,A,L37A,-7.7,vb1432
1VQBA,1VQB,A,L37C,-2.3,s2648
1VQBA,1VQB,A,L37C,-4.6,vb1432
1VQBA,1VQB,A,L37I,-0.7,s2648
1VQBA,1VQB,A,L37I,-1.4,vb1432
1VQBA,1VQB,A,L37T,-2.6,s2648
1VQBA,1VQB,A,L37T,-5.2,vb1432
1VQBA,1VQB,A,L37V,-1.75,s2648
1VQBA,1VQB,A,L37V,-3.5,vb1432
1VQBA,1VQB,A,L49A,-3.05,s2648
1VQBA,1VQB,A,L49A,-6.1,vb1432
1VQBA,1VQB,A,L49C,-2.05,s2648
1VQBA,1VQB,A,L49C,-4.1,vb1432
1VQBA,1VQB,A,L49I,-0.95,s2648
1VQBA,1VQB,A,L49I,-1.9,vb1432
1VQBA,1VQB,A,L49T,-2.85,s2648
1VQBA,1VQB,A,L49T,-5.7,vb1432
1VQBA,1VQB,A,L49V,-1.45,s2648
1VQBA,1VQB,A,L49V,-2.9,vb1432
1VQBA,1VQB,A,L65P,-1.47,vb1432
1VQBA,1VQB,A,L65P;F68L,-4.25,ptmul
1VQBA,1VQB,A,L81C,-1.85,s2648
1VQBA,1VQB,A,L81C,-3.7,vb1432
1VQBA,1VQB,A,L81T,-2.55,s2648
1VQBA,1VQB,A,L81T,-5.1,vb1432
1VQBA,1VQB,A,L81V,-0.1,s2648
1VQBA,1VQB,A,L81V,-0.2,vb1432
1VQBA,1VQB,A,M77A,-1.05,s2648
1VQBA,1VQB,A,M77A,-2.1,vb1432
1VQBA,1VQB,A,M77C,0.0,s2648
1VQBA,1VQB,A,M77C,0.0,vb1432
1VQBA,1VQB,A,M77F,-0.1,s2648
1VQBA,1VQB,A,M77F,-0.2,vb1432
1VQBA,1VQB,A,M77I,0.8,s2648
1VQBA,1VQB,A,M77I,1.6,vb1432
1VQBA,1VQB,A,M77L,-0.6,s2648
1VQBA,1VQB,A,M77L,-1.2,vb1432
1VQBA,1VQB,A,M77T,-0.4,s2648
1VQBA,1VQB,A,M77T,-0.8,vb1432
1VQBA,1VQB,A,M77V,0.6,s2648
1VQBA,1VQB,A,M77V,1.2,vb1432
1VQBA,1VQB,A,R82C,-0.75,s2648
1VQBA,1VQB,A,R82C,-1.5,vb1432
1VQBA,1VQB,A,S67C,-1.85,s2648
1VQBA,1VQB,A,S67C,-3.7,vb1432
1VQBA,1VQB,A,S67T,-0.8,s2648
1VQBA,1VQB,A,S67T,-1.6,vb1432
1VQBA,1VQB,A,T48C,-0.4,s2648
1VQBA,1VQB,A,T48C,-0.8,vb1432
1VQBA,1VQB,A,T48V,0.0,s2648
1VQBA,1VQB,A,T48V,0.0,vb1432
1VQBA,1VQB,A,T62C,-0.35,s2648
1VQBA,1VQB,A,T62C,-0.7,vb1432
1VQBA,1VQB,A,T62V,0.65,s2648
1VQBA,1VQB,A,T62V,1.3,vb1432
1VQBA,1VQB,A,V19C,-0.15,s2648
1VQBA,1VQB,A,V19C,-0.3,vb1432
1VQBA,1VQB,A,V19T,-0.3,s2648
1VQBA,1VQB,A,V19T,-0.6,vb1432
1VQBA,1VQB,A,V35A,-1.02,s2648
1VQBA,1VQB,A,V35A,-2.3,vb1432
1VQBA,1VQB,A,V35A;I47A,-10.8,ptmul
1VQBA,1VQB,A,V35A;I47F,-2.88,ptmul
1VQBA,1VQB,A,V35A;I47L,-2.04,ptmul
1VQBA,1VQB,A,V35A;I47M,-3.96,ptmul
1VQBA,1VQB,A,V35A;I47V,-3.61,ptmul
1VQBA,1VQB,A,V35C,-0.55,s2648
1VQBA,1VQB,A,V35C,-1.5,vb1432
1VQBA,1VQB,A,V35C;I47C,-5.95,ptmul
1VQBA,1VQB,A,V35F,-1.5,s2648
1VQBA,1VQB,A,V35F,-3.2,vb1432
1VQBA,1VQB,A,V35F;I47L,-3.91,ptmul
1VQBA,1VQB,A,V35I,-0.32,s2648
1VQBA,1VQB,A,V35I,-0.6,ssym
1VQBA,1VQB,A,V35I,-0.7,vb1432
1VQBA,1VQB,A,V35I;I47F,-1.29,ptmul
1VQBA,1VQB,A,V35I;I47L,-0.64,ptmul
1VQBA,1VQB,A,V35I;I47M,-2.23,ptmul
1VQBA,1VQB,A,V35I;I47V,-2.61,ptmul
1VQBA,1VQB,A,V35L,-1.07,s2648
1VQBA,1VQB,A,V35L,-2.7,vb1432
1VQBA,1VQB,A,V35L;I47F,-3.3,ptmul
1VQBA,1VQB,A,V35L;I47L,-2.89,ptmul
1VQBA,1VQB,A,V35L;I47M,-4.0,ptmul
1VQBA,1VQB,A,V35L;I47V,-4.55,ptmul
1VQBA,1VQB,A,V35M,-0.53,s2648
1VQBA,1VQB,A,V35M,-1.1,vb1432
1VQBA,1VQB,A,V35M;I47F,-1.27,ptmul
1VQBA,1VQB,A,V35M;I47L,-1.25,ptmul
1VQBA,1VQB,A,V35M;I47M,-3.41,ptmul
1VQBA,1VQB,A,V35T,-2.65,s2648
1VQBA,1VQB,A,V35T,-5.3,vb1432
1VQBA,1VQB,A,V43C,-1.05,s2648
1VQBA,1VQB,A,V43C,-2.1,vb1432
1VQBA,1VQB,A,V43T,-0.8,s2648
1VQBA,1VQB,A,V43T,-1.6,vb1432
1VQBA,1VQB,A,V45A,-1.05,s2648
1VQBA,1VQB,A,V45A,-2.1,vb1432
1VQBA,1VQB,A,V45C,-0.05,s2648
1VQBA,1VQB,A,V45C,0.0,vb1432
1VQBA,1VQB,A,V45C;R82C,-1.05,ptmul
1VQBA,1VQB,A,V45L,-1.5,s2648
1VQBA,1VQB,A,V45L,-3.0,vb1432
1VQBA,1VQB,A,V45T,-1.75,s2648
1VQBA,1VQB,A,V45T,-3.5,vb1432
1VQBA,1VQB,A,V63C,-2.05,s2648
1VQBA,1VQB,A,V63C,-4.1,vb1432
1VQBA,1VQB,A,V63T,-2.5,s2648
1VQBA,1VQB,A,V63T,-5.0,vb1432
1VQBA,1VQB,A,V70C,-1.6,s2648
1VQBA,1VQB,A,V70C,-3.3,vb1432
1VQBA,1VQB,A,V70P,-5.1,vb1432
1VQBA,1VQB,A,V70T,-1.75,s2648
1VQBA,1VQB,A,V70T,-3.5,vb1432
1VQBA,1VQB,A,Y26R,-0.2,s2648
1VQBA,1VQB,A,Y26R,-0.4,vb1432
1VQBA,1VQB,A,Y41A,-0.2,s2648
1VQBA,1VQB,A,Y41A,-0.4,vb1432
1VQBA,1VQB,A,Y41F,-0.3,s2648
1VQBA,1VQB,A,Y41F,-3.2,ssym
1VQBA,1VQB,A,Y41F,-0.6,vb1432
1VQBA,1VQB,A,Y41F;F73W,-0.66,ptmul
1VQBA,1VQG,A,L47I,0.4,ssym
1VQBA,1VQH,A,M47I,1.7,ssym
1VQBA,1VQI,A,V47I,2.0,ssym
1VQBA,1VQJ,A,I35V,0.6,ssym
1W4HA,1W4H,A,A130G,-0.04,broom
1W4HA,1W4H,A,A130G,-0.04,vb1432
91,1W4H,A,A130W,0.6,korpm
1W4HA,1W4H,A,A134G,-0.37,broom
1W4HA,1W4H,A,A134G,-0.37,vb1432
1W4HA,1W4H,A,A140G,-1.02,broom
91,1W4H,A,A140G,-1.02,korpm
1W4HA,1W4H,A,A140G,-1.02,vb1432
1W4HA,1W4H,A,A146G,-0.58,broom
1W4HA,1W4H,A,A146G,-0.58,vb1432
1W4HA,1W4H,A,A148G,-0.43,broom
1W4HA,1W4H,A,A148G,-0.43,vb1432
1W4HA,1W4H,A,A168G,-0.07,broom
1W4HA,1W4H,A,A168G,-0.07,vb1432
1W4HA,1W4H,A,D162N,-3.1,broom
1W4HA,1W4H,A,D162N,-3.1,vb1432
91,1W4H,A,H142W,-0.1,korpm
1W4HA,1W4H,A,H166A,0.06,broom
91,1W4H,A,H166A,0.06,korpm
1W4HA,1W4H,A,H166A,0.06,vb1432
1W4HA,1W4H,A,H166G,-1.58,broom
91,1W4H,A,H166G,-1.58,korpm
1W4HA,1W4H,A,H166G,-1.58,vb1432
1W4HA,1W4H,A,I135A,-1.63,broom
1W4HA,1W4H,A,I135A,-1.63,vb1432
1W4HA,1W4H,A,I135V,-0.03,broom
1W4HA,1W4H,A,I135V,-0.03,vb1432
1W4HA,1W4H,A,I149V,-0.75,broom
1W4HA,1W4H,A,I149V,-0.75,vb1432
1W4HA,1W4H,A,L131A,-0.94,broom
91,1W4H,A,L131A,-0.9,korpm
1W4HA,1W4H,A,L131A,-0.94,vb1432
91,1W4H,A,L131W,-0.7,korpm
1W4HA,1W4H,A,L138A,-1.67,broom
1W4HA,1W4H,A,L138A,-1.67,vb1432
1W4HA,1W4H,A,L139A,-3.5,broom
1W4HA,1W4H,A,L139A,-3.5,vb1432
1W4HA,1W4H,A,L144A,-1.9,broom
1W4HA,1W4H,A,L144A,-1.9,vb1432
1W4HA,1W4H,A,L158A,-2.12,broom
1W4HA,1W4H,A,L158A,-2.12,vb1432
1W4HA,1W4H,A,L167A,-0.57,broom
1W4HA,1W4H,A,L167A,-1.18,broom
1W4HA,1W4H,A,P133A,0.38,broom
91,1W4H,A,P133A,0.38,korpm
1W4HA,1W4H,A,P133A,0.38,vb1432
1W4HA,1W4H,A,S132G,-0.47,broom
91,1W4H,A,S132G,-0.57,korpm
1W4HA,1W4H,A,S132G,-0.47,vb1432
1W4HA,1W4H,A,T152A,-1.36,broom
1W4HA,1W4H,A,T152A,-1.36,vb1432
1W4HA,1W4H,A,T152S,-0.29,broom
1W4HA,1W4H,A,T152S,-0.29,vb1432
1W4HA,1W4H,A,T159S,-1.63,broom
1W4HA,1W4H,A,T159S,-1.63,vb1432
1W4HA,1W4H,A,V154G,-0.84,broom
91,1W4H,A,V154G,-0.84,korpm
1W4HA,1W4H,A,V154G,-0.84,vb1432
1W4HA,1W4H,A,V163A,-2.02,broom
1W4HA,1W4H,A,V163A,-2.02,vb1432
1WITA,1WIT,A,Y73F,-2.15,s2648
1WQ5A,1WQ5,A,C118A,-1.36,s2648
1WQ5A,1WQ5,A,C118S,-2.27,s2648
1WQ5A,1WQ5,A,C118V,-1.34,s2648
1WQ5A,1WQ5,A,C154A,-1.03,s2648
1WQ5A,1WQ5,A,C154S,-1.72,s2648
1WQ5A,1WQ5,A,C154V,-1.12,s2648
1WQ5A,1WQ5,A,C81A,-0.69,s2648
1WQ5A,1WQ5,A,C81G,-1.58,s2648
1WQ5A,1WQ5,A,C81S,-1.41,s2648
1WQ5A,1WQ5,A,C81V,-1.32,s2648
1WQ5A,1WQ5,A,E49A,0.41,s2648
1WQ5A,1WQ5,A,E49C,1.33,s2648
1WQ5A,1WQ5,A,E49D,0.07,s2648
1WQ5A,1WQ5,A,E49F,1.15,s2648
1WQ5A,1WQ5,A,E49G,-0.03,s2648
1WQ5A,1WQ5,A,E49H,1.51,s2648
1WQ5A,1WQ5,A,E49I,3.79,s2648
1WQ5A,1WQ5,A,E49K,0.42,s2648
1WQ5A,1WQ5,A,E49L,3.67,s2648
1WQ5A,1WQ5,A,E49M,3.13,s2648
1WQ5A,1WQ5,A,E49N,-0.05,s2648
1WQ5A,1WQ5,A,E49Q,-0.58,s2648
92,1WQ5,A,E49S,-1.05,korpm
1WQ5A,1WQ5,A,E49S,-0.01,s2648
1WQ5A,1WQ5,A,E49T,0.16,s2648
1WQ5A,1WQ5,A,E49V,2.43,s2648
1WQ5A,1WQ5,A,E49W,-0.02,s2648
1WQ5A,1WQ5,A,E49Y,0.41,s2648
1WQ5A,1WQ5,A,F139W,-0.64,s2648
1WQ5A,1WQ5,A,F139W;F258W,-0.8,ptmul
1WQ5A,1WQ5,A,F22L,1.4,s2648
92,1WQ5,A,F258W,-1.4,korpm
1WQ5A,1WQ5,A,F258W,-1.17,s2648
1WQ5A,1WQ5,A,G211D,-0.8,s2648
1WQ5A,1WQ5,A,G211E,1.1,s2648
1WQ5A,1WQ5,A,G211R,-0.12,s2648
1WQ5A,1WQ5,A,G211S,-0.15,s2648
1WQ5A,1WQ5,A,G211V,1.05,s2648
1WQ5A,1WQ5,A,G211W,-1.95,s2648
1WQ5A,1WQ5,A,G234D,3.4,s2648
1WQ5A,1WQ5,A,G234K,0.2,s2648
1WQ5A,1WQ5,A,I37A,-4.42,s2648
1WQ5A,1WQ5,A,L127A,-1.28,s2648
1WQ5A,1WQ5,A,L176A,-4.01,s2648
1WQ5A,1WQ5,A,L50A,-2.99,s2648
1WQ5A,1WQ5,A,L99A,-4.07,s2648
92,1WQ5,A,P93S,-4.1,korpm
1WQ5A,1WQ5,A,Y175C,-0.6,s2648
1WQ5A,1WQ5,A,Y175C;G211E,-1.15,ptmul
1WQ5A,1WQ5,B,C1081A,-0.69,vb1432
1WQ5A,1WQ5,B,C1081G,-1.58,vb1432
1WQ5A,1WQ5,B,C1081S,-1.41,vb1432
1WQ5A,1WQ5,B,C1081V,-1.32,vb1432
1WQ5A,1WQ5,B,C1118A,-1.36,vb1432
1WQ5A,1WQ5,B,C1118S,-2.27,vb1432
1WQ5A,1WQ5,B,C1118V,-1.34,vb1432
1WQ5A,1WQ5,B,C1154A,-1.03,vb1432
1WQ5A,1WQ5,B,C1154S,-1.72,vb1432
1WQ5A,1WQ5,B,C1154V,-1.12,vb1432
1WQ5A,1WQ5,B,E1049A,-0.08,vb1432
1WQ5A,1WQ5,B,E1049C,0.01,vb1432
1WQ5A,1WQ5,B,E1049D,-0.8,vb1432
1WQ5A,1WQ5,B,E1049F,-0.86,vb1432
1WQ5A,1WQ5,B,E1049G,0.08,vb1432
1WQ5A,1WQ5,B,E1049H,0.33,vb1432
1WQ5A,1WQ5,B,E1049I,0.46,vb1432
1WQ5A,1WQ5,B,E1049K,0.2,vb1432
1WQ5A,1WQ5,B,E1049L,0.44,vb1432
1WQ5A,1WQ5,B,E1049N,-0.69,vb1432
1WQ5A,1WQ5,B,E1049P,0.0,vb1432
1WQ5A,1WQ5,B,E1049Q,-0.23,vb1432
1WQ5A,1WQ5,B,E1049S,-0.59,vb1432
1WQ5A,1WQ5,B,E1049T,-0.62,vb1432
1WQ5A,1WQ5,B,E1049V,0.14,vb1432
1WQ5A,1WQ5,B,E1049W,-0.97,vb1432
1WQ5A,1WQ5,B,E1049Y,-0.17,vb1432
1WQ5A,1WQ5,B,G1211R,0.1,vb1432
1WQ5A,1WQ5,B,P1057A,-0.04,vb1432
1WQ5A,1WQ5,B,P1096A,-2.0,vb1432
1WQ5A,1WQ5,B,P1132A,-0.92,vb1432
1WQ5A,1WQ5,B,P1132G,-0.78,vb1432
1WQ5A,1WQ5,B,P1207A,-1.64,vb1432
1EL1A,1WQM,A,F124Y,0.4,ssym
1EL1A,1WQN,A,F20Y,0.5,ssym
1EL1A,1WQO,A,F38Y,0.2,ssym
1EL1A,1WQP,A,F45Y,-0.1,ssym
1EL1A,1WQQ,A,F54Y,1.0,ssym
1EL1A,1WQR,A,F63Y,0.2,ssym
93,1XXN,A,N181R,0.36,korpm
93,1XXN,A,N32D,-0.86,korpm
93,1XXN,A,N54E,-0.64,korpm
93,1XXN,A,S22E,0.24,korpm
93,1XXN,A,S27E,-0.64,korpm
3,1XYX,A,F198H,-1.79,korpm
3,1XYX,A,H187R,-0.74,korpm
3,1XYX,A,H187Y,0.79,korpm
3,1XYX,A,Y155H,0.48,korpm
5,1Y4Y,A,F29W,-0.86,korpm
1EL1A,1YAM,A,V106I,0.7,ssym
1EL1A,1YAN,A,V23I,0.4,ssym
1EL1A,1YAO,A,V56I,1.2,ssym
1EL1A,1YAP,A,V59I,1.1,ssym
1EL1A,1YAQ,A,V89I,0.5,ssym
0,1YCC,A,C102A,1.62,korpm
1C2RA,1YCC,A,C102A,2.9,vb1432
0,1YCC,A,C102S,2.8,korpm
1C2RA,1YCC,A,C102S,2.8,vb1432
0,1YCC,A,C102T,0.8,korpm
1C2RA,1YCC,A,C102T,0.8,vb1432
1C2RA,1YCC,A,D90C;C102T,0.91,ptmul
1C2RA,1YCC,A,F82Y,-0.7,vb1432
1C2RA,1YCC,A,F82Y;L85A,-2.9,ptmul
1C2RA,1YCC,A,G29S;N52I,-1.5,ptmul
1C2RA,1YCC,A,G6A;N52I,-0.64,ptmul
1C2RA,1YCC,A,G6S;N52I,-0.31,ptmul
1C2RA,1YCC,A,H26N;H33N;H39Q;C102S,-1.05,ptmul
0,1YCC,A,H26Y,-1.82,korpm
1C2RA,1YCC,A,H33P;N52I,-0.8,ptmul
0,1YCC,A,H33Y,-0.6,korpm
1C2RA,1YCC,A,K73I,-0.4,vb1432
1C2RA,1YCC,A,K73V,0.1,vb1432
1C2RA,1YCC,A,K73W,-1.6,vb1432
1C2RA,1YCC,A,L85A,-2.8,vb1432
1C2RA,1YCC,A,N52A,0.63,vb1432
1C2RA,1YCC,A,N52A;C102A,3.9,ptmul
1C2RA,1YCC,A,N52G;C102A,0.9,ptmul
1C2RA,1YCC,A,N52H,-1.27,vb1432
1C2RA,1YCC,A,N52I,3.14,vb1432
1C2RA,1YCC,A,N52I,4.2,vb1432
1C2RA,1YCC,A,N52I;C102A,6.2,ptmul
1C2RA,1YCC,A,N52L,2.56,vb1432
1C2RA,1YCC,A,N52M,2.25,vb1432
1C2RA,1YCC,A,N52Q,-0.08,vb1432
1C2RA,1YCC,A,N52S,-1.29,vb1432
1C2RA,1YCC,A,N52T,-0.53,vb1432
1C2RA,1YCC,A,N52V,1.67,vb1432
1C2RA,1YCC,A,P76G,-0.78,vb1432
1C2RA,1YCC,A,P76L,-3.44,vb1432
1C2RA,1YCC,A,P76R,-0.97,vb1432
1C2RA,1YCC,A,P76S,-1.89,vb1432
1C2RA,1YCC,A,P76V,-1.07,vb1432
1C2RA,1YCC,A,P76W,-2.38,vb1432
1C2RA,1YCC,A,P76Y,-2.07,vb1432
1C2RA,1YCC,A,R13C;C102T,4.21,ptmul
1C2RA,1YCC,A,R13C;D90C;C102T,0.91,ptmul
1C2RA,1YCC,A,T69E;C102T,0.76,ptmul
1C2RA,1YCC,A,T69E;T96A;C102T,-2.47,ptmul
1C2RA,1YCC,A,T96A;C102T,-2.23,ptmul
0,1YCC,A,V20C,-1.1,korpm
0,1YCC,A,Y97F,0.24,korpm
1VQBA,1YHB,A,F41Y,3.2,ssym
1YU5X,1YU5,X,H41Y,1.11,s2648
1YYJA,1YYJ,A,A20G,-1.97,s2648
1YYJA,1YYJ,A,A23G,-2.38,s2648
1YYJA,1YYJ,A,A36G,-2.61,s2648
1YYJA,1YYJ,A,A37G,-4.15,s2648
1YYJA,1YYJ,A,A40G,-1.41,s2648
1YYJA,1YYJ,A,A87G,-3.2,s2648
1YYJA,1YYJ,A,A90G,-2.34,s2648
1YYJA,1YYJ,A,A91G,-1.6,s2648
1YYJA,1YYJ,A,D73A,-1.57,s2648
1YYJA,1YYJ,A,E18A,1.3,s2648
1YYJA,1YYJ,A,F61A,-4.52,s2648
1YYJA,1YYJ,A,F65A,-1.92,s2648
1YYJA,1YYJ,A,I17A,-1.3,s2648
1YYJA,1YYJ,A,I72A,-4.79,s2648
1YYJA,1YYJ,A,I98A,-3.48,s2648
1YYJA,1YYJ,A,K15A,-0.2,s2648
1YYJA,1YYJ,A,K27A,-0.17,s2648
1YYJA,1YYJ,A,K27G,-1.0,s2648
1YYJA,1YYJ,A,K51G,-1.32,s2648
1YYJA,1YYJ,A,L10A,-1.86,s2648
1YYJA,1YYJ,A,L14A,-1.92,s2648
1YYJA,1YYJ,A,L30A,-2.83,s2648
1YYJA,1YYJ,A,L38G,-1.44,s2648
1YYJA,1YYJ,A,L3A,-1.6,s2648
1YYJA,1YYJ,A,L48A,-3.73,s2648
1YYJA,1YYJ,A,L68A,-3.88,s2648
1YYJA,1YYJ,A,L76A,-3.48,s2648
1YYJA,1YYJ,A,L94A,-1.5,s2648
1YYJA,1YYJ,A,M33A,-2.97,s2648
1YYJA,1YYJ,A,M58A,-2.91,s2648
1YYJA,1YYJ,A,R34A,-2.25,s2648
1YYJA,1YYJ,A,R34G,-3.26,s2648
1YYJA,1YYJ,A,V69G,-3.61,s2648
1YYJA,1YYJ,A,V84A,-3.42,s2648
1YYJA,1YYJ,A,W7M,-0.85,s2648
1YYJA,1YYJ,A,Y101A,0.52,s2648
1YYJA,1YYJ,A,Y105A,-2.36,s2648
94,1Z1I,A,W31F,0.17,korpm
1ZG4A,1ZG4,A,C77S,-3.36,s2648
1ZG4A,1ZG4,A,W290F,-0.83,s2648
1ZNJA,1ZNJ,A,T8A,0.16,broom
1ZNJA,1ZNJ,A,T8H,1.76,broom
1ZNJA,1ZNJ,A,T8R,1.25,broom
1ZNJB,1ZNJ,B,F25D,0.48,s2648
1ZNJB,1ZNJ,B,F25H,0.75,s2648
1ZNJB,1ZNJ,B,H10D,0.76,s2648
1ZNJB,1ZNJ,B,H10E,1.11,s2648
1ZNJB,1ZNJ,B,H10T,0.03,s2648
1ZNJB,1ZNJ,B,K29G,-0.05,s2648
1ZNJB,1ZNJ,B,S9D,0.06,s2648
1ZNJB,1ZNJ,B,Y26T,-0.22,s2648
2LZMA,206L,A,S42A,2.3,ssym
2LZMA,217L,A,E44S,0.0,ssym
2LZMA,221L,A,S49A,0.5,ssym
2LZMA,224L,A,S93A,0.2,ssym
2LZMA,230L,A,L6M,2.8,ssym
2LZMA,231L,A,K106M,3.4,ssym
2LZMA,232L,A,K120M,1.6,ssym
2LZMA,233L,A,L120M,-0.5,ssym
2LZMA,234L,A,L106M,-0.5,ssym
2LZMA,235L,A,A111V,1.3,ssym
2LZMA,236L,A,A87V,1.7,ssym
2LZMA,237L,A,A149V,3.2,ssym
2LZMA,238L,A,A103V,2.2,ssym
2LZMA,239L,A,A17I,2.7,ssym
2LZMA,240L,A,A27I,3.1,ssym
2LZMA,241L,A,A29I,2.6,ssym
2LZMA,242L,A,A50I,2.0,ssym
2LZMA,243L,A,A58I,3.2,ssym
2LZMA,244L,A,A100I,3.4,ssym
2LZMA,245L,A,A6M,1.9,ssym
2LZMA,246L,A,A67F,1.9,ssym
2LZMA,247L,A,A84L,2.6,ssym
2LZMA,253L,A,A20D,0.3,ssym
2LZMA,254L,A,S20D,-0.7,ssym
2LZMA,255L,A,N20D,-1.3,ssym
2A01A,2A01,A,L141R,-0.65,s2648
9,2A36,A,T22A,0.4,korpm
2A36A,2A36,A,T22A,0.4,s2648
9,2A36,A,T22D,1.5,korpm
2A36A,2A36,A,T22D,1.5,s2648
9,2A36,A,T22F,1.3,korpm
2A36A,2A36,A,T22F,1.3,s2648
9,2A36,A,T22G,3.6,korpm
2A36A,2A36,A,T22G,3.59,s2648
2A36A,2A36,A,T22K,0.0,s2648
9,2A36,A,T22L,0.6,korpm
2A36A,2A36,A,T22L,0.5,s2648
9,2A36,A,T22N,1.3,korpm
2A36A,2A36,A,T22N,1.3,s2648
9,2A36,A,T22S,0.6,korpm
2A36A,2A36,A,T22S,0.6,s2648
2ABDA,2ABD,A,A34G,-1.33,s2648
2ABDA,2ABD,A,A34G,-1.57,vb1432
2ABDA,2ABD,A,A69G,-2.28,s2648
2ABDA,2ABD,A,A9G,-1.88,s2648
2ABDA,2ABD,A,A9G,-1.81,vb1432
95,2ABD,A,D21A,0.42,korpm
2ABDA,2ABD,A,D21A,0.03,s2648
2ABDA,2ABD,A,D21A,0.42,vb1432
95,2ABD,A,D21H,-0.56,korpm
2ABDA,2ABD,A,D21H,-0.56,s2648
2ABDA,2ABD,A,D21H,-0.56,vb1432
2ABDA,2ABD,A,E67A,-0.6,s2648
2ABDA,2ABD,A,E67A,-0.36,vb1432
95,2ABD,A,F26A,-1.53,korpm
2ABDA,2ABD,A,F26A,-1.79,s2648
2ABDA,2ABD,A,F5A,-2.61,s2648
2ABDA,2ABD,A,F5A,-2.52,vb1432
2ABDA,2ABD,A,I39A,-1.05,s2648
2ABDA,2ABD,A,I74A,-1.7,s2648
2ABDA,2ABD,A,K32A,-1.34,s2648
2ABDA,2ABD,A,K32A,-1.02,vb1432
2ABDA,2ABD,A,K32E,-1.48,s2648
2ABDA,2ABD,A,K32E,-1.68,vb1432
95,2ABD,A,K32R,-2.22,korpm
2ABDA,2ABD,A,K32R,-1.83,s2648
2ABDA,2ABD,A,K32R,-1.83,vb1432
95,2ABD,A,K52M,0.18,korpm
2ABDA,2ABD,A,K52M,0.24,s2648
2ABDA,2ABD,A,K52M,0.18,vb1432
2ABDA,2ABD,A,K52M;K54M,1.01,ptmul
2ABDA,2ABD,A,K54A,-0.97,s2648
2ABDA,2ABD,A,K54A,-0.86,vb1432
95,2ABD,A,K54M,0.27,korpm
2ABDA,2ABD,A,K54M,0.1,s2648
2ABDA,2ABD,A,K54M,0.27,vb1432
2ABDA,2ABD,A,L15A,-3.28,s2648
2ABDA,2ABD,A,L15A,-3.1,vb1432
2ABDA,2ABD,A,L25A,-1.6,s2648
2ABDA,2ABD,A,L25A,-1.02,vb1432
2ABDA,2ABD,A,L80A,-4.15,s2648
2ABDA,2ABD,A,L80A,-3.7,vb1432
2ABDA,2ABD,A,P19A,-1.07,vb1432
2ABDA,2ABD,A,P44A,-1.4,vb1432
2ABDA,2ABD,A,Q33A,-3.64,s2648
2ABDA,2ABD,A,Q33A,-3.66,vb1432
2ABDA,2ABD,A,T35A,-1.47,s2648
2ABDA,2ABD,A,T35A,-1.09,vb1432
2ABDA,2ABD,A,V12A,-1.54,s2648
2ABDA,2ABD,A,V12A,-1.69,vb1432
2ABDA,2ABD,A,V77A,-1.57,s2648
2ABDA,2ABD,A,V77A,-1.14,vb1432
95,2ABD,A,Y28A,-2.47,korpm
2ABDA,2ABD,A,Y28A,-2.74,s2648
2ABDA,2ABD,A,Y28A,-2.47,vb1432
2ABDA,2ABD,A,Y28F,-1.23,s2648
2ABDA,2ABD,A,Y28F,-1.06,vb1432
95,2ABD,A,Y28N,-2.23,korpm
2ABDA,2ABD,A,Y28N,-2.48,s2648
2ABDA,2ABD,A,Y28N,-2.23,vb1432
95,2ABD,A,Y31N,-1.52,korpm
2ABDA,2ABD,A,Y31N,-1.86,s2648
2ABDA,2ABD,A,Y31N,-1.52,vb1432
2ABDA,2ABD,A,Y73A,-4.77,s2648
2ABDA,2ABD,A,Y73A,-4.83,vb1432
95,2ABD,A,Y73F,0.27,korpm
2ABDA,2ABD,A,Y73F,0.29,s2648
2ABDA,2ABD,A,Y73F,0.27,vb1432
2AC0A,2AC0,A,C124W;M133L,-1.3,ptmul
2AC0A,2AC0,A,C124W;M133L;C135I;C141F,-2.0,ptmul
2AC0A,2AC0,A,H115E;W146R;Q165K;Q167E;L206H;F212K;N268R,0.3,ptmul
2AC0A,2AC0,A,L145I;V157I,-1.2,ptmul
2AC0A,2AC0,A,L145V;V157L,0.8,ptmul
2AC0A,2AC0,A,M133L;C141V;Y236F;T253L,-1.2,ptmul
1APSA,2ACY,A,K24E;E63K;N82K;Q95K,1.67,ptmul
4,2AFG,A,C117A,0.43,korpm
1RG8A,2AFG,A,C117I,-0.36,broom
4,2AFG,A,C117I,-0.36,korpm
1RG8A,2AFG,A,C117I,-1.2,vb1432
4,2AFG,A,C117S,-0.26,korpm
1RG8A,2AFG,A,C117S,-0.26,vb1432
4,2AFG,A,C117V,0.02,korpm
1RG8A,2AFG,A,C16S,-2.89,broom
4,2AFG,A,C16S,-2.72,korpm
1RG8A,2AFG,A,C16S;H93G,-1.0,ptmul
4,2AFG,A,C83A,-1.39,korpm
4,2AFG,A,C83S,-1.84,korpm
1RG8A,2AFG,A,C83S;C117S,-1.8,ptmul
4,2AFG,A,C83T,-1.46,korpm
1RG8A,2AFG,A,C83T;C117V,1.46,ptmul
4,2AFG,A,C83V,-2.84,korpm
1RG8A,2AFG,A,F108Y,0.94,broom
1RG8A,2AFG,A,F108Y,0.33,vb1432
1RG8A,2AFG,A,F132W,0.33,broom
4,2AFG,A,F132W,0.29,korpm
1RG8A,2AFG,A,F132W,0.29,vb1432
1RG8A,2AFG,A,F85W,0.01,broom
4,2AFG,A,F85W,-0.07,korpm
1RG8A,2AFG,A,F85W,-0.07,vb1432
4,2AFG,A,G62N,-0.79,korpm
1RG8A,2AFG,A,H102Y,0.44,broom
4,2AFG,A,H102Y,0.4,korpm
1RG8A,2AFG,A,H102Y,0.1,vb1432
1RG8A,2AFG,A,H102Y;F108Y,0.58,ptmul
1RG8A,2AFG,A,H21Y,1.01,broom
4,2AFG,A,H21Y,0.75,korpm
1RG8A,2AFG,A,H21Y,0.39,vb1432
1RG8A,2AFG,A,H21Y;F108Y,0.71,ptmul
1RG8A,2AFG,A,H21Y;H102Y,0.73,ptmul
1RG8A,2AFG,A,H21Y;H102Y;F108Y,1.08,ptmul
1RG8A,2AFG,A,H21Y;L44F,0.99,ptmul
1RG8A,2AFG,A,H21Y;L44F;F108Y,1.21,ptmul
1RG8A,2AFG,A,H21Y;L44F;H102Y,1.19,ptmul
1RG8A,2AFG,A,H21Y;L44F;H102Y;F108Y,1.46,ptmul
4,2AFG,A,H93G,1.6,korpm
4,2AFG,A,H93N,0.29,korpm
1RG8A,2AFG,A,L44F,0.87,broom
4,2AFG,A,L44F,0.5,korpm
1RG8A,2AFG,A,L44F,0.47,vb1432
1RG8A,2AFG,A,L44F,0.72,vb1432
1RG8A,2AFG,A,L44F;C83T;C117V;F132W,-0.1,ptmul
1RG8A,2AFG,A,L44F;F108Y,0.67,ptmul
1RG8A,2AFG,A,L44F;H102Y,0.68,ptmul
1RG8A,2AFG,A,L44F;H102Y;F108Y,0.95,ptmul
4,2AFG,A,L44P,0.69,korpm
1RG8A,2AFG,A,L44P,0.69,vb1432
1RG8A,2AFG,A,L44P;L73V;V109L,-0.14,ptmul
1RG8A,2AFG,A,L44W,0.57,broom
4,2AFG,A,L44W,-0.81,korpm
1RG8A,2AFG,A,L44W,3.4,vb1432
1RG8A,2AFG,A,L44W;F132W,-0.93,ptmul
4,2AFG,A,L73V,-1.46,korpm
1RG8A,2AFG,A,L73V,-1.46,vb1432
1RG8A,2AFG,A,L73V;V109L,-0.88,ptmul
1RG8A,2AFG,A,N106G,0.38,broom
4,2AFG,A,N106G,0.38,korpm
4,2AFG,A,Q40P,1.5,korpm
4,2AFG,A,S47I,1.9,korpm
1RG8A,2AFG,A,V109I,0.06,broom
1RG8A,2AFG,A,V109I,-0.11,vb1432
1RG8A,2AFG,A,V109L,-0.57,vb1432
1RG8A,2AFG,A,V31I,-0.96,broom
96,2AKY,A,I213F,-1.91,korpm
1AKYA,2AKY,A,I213F,-1.91,vb1432
96,2AKY,A,N169D,-2.15,korpm
1AKYA,2AKY,A,N169D,-2.15,vb1432
96,2AKY,A,T77H,-2.15,korpm
1AKYA,2AKY,A,T77H,-2.15,vb1432
1AKYA,2AKY,A,V8I,-1.2,vb1432
97,2ARF,A,H1069Q,-0.96,korpm
10,2BJD,A,V84D,-4.49,korpm
10,2BJD,A,V84P,-4.52,korpm
10,2BJD,A,Y86E,-2.1,korpm
2CI2I,2CI2,I,A35G,-1.25,s2648
2CI2I,2CI2,I,A35G,-1.09,vb1432
2CI2I,2CI2,I,A77G,-1.42,s2648
2CI2I,2CI2,I,A77G,-1.88,vb1432
2CI2I,2CI2,I,D42A,-1.0,s2648
2CI2I,2CI2,I,D42A,-0.96,vb1432
2CI2I,2CI2,I,D64A,-0.91,s2648
2CI2I,2CI2,I,D64A,-0.8,vb1432
2CI2I,2CI2,I,D71A,-3.28,s2648
2CI2I,2CI2,I,D71A,-3.41,vb1432
2CI2I,2CI2,I,E26A,-0.75,s2648
2CI2I,2CI2,I,E26A,-0.47,vb1432
2CI2I,2CI2,I,E26Q,-0.6,s2648
2CI2I,2CI2,I,E26Q,-0.62,vb1432
2CI2I,2CI2,I,E33A;E34A,-0.37,ptmul
6,2CI2,I,E33D,-0.72,korpm
2CI2I,2CI2,I,E33D,-0.65,s2648
2CI2I,2CI2,I,E33D,-0.52,vb1432
2CI2I,2CI2,I,E33N,-0.28,broom
6,2CI2,I,E33N,-0.49,korpm
2CI2I,2CI2,I,E33N,-0.55,s2648
2CI2I,2CI2,I,E33N,-0.7,vb1432
2CI2I,2CI2,I,E33Q,-0.39,s2648
2CI2I,2CI2,I,E33Q,-0.29,vb1432
6,2CI2,I,E34D,-0.19,korpm
2CI2I,2CI2,I,E34D,-0.19,s2648
2CI2I,2CI2,I,E34D,-0.74,vb1432
6,2CI2,I,E34N,-0.57,korpm
2CI2I,2CI2,I,E34N,-0.58,s2648
2CI2I,2CI2,I,E34N,-1.07,vb1432
2CI2I,2CI2,I,E34Q,-0.58,s2648
2CI2I,2CI2,I,E34Q,-0.47,vb1432
2CI2I,2CI2,I,E45A,-0.64,s2648
2CI2I,2CI2,I,E45A,-0.32,vb1432
2CI2I,2CI2,I,E45A,0.57,vb1432
2CI2I,2CI2,I,E60A,-0.89,s2648
2CI2I,2CI2,I,E60A,-0.69,vb1432
2CI2I,2CI2,I,F69A,-3.53,s2648
2CI2I,2CI2,I,F69A,-3.84,vb1432
2CI2I,2CI2,I,F69L,-1.92,broom
6,2CI2,I,F69L,-2.11,korpm
2CI2I,2CI2,I,F69L,-2.05,s2648
2CI2I,2CI2,I,F69L,-2.11,vb1432
6,2CI2,I,F69V,-1.9,korpm
2CI2I,2CI2,I,F69V,-1.9,s2648
2CI2I,2CI2,I,F69V,-2.39,vb1432
6,2CI2,I,I39L,-1.96,korpm
2CI2I,2CI2,I,I39L,-1.96,s2648
6,2CI2,I,I39V,-1.14,korpm
2CI2I,2CI2,I,I39V,-1.16,s2648
2CI2I,2CI2,I,I39V,-1.29,vb1432
6,2CI2,I,I48A,-3.4,korpm
2CI2I,2CI2,I,I48A,-3.68,s2648
2CI2I,2CI2,I,I48A,-3.84,vb1432
2CI2I,2CI2,I,I48A;I76V,-4.08,ptmul
2CI2I,2CI2,I,I48V,-0.97,s2648
2CI2I,2CI2,I,I48V,-1.1,vb1432
6,2CI2,I,I49A,-2.12,korpm
2CI2I,2CI2,I,I49A,-1.05,s2648
2CI2I,2CI2,I,I49A,-2.12,vb1432
6,2CI2,I,I49G,-3.52,korpm
2CI2I,2CI2,I,I49G,-3.23,s2648
2CI2I,2CI2,I,I49G,-3.52,vb1432
6,2CI2,I,I49T,-1.34,korpm
2CI2I,2CI2,I,I49T,-1.21,s2648
2CI2I,2CI2,I,I49T,-1.34,vb1432
6,2CI2,I,I49V,0.08,korpm
2CI2I,2CI2,I,I49V,-0.1,s2648
2CI2I,2CI2,I,I49V,0.08,vb1432
2CI2I,2CI2,I,I56A,-0.65,s2648
2CI2I,2CI2,I,I56A,-0.03,vb1432
2CI2I,2CI2,I,I76A,-4.21,s2648
2CI2I,2CI2,I,I76A,-4.25,vb1432
6,2CI2,I,I76V,0.19,korpm
2CI2I,2CI2,I,I76V,0.1,s2648
2CI2I,2CI2,I,I76V,0.2,vb1432
2CI2I,2CI2,I,K21A,-0.79,s2648
2CI2I,2CI2,I,K21A,-0.55,vb1432
2CI2I,2CI2,I,K21A;E26A,-1.17,ptmul
2CI2I,2CI2,I,K21M,-0.7,s2648
2CI2I,2CI2,I,K21M,-0.67,vb1432
2CI2I,2CI2,I,K30A,-0.39,s2648
2CI2I,2CI2,I,K30A,0.42,vb1432
2CI2I,2CI2,I,K36A,-0.7,s2648
2CI2I,2CI2,I,K36A,-0.49,vb1432
2CI2I,2CI2,I,K36G,-2.16,s2648
2CI2I,2CI2,I,K36G,-2.32,vb1432
6,2CI2,I,K37A,0.23,korpm
2CI2I,2CI2,I,K37A,-0.18,s2648
2CI2I,2CI2,I,K37A,0.22,vb1432
6,2CI2,I,K37G,-0.97,korpm
2CI2I,2CI2,I,K37G,-1.18,s2648
2CI2I,2CI2,I,K37G,-0.98,vb1432
2CI2I,2CI2,I,K43A,-0.82,s2648
2CI2I,2CI2,I,K43A,-0.65,vb1432
2CI2I,2CI2,I,K43A,0.64,vb1432
2CI2I,2CI2,I,K43A;E45A,0.95,ptmul
2CI2I,2CI2,I,K43G,-3.34,s2648
2CI2I,2CI2,I,K43G,-3.19,vb1432
6,2CI2,I,K72N,-0.6,korpm
2CI2I,2CI2,I,K72N,-0.61,s2648
2CI2I,2CI2,I,K72N,0.0,vb1432
2CI2I,2CI2,I,L27A,-2.44,s2648
2CI2I,2CI2,I,L27A,-2.66,vb1432
6,2CI2,I,L40A,-1.27,korpm
2CI2I,2CI2,I,L40A,-1.27,s2648
2CI2I,2CI2,I,L40A,-1.33,vb1432
6,2CI2,I,L40G,-1.74,korpm
2CI2I,2CI2,I,L40G,-1.73,s2648
2CI2I,2CI2,I,L40G,-1.38,vb1432
2CI2I,2CI2,I,L51A,-2.16,s2648
2CI2I,2CI2,I,L51A,-2.37,vb1432
2CI2I,2CI2,I,L51A;F69A,-5.16,ptmul
2CI2I,2CI2,I,L51A;F69L,-3.25,ptmul
2CI2I,2CI2,I,L51A;V57A,-2.95,ptmul
2CI2I,2CI2,I,L51A;V57A;F69L,-3.34,ptmul
6,2CI2,I,L51I,-0.64,korpm
2CI2I,2CI2,I,L51I,-0.63,s2648
2CI2I,2CI2,I,L51I,-0.26,vb1432
2CI2I,2CI2,I,L51V,-1.02,broom
6,2CI2,I,L51V,-0.5,korpm
2CI2I,2CI2,I,L51V,-0.67,s2648
2CI2I,2CI2,I,L51V,-0.5,vb1432
2CI2I,2CI2,I,L51V;F69A,-3.26,ptmul
2CI2I,2CI2,I,L51V;F69L,-1.08,ptmul
2CI2I,2CI2,I,L51V;V57A,-1.93,ptmul
2CI2I,2CI2,I,L51V;V57A;F69L,-2.84,ptmul
2CI2I,2CI2,I,L68A,-3.7,s2648
2CI2I,2CI2,I,L68A,-3.82,vb1432
6,2CI2,I,N75A,-1.02,korpm
2CI2I,2CI2,I,N75A,-1.02,s2648
2CI2I,2CI2,I,N75A,-0.83,vb1432
6,2CI2,I,N75D,-1.36,korpm
2CI2I,2CI2,I,N75D,-1.36,s2648
2CI2I,2CI2,I,N75D,-1.21,vb1432
6,2CI2,I,P25A,0.92,korpm
2CI2I,2CI2,I,P25A,-1.57,vb1432
2CI2I,2CI2,I,P25A;A35G,-1.3,ptmul
2CI2I,2CI2,I,P44A,-1.76,vb1432
2CI2I,2CI2,I,P44A,1.93,vb1432
6,2CI2,I,P52A,-0.38,korpm
2CI2I,2CI2,I,P52A,-0.17,vb1432
2CI2I,2CI2,I,P80A,-3.34,vb1432
6,2CI2,I,Q41A,-0.28,korpm
2CI2I,2CI2,I,Q41A,-0.28,s2648
2CI2I,2CI2,I,Q41A,-0.02,vb1432
6,2CI2,I,Q41G,-0.76,korpm
2CI2I,2CI2,I,Q41G,-0.76,s2648
2CI2I,2CI2,I,Q41G,-0.6,vb1432
2CI2I,2CI2,I,Q47M;M59L,-0.18,ptmul
2CI2I,2CI2,I,R62A,-0.8,s2648
2CI2I,2CI2,I,R62A,-0.58,vb1432
2CI2I,2CI2,I,R62A;D64A,-2.46,ptmul
2CI2I,2CI2,I,R67A,-1.21,broom
6,2CI2,I,R67A,-1.4,korpm
2CI2I,2CI2,I,R67A,-1.21,s2648
2CI2I,2CI2,I,S31A,-0.96,s2648
2CI2I,2CI2,I,S31A,-0.89,vb1432
2CI2I,2CI2,I,S31A;E33A;E34A,-1.21,ptmul
6,2CI2,I,S31G,-0.43,korpm
2CI2I,2CI2,I,S31G,-0.49,s2648
2CI2I,2CI2,I,S31G,-0.8,vb1432
2CI2I,2CI2,I,S31G;E33A;E34A,-0.81,ptmul
2CI2I,2CI2,I,T22A,-0.93,s2648
2CI2I,2CI2,I,T22A,-0.85,vb1432
6,2CI2,I,T22G,-1.16,korpm
2CI2I,2CI2,I,T22G,-1.07,s2648
2CI2I,2CI2,I,T22G,-1.16,vb1432
2CI2I,2CI2,I,T22V,-0.76,s2648
2CI2I,2CI2,I,T22V,-0.32,vb1432
2CI2I,2CI2,I,T55A,-0.59,s2648
2CI2I,2CI2,I,T55A,0.23,vb1432
2CI2I,2CI2,I,T55S,-0.5,s2648
2CI2I,2CI2,I,T55S,-0.02,vb1432
6,2CI2,I,T55V,-1.17,korpm
2CI2I,2CI2,I,T55V,-1.16,s2648
2CI2I,2CI2,I,T55V,-0.76,vb1432
2CI2I,2CI2,I,T58A,-0.69,s2648
2CI2I,2CI2,I,T58A,-0.69,vb1432
2CI2I,2CI2,I,T58A;E60A,-0.67,ptmul
2CI2I,2CI2,I,T58D,0.0,s2648
2CI2I,2CI2,I,T58D,0.04,vb1432
2CI2I,2CI2,I,T58D;E60A,-0.24,ptmul
2CI2I,2CI2,I,V38A,-0.31,s2648
2CI2I,2CI2,I,V38A,-0.48,vb1432
2CI2I,2CI2,I,V53A,-0.88,s2648
2CI2I,2CI2,I,V53A,-0.64,vb1432
6,2CI2,I,V53G,-2.43,korpm
2CI2I,2CI2,I,V53G,-2.26,s2648
2CI2I,2CI2,I,V53G,-2.43,vb1432
6,2CI2,I,V53T,-1.03,korpm
2CI2I,2CI2,I,V53T,-1.31,s2648
2CI2I,2CI2,I,V53T,-1.03,vb1432
2CI2I,2CI2,I,V57A,-1.07,s2648
2CI2I,2CI2,I,V57A,-1.47,vb1432
2CI2I,2CI2,I,V57A;F69L,-2.2,ptmul
2CI2I,2CI2,I,V57A;V79A,-3.78,ptmul
2CI2I,2CI2,I,V66A,-4.92,s2648
2CI2I,2CI2,I,V66A,-4.88,vb1432
2CI2I,2CI2,I,V70A,-1.74,s2648
2CI2I,2CI2,I,V70A,-1.95,vb1432
2CI2I,2CI2,I,V79A,-1.46,s2648
2CI2I,2CI2,I,V79A,-1.51,vb1432
6,2CI2,I,V79G,-3.24,korpm
2CI2I,2CI2,I,V79G,-2.38,s2648
2CI2I,2CI2,I,V79G,-3.24,vb1432
2CI2I,2CI2,I,V79T,-0.89,s2648
2CI2I,2CI2,I,V79T,-0.38,vb1432
2CI2I,2CI2,I,V82A,-1.36,s2648
2CI2I,2CI2,I,V82A,-1.45,vb1432
2CI2I,2CI2,I,V82G,-3.24,s2648
2CI2I,2CI2,I,V82G,-3.5,vb1432
6,2CI2,I,V82S,-1.3,korpm
2CI2I,2CI2,I,V82T,-1.33,s2648
2CI2I,2CI2,I,V82T,-1.15,vb1432
98,2DRI,A,A188C,-1.8,korpm
2DRIA,2DRI,A,A188C,-1.8,vb1432
98,2DRI,A,A27T,-3.3,korpm
2DRIA,2DRI,A,A27T,-3.3,s2648
98,2DRI,A,I132A,0.57,korpm
98,2DRI,A,L62C,-2.7,korpm
2DRIA,2DRI,A,L62C,-2.7,vb1432
98,2DRI,A,V50E,-3.5,korpm
2DRIA,2DRI,A,V50E,-3.5,s2648
1EY0A,2EXZ,A,C22T,0.9,ssym
1EY0A,2EY1,A,V22T,0.9,ssym
1EY0A,2EY2,A,C41T,-0.6,ssym
1EY0A,2EY5,A,S41T,1.1,ssym
1EY0A,2EY6,A,V41T,-0.8,ssym
1EY0A,2EYF,A,V44T,-0.1,ssym
1EY0A,2EYH,A,S62T,2.1,ssym
1EY0A,2EYJ,A,V62T,0.2,ssym
1EY0A,2EYL,A,S82T,0.7,ssym
1EY0A,2EYM,A,C120T,1.7,ssym
1EY0A,2EYO,A,S120T,0.6,ssym
1EY0A,2EYP,A,V120T,1.8,ssym
1EY0A,2F0D,A,V92I,0.4,ssym
1EY0A,2F0E,A,L23V,0.1,ssym
1EY0A,2F0F,A,I25L,1.7,ssym
1EY0A,2F0G,A,I66V,1.0,ssym
1EY0A,2F0H,A,L66V,0.3,ssym
1EY0A,2F0I,A,L72I,0.2,ssym
1EY0A,2F0J,A,V72I,1.2,ssym
99,2H3F,A,E12A,1.07,korpm
1UWOA,2H61,A,F14A,-2.85,s2648
1UWOA,2H61,A,I11A,-1.65,s2648
1UWOA,2H61,A,L3A,-0.64,s2648
1UWOA,2H61,A,L3S,-1.25,s2648
1UWOA,2H61,A,M7A,-2.0,s2648
27,2HBB,A,F5L,-1.15,korpm
27,2HBB,A,G24A,0.02,korpm
27,2HBB,A,K10E,0.13,korpm
27,2HBB,A,K10M,0.47,korpm
27,2HBB,A,K12G,0.03,korpm
27,2HBB,A,K12M,1.8,korpm
27,2HBB,A,K7M,0.21,korpm
1EL1A,2HEA,A,A106I,0.9,ssym
1EL1A,2HEB,A,A23I,2.5,ssym
1EL1A,2HEC,A,A56I,3.7,ssym
1EL1A,2HED,A,A59I,1.7,ssym
1EL1A,2HEE,A,G59I,3.8,ssym
1EL1A,2HEF,A,A89I,2.7,ssym
1HMSA,2HMB,A,F16Y,-3.44,broom
1HMSA,2HMB,A,F57S,-3.63,broom
1HMSA,2HMB,A,R106T,-3.54,broom
1HMSA,2HMB,A,R126K,-4.66,broom
1HMSA,2HMB,A,R126Q,-0.62,broom
1HMSA,2HMB,A,T40E,-3.27,broom
1HMSA,2HMB,A,T40Q,-4.37,broom
1HMSA,2HMB,A,T40V,-1.84,broom
1HMSA,2HMB,A,Y128F,-3.82,broom
2HPRA,2HPR,A,A2K;N71E,1.1,ptmul
2HPRA,2HPR,A,A2R;N71E,1.55,ptmul
5,2HPR,A,S46D,0.7,korpm
2HPRA,2HPR,A,S46D,0.72,s2648
2HPRA,2HPR,A,S46D,0.7,vb1432
1HMSA,2IFB,A,A104C,2.54,broom
1HMSA,2IFB,A,G65A,-1.33,broom
1HMSA,2IFB,A,G65A;V66F,-0.57,ptmul
1HMSA,2IFB,A,G65A;V66R,-2.16,ptmul
1HMSA,2IFB,A,G65A;V66W,-4.17,ptmul
1HMSA,2IFB,A,G65D;V66F,-2.47,ptmul
1HMSA,2IFB,A,G65D;V66H,-0.82,ptmul
1HMSA,2IFB,A,I23C,0.91,broom
1HMSA,2IFB,A,L64A,-2.07,broom
1HMSA,2IFB,A,L64G,-2.63,broom
1HMSA,2IFB,A,L64G;G65A;V66F,-5.65,ptmul
1HMSA,2IFB,A,L64K;G65V;V66D,-5.08,ptmul
1HMSA,2IFB,A,L64R;G65A;V66C,-5.53,ptmul
1HMSA,2IFB,A,L64S;G65A;V66N,-4.67,ptmul
1HMSA,2IFB,A,L64T;G65A;V66G,-4.75,ptmul
1HMSA,2IFB,A,L64T;G65V;V66P,-5.3,ptmul
1HMSA,2IFB,A,L72C,-0.14,broom
1HMSA,2IFB,A,L89C,-0.6,broom
100,2IFB,A,L89C,-0.6,korpm
1HMSA,2IFB,A,S53C,0.58,broom
1HMSA,2IFB,A,V60C,0.8,broom
1HMSA,2IFB,A,V60N,-0.76,broom
2,2IMM,A,A100G,0.02,korpm
1LVEA,2IMM,A,A100G,0.02,s2648
2,2IMM,A,A15L,1.36,korpm
1LVEA,2IMM,A,A15L,1.36,s2648
1LVEA,2IMM,A,F32Y,0.38,s2648
2,2IMM,A,K24R,-0.17,korpm
1LVEA,2IMM,A,K24R,-0.17,s2648
2,2IMM,A,L106I,0.36,korpm
1LVEA,2IMM,A,L106I,0.36,s2648
2,2IMM,A,M21I,0.24,korpm
1LVEA,2IMM,A,M21I,0.24,s2648
2,2IMM,A,M21L,-0.31,korpm
1LVEA,2IMM,A,M21L,-0.31,s2648
2,2IMM,A,N90Q,1.05,korpm
1LVEA,2IMM,A,N90Q,1.05,s2648
2,2IMM,A,P43S,-0.17,korpm
2,2IMM,A,Q79E,-0.41,korpm
1LVEA,2IMM,A,Q79E,-0.41,s2648
1LVEA,2IMM,A,T63S,0.29,s2648
101,2IN9,A,V67L,2.5,korpm
102,2JOF,A,D9E,-0.29,korpm
102,2JOF,A,R16K,-0.56,korpm
103,2JUC,A,C57D,-2.55,korpm
104,2JYS,A,H22L,-0.27,korpm
104,2JYS,A,Q8R,-0.16,korpm
104,2JYS,A,S25T,0.44,korpm
104,2JYS,A,T28D,0.06,korpm
23,2K3K,A,Y10F,1.4,korpm
10,2K7J,A,A29E,0.41,korpm
10,2K7J,A,A29E,0.41,korpm
10,2K7J,A,G31A,1.74,korpm
10,2K7J,A,G31A,1.74,korpm
20,2KS4,A,E2A,0.23,korpm
2LZMA,2L78,A,I111V,0.9,ssym
105,2LCP,A,R102Q,0.58,korpm
105,2LCP,A,W103F,0.65,korpm
3,2LSB,A,P105L,-0.2,korpm
3,2LSB,A,Q212P,-1.23,korpm
3,2LSB,A,V203I,0.06,korpm
106,2LTB,A,L558P,-1.57,korpm
106,2LTB,A,L569R,-3.11,korpm
106,2LTB,A,M619K,-3.34,korpm
106,2LTB,A,R533Q,-1.1,korpm
106,2LTB,A,R555Q,-0.36,korpm
106,2LTB,A,R555W,1.79,korpm
2LZMA,2LZM,A,A129L,-1.3,vb1432
22,2LZM,A,A129M,-1.9,korpm
2LZMA,2LZM,A,A129M,-1.9,vb1432
2LZMA,2LZM,A,A129M;F153A,-4.3,ptmul
2LZMA,2LZM,A,A129V,-0.74,s2648
2LZMA,2LZM,A,A130G,-2.1,broom
22,2LZM,A,A130G,-2.1,korpm
2LZMA,2LZM,A,A146I,-4.31,broom
22,2LZM,A,A146I,-4.31,korpm
2LZMA,2LZM,A,A146I,-4.31,s2648
2LZMA,2LZM,A,A146T,-2.87,broom
22,2LZM,A,A146T,-1.5,korpm
2LZMA,2LZM,A,A146T,-2.25,s2648
2LZMA,2LZM,A,A146T,-1.5,vb1432
2LZMA,2LZM,A,A146V,-4.31,s2648
2LZMA,2LZM,A,A160T,-4.55,broom
2LZMA,2LZM,A,A160T,-3.12,s2648
2LZMA,2LZM,A,A160T,-1.65,vb1432
22,2LZM,A,A41D,0.29,korpm
2LZMA,2LZM,A,A41D,0.29,vb1432
22,2LZM,A,A41V,0.3,korpm
2LZMA,2LZM,A,A41V,0.37,s2648
2LZMA,2LZM,A,A41V,0.3,vb1432
2LZMA,2LZM,A,A41V;V131A,0.6,ptmul
2LZMA,2LZM,A,A42G,-3.2,broom
22,2LZM,A,A42K,-3.7,korpm
2LZMA,2LZM,A,A42K,-3.7,vb1432
22,2LZM,A,A74P,-4.6,korpm
2LZMA,2LZM,A,A74P,-4.7,vb1432
2LZMA,2LZM,A,A82P,-0.72,broom
2LZMA,2LZM,A,A82P,0.8,ssym
2LZMA,2LZM,A,A82P,0.8,vb1432
22,2LZM,A,A93P,-0.1,korpm
2LZMA,2LZM,A,A93P,0.1,vb1432
22,2LZM,A,A93T,0.06,korpm
2LZMA,2LZM,A,A93T,0.06,vb1432
22,2LZM,A,A98T,-3.83,korpm
2LZMA,2LZM,A,A98T,-3.83,s2648
2LZMA,2LZM,A,A98V,-4.98,s2648
2LZMA,2LZM,A,A98V,-4.9,ssym
2LZMA,2LZM,A,A98V;T152S,-5.5,ptmul
2LZMA,2LZM,A,A98V;V149C;T152S,-4.4,ptmul
2LZMA,2LZM,A,A98V;V149I;T152S,-4.4,ptmul
22,2LZM,A,C54T,0.3,korpm
2LZMA,2LZM,A,C54T,0.87,s2648
2LZMA,2LZM,A,C54T,0.3,vb1432
2LZMA,2LZM,A,C54T;C97A,-1.27,ptmul
22,2LZM,A,C54V,-0.7,korpm
2LZMA,2LZM,A,C54V,-0.7,s2648
2LZMA,2LZM,A,C54V,-0.7,vb1432
2LZMA,2LZM,A,C54V;C97S,-2.1,ptmul
2LZMA,2LZM,A,C54Y,-5.02,broom
22,2LZM,A,C54Y,-5.02,korpm
2LZMA,2LZM,A,D127A;E128A,0.24,ptmul
2LZMA,2LZM,A,D127A;E128A;V131A;N132A,0.85,ptmul
2LZMA,2LZM,A,D127A;E128A;V131A;N132A;K135A;S136A,-0.5,ptmul
2LZMA,2LZM,A,D127A;E128A;V131A;N132A;K135A;S136A;R137A;Y139A;N140A;Q141A,-0.5,ptmul
2LZMA,2LZM,A,D127A;E128A;V131A;N132A;L133A,-2.5,ptmul
2LZMA,2LZM,A,D20A,-0.3,vb1432
2LZMA,2LZM,A,D20N,1.3,vb1432
2LZMA,2LZM,A,D20S,0.7,vb1432
22,2LZM,A,D20T,0.9,korpm
2LZMA,2LZM,A,D20T,0.9,vb1432
2LZMA,2LZM,A,D47A,-0.95,vb1432
2LZMA,2LZM,A,D72P,-2.7,vb1432
2LZMA,2LZM,A,D89A,-0.5,ssym
2LZMA,2LZM,A,D89A,-0.5,vb1432
2LZMA,2LZM,A,D89A;R96H,-3.8,ptmul
2LZMA,2LZM,A,D92N,-1.4,vb1432
22,2LZM,A,E108V,0.7,korpm
2LZMA,2LZM,A,E108V,0.7,vb1432
22,2LZM,A,E11A,1.1,korpm
2LZMA,2LZM,A,E11A,1.1,s2648
2LZMA,2LZM,A,E11A,1.1,vb1432
22,2LZM,A,E11F,1.7,korpm
2LZMA,2LZM,A,E11F,1.7,s2648
2LZMA,2LZM,A,E11F,1.7,vb1432
2LZMA,2LZM,A,E11H,0.1,vb1432
22,2LZM,A,E11M,1.6,korpm
2LZMA,2LZM,A,E11M,1.6,s2648
2LZMA,2LZM,A,E11M,1.6,vb1432
2LZMA,2LZM,A,E11N,-0.1,vb1432
2LZMA,2LZM,A,E128A,0.16,s2648
2LZMA,2LZM,A,E128A;V131A,0.44,ptmul
2LZMA,2LZM,A,E128A;V131A;N132A,0.9,ptmul
2LZMA,2LZM,A,E128A;V131A;N132A;K135A;S136A;R137A,-0.5,ptmul
2LZMA,2LZM,A,E128A;V131A;N132A;K135A;S136A;R137A;Y139A;N140A;Q141A,-0.5,ptmul
2LZMA,2LZM,A,E128A;V131A;N132A;L133A,-2.5,ptmul
2LZMA,2LZM,A,E128K,-1.16,s2648
22,2LZM,A,E22K,0.57,korpm
2LZMA,2LZM,A,E22K,0.57,vb1432
2LZMA,2LZM,A,E45A,0.01,vb1432
2LZMA,2LZM,A,E45A;K48A,0.01,ptmul
2LZMA,2LZM,A,F153A,-3.8,vb1432
2LZMA,2LZM,A,F153C,-3.11,broom
22,2LZM,A,F153C,-3.11,korpm
2LZMA,2LZM,A,F153C,-3.11,s2648
2LZMA,2LZM,A,F153I,-0.2,vb1432
2LZMA,2LZM,A,F153L,0.35,vb1432
2LZMA,2LZM,A,F153M,-0.6,vb1432
2LZMA,2LZM,A,F153V,-1.8,vb1432
2LZMA,2LZM,A,G113A,0.39,s2648
2LZMA,2LZM,A,G113A,0.3,ssym
2LZMA,2LZM,A,G113A,0.3,vb1432
22,2LZM,A,G113E,0.3,korpm
2LZMA,2LZM,A,G113E,0.3,vb1432
2LZMA,2LZM,A,G156D,-4.07,broom
2LZMA,2LZM,A,G156D,-3.03,s2648
2LZMA,2LZM,A,G156D,-2.3,ssym
2LZMA,2LZM,A,G156D,-2.3,vb1432
2LZMA,2LZM,A,G28A;I29A;G30A,-5.5,ptmul
2LZMA,2LZM,A,G30A,0.1,s2648
2LZMA,2LZM,A,G30A,0.1,vb1432
22,2LZM,A,G30F,-1.5,korpm
2LZMA,2LZM,A,G30F,-1.5,s2648
2LZMA,2LZM,A,G30F,-1.5,vb1432
2LZMA,2LZM,A,G51D,-2.63,broom
22,2LZM,A,G51D,-2.63,korpm
2LZMA,2LZM,A,G51D,-2.63,s2648
2LZMA,2LZM,A,G77A,-1.2,broom
2LZMA,2LZM,A,G77A,-0.2,s2648
2LZMA,2LZM,A,G77A,0.4,ssym
2LZMA,2LZM,A,G77A,0.4,vb1432
22,2LZM,A,H31N,-4.0,korpm
2LZMA,2LZM,A,H31N,-4.0,vb1432
2LZMA,2LZM,A,H31N;D70N,-4.0,ptmul
22,2LZM,A,I100M,-1.6,korpm
2LZMA,2LZM,A,I100M,-1.6,vb1432
2LZMA,2LZM,A,I100V,-0.4,vb1432
2LZMA,2LZM,A,I150V,-2.1,broom
2LZMA,2LZM,A,I27A,-3.9,broom
2LZMA,2LZM,A,I3A,-0.79,s2648
2LZMA,2LZM,A,I3A,-0.7,vb1432
2LZMA,2LZM,A,I3C,0.07,s2648
2LZMA,2LZM,A,I3C,1.2,ssym
2LZMA,2LZM,A,I3C,-1.2,vb1432
22,2LZM,A,I3D,-3.2,korpm
2LZMA,2LZM,A,I3D,-2.87,s2648
2LZMA,2LZM,A,I3D,-3.2,vb1432
22,2LZM,A,I3E,-2.0,korpm
2LZMA,2LZM,A,I3E,-1.72,s2648
2LZMA,2LZM,A,I3E,-2.0,vb1432
22,2LZM,A,I3F,-1.1,korpm
2LZMA,2LZM,A,I3F,-1.02,s2648
2LZMA,2LZM,A,I3F,-1.1,vb1432
22,2LZM,A,I3G,-2.1,korpm
2LZMA,2LZM,A,I3G,-2.03,s2648
2LZMA,2LZM,A,I3G,-2.1,vb1432
2LZMA,2LZM,A,I3L,0.77,s2648
2LZMA,2LZM,A,I3L,0.7,ssym
2LZMA,2LZM,A,I3L,0.4,vb1432
22,2LZM,A,I3M,-0.9,korpm
2LZMA,2LZM,A,I3M,-0.76,s2648
2LZMA,2LZM,A,I3M,-0.9,vb1432
2LZMA,2LZM,A,I3P,-3.0,ssym
22,2LZM,A,I3S,-1.7,korpm
2LZMA,2LZM,A,I3S,-1.75,s2648
2LZMA,2LZM,A,I3S,-1.7,vb1432
22,2LZM,A,I3T,-2.3,korpm
2LZMA,2LZM,A,I3T,-2.15,s2648
2LZMA,2LZM,A,I3T,-2.3,vb1432
2LZMA,2LZM,A,I3V,-0.45,s2648
2LZMA,2LZM,A,I3V,-0.4,ssym
2LZMA,2LZM,A,I3V,-0.4,vb1432
22,2LZM,A,I3W,-2.8,korpm
2LZMA,2LZM,A,I3W,-2.8,s2648
2LZMA,2LZM,A,I3W,-2.8,vb1432
2LZMA,2LZM,A,I3Y,-2.39,s2648
2LZMA,2LZM,A,I3Y,-2.3,ssym
2LZMA,2LZM,A,I3Y,-2.3,vb1432
2LZMA,2LZM,A,I50A,-2.9,broom
2LZMA,2LZM,A,I58T,-3.4,vb1432
2LZMA,2LZM,A,I58Y,-3.11,broom
22,2LZM,A,I58Y,-3.11,korpm
2LZMA,2LZM,A,I58Y,-3.11,s2648
2LZMA,2LZM,A,I78M,-1.5,vb1432
2LZMA,2LZM,A,I78V,-0.8,vb1432
2LZMA,2LZM,A,K124G,-0.08,s2648
2LZMA,2LZM,A,K124G,-0.1,ssym
2LZMA,2LZM,A,K124G,-0.1,vb1432
2LZMA,2LZM,A,K135E,-1.0,broom
2LZMA,2LZM,A,K135E,-0.83,s2648
2LZMA,2LZM,A,K135E,-1.0,ssym
2LZMA,2LZM,A,K135E,-1.0,vb1432
2LZMA,2LZM,A,K135E;K147E,-1.5,ptmul
2LZMA,2LZM,A,K147E,-0.7,broom
2LZMA,2LZM,A,K147E,-0.53,s2648
2LZMA,2LZM,A,K147E,-0.7,ssym
2LZMA,2LZM,A,K147E,-0.7,vb1432
2LZMA,2LZM,A,K16E,0.15,s2648
2LZMA,2LZM,A,K16E,0.5,ssym
2LZMA,2LZM,A,K16E,0.5,vb1432
2LZMA,2LZM,A,K16E;K135E,-0.7,ptmul
2LZMA,2LZM,A,K16E;K135E;K147E,-1.7,ptmul
2LZMA,2LZM,A,K16E;R119E,0.4,ptmul
2LZMA,2LZM,A,K16E;R119E;K135E;K147E,-1.0,ptmul
2LZMA,2LZM,A,K16E;R154E,-0.8,ptmul
2LZMA,2LZM,A,K43A,-1.07,vb1432
2LZMA,2LZM,A,K48A,-0.56,vb1432
22,2LZM,A,K60H,-0.1,korpm
2LZMA,2LZM,A,K60H,-0.26,s2648
2LZMA,2LZM,A,K60H,-0.1,vb1432
2LZMA,2LZM,A,K60H;L13D,-2.8,ptmul
2LZMA,2LZM,A,K60P,0.0,ssym
2LZMA,2LZM,A,K60P,0.0,vb1432
22,2LZM,A,K83H,-0.4,korpm
2LZMA,2LZM,A,K83H,-0.42,s2648
2LZMA,2LZM,A,K83H,-0.4,vb1432
2LZMA,2LZM,A,K83H;A112D,-1.5,ptmul
2LZMA,2LZM,A,K85A,-0.6,ssym
2LZMA,2LZM,A,K85A,-0.6,vb1432
2LZMA,2LZM,A,K85A;R96H,-3.6,ptmul
2LZMA,2LZM,A,L118I,-1.2,vb1432
2LZMA,2LZM,A,L118M,-0.7,vb1432
2LZMA,2LZM,A,L121A,-4.2,broom
22,2LZM,A,L121A,-2.3,korpm
2LZMA,2LZM,A,L121A,-2.25,vb1432
2LZMA,2LZM,A,L121A;A129L,-1.1,ptmul
2LZMA,2LZM,A,L121A;A129L;L133A;F153L,-3.5,ptmul
2LZMA,2LZM,A,L121A;A129M,-1.0,ptmul
2LZMA,2LZM,A,L121A;A129M;F153L,-1.1,ptmul
2LZMA,2LZM,A,L121A;A129M;V149I,-1.4,ptmul
2LZMA,2LZM,A,L121A;A129V;L133M;F153L,-2.3,ptmul
2LZMA,2LZM,A,L121I;A129L;L133M;F153W,-1.3,ptmul
2LZMA,2LZM,A,L121I;A129W;L133M,-1.4,ptmul
2LZMA,2LZM,A,L121M,-0.8,vb1432
2LZMA,2LZM,A,L121M;A129L;L133M;V149I;F153W,-1.3,ptmul
2LZMA,2LZM,A,L121M;L133V;F153L,-2.5,ptmul
2LZMA,2LZM,A,L133A,-4.19,s2648
2LZMA,2LZM,A,L133A,-4.2,ssym
22,2LZM,A,L133D,-5.5,korpm
2LZMA,2LZM,A,L133D,-5.7,vb1432
2LZMA,2LZM,A,L133F,-0.26,s2648
2LZMA,2LZM,A,L133F,-0.3,vb1432
2LZMA,2LZM,A,L133M,-0.4,vb1432
2LZMA,2LZM,A,L32A;L33A;T34A;E108V,-3.0,ptmul
2LZMA,2LZM,A,L39A,-0.9,vb1432
2LZMA,2LZM,A,L46A,-1.86,vb1432
2LZMA,2LZM,A,L66P,-7.12,broom
2LZMA,2LZM,A,L7A,-4.1,broom
2LZMA,2LZM,A,L84M,-1.9,vb1432
2LZMA,2LZM,A,L91M,-0.8,vb1432
2LZMA,2LZM,A,L91P,-8.13,broom
2LZMA,2LZM,A,L99A,-4.5,vb1432
2LZMA,2LZM,A,L99A;E108V,-3.1,ptmul
2LZMA,2LZM,A,L99A;F153A,-6.9,ptmul
22,2LZM,A,L99F,-0.3,korpm
2LZMA,2LZM,A,L99F,-0.3,vb1432
2LZMA,2LZM,A,L99F;F153L,0.03,ptmul
2LZMA,2LZM,A,L99F;M102L,-0.75,ptmul
2LZMA,2LZM,A,L99F;M102L;F153L,-0.22,ptmul
2LZMA,2LZM,A,L99F;M102L;V111I,-1.2,ptmul
2LZMA,2LZM,A,L99F;M102L;V111I;F153L,-0.65,ptmul
2LZMA,2LZM,A,L99F;V111I,-0.93,ptmul
2LZMA,2LZM,A,L99F;V111I;F153L,-0.43,ptmul
22,2LZM,A,L99G,-6.3,korpm
2LZMA,2LZM,A,L99G,-6.3,vb1432
2LZMA,2LZM,A,L99G;E108V,-5.6,ptmul
2LZMA,2LZM,A,L99I,-1.5,vb1432
22,2LZM,A,L99M,-0.4,korpm
2LZMA,2LZM,A,L99M,-0.6,vb1432
22,2LZM,A,L99V,-2.0,korpm
2LZMA,2LZM,A,L99V,-2.0,vb1432
22,2LZM,A,M102K,-6.9,korpm
2LZMA,2LZM,A,M102K,-6.9,vb1432
2LZMA,2LZM,A,M102L,-0.7,vb1432
2LZMA,2LZM,A,M102L;V111F,-2.11,ptmul
2LZMA,2LZM,A,M102V,-3.0,s2648
2LZMA,2LZM,A,M106I,0.2,vb1432
2LZMA,2LZM,A,M120A;Q122A,-0.25,ptmul
2LZMA,2LZM,A,M120Y,-0.1,vb1432
2LZMA,2LZM,A,M6I,-4.78,broom
2LZMA,2LZM,A,M6I,-3.1,s2648
2LZMA,2LZM,A,M6I,-1.4,ssym
2LZMA,2LZM,A,M6I,-1.38,vb1432
2LZMA,2LZM,A,M6I;R96H,-5.08,ptmul
2LZMA,2LZM,A,N101A,-1.5,vb1432
2LZMA,2LZM,A,N116A;M120A,0.21,ptmul
2LZMA,2LZM,A,N116D,0.47,s2648
2LZMA,2LZM,A,N116D,0.6,ssym
2LZMA,2LZM,A,N116D,0.6,vb1432
2LZMA,2LZM,A,N116D;R119M,0.6,ptmul
22,2LZM,A,N132F,1.3,korpm
2LZMA,2LZM,A,N132F,1.3,s2648
2LZMA,2LZM,A,N132F,1.3,vb1432
22,2LZM,A,N132I,1.2,korpm
2LZMA,2LZM,A,N132I,1.2,s2648
2LZMA,2LZM,A,N132I,1.2,vb1432
22,2LZM,A,N132M,1.5,korpm
2LZMA,2LZM,A,N132M,1.5,s2648
2LZMA,2LZM,A,N132M,1.5,vb1432
2LZMA,2LZM,A,N144D,0.39,s2648
2LZMA,2LZM,A,N144D,0.4,ssym
2LZMA,2LZM,A,N144D,0.5,vb1432
2LZMA,2LZM,A,N144E,0.46,s2648
2LZMA,2LZM,A,N144E,0.4,vb1432
2LZMA,2LZM,A,N144E;K147M,0.4,ptmul
22,2LZM,A,N144H,-0.3,korpm
2LZMA,2LZM,A,N144H,0.3,vb1432
2LZMA,2LZM,A,N163D,-0.21,vb1432
22,2LZM,A,N40A,0.32,korpm
2LZMA,2LZM,A,N40A,0.32,vb1432
2LZMA,2LZM,A,N40A;S44A;E45A;D47A;K48A;D127A;E128A;V131A;N132A,1.75,ptmul
22,2LZM,A,N40D,0.44,korpm
2LZMA,2LZM,A,N40D,0.44,vb1432
2LZMA,2LZM,A,N53A;N55A;V57A,-1.5,ptmul
2LZMA,2LZM,A,N53A;N55A;V57A;E128A;V131A;N132A,-0.8,ptmul
2LZMA,2LZM,A,N55G,-0.58,s2648
2LZMA,2LZM,A,N55G,-0.6,ssym
2LZMA,2LZM,A,N55G,-0.6,vb1432
2LZMA,2LZM,A,N68A,0.05,s2648
2LZMA,2LZM,A,P37A,0.0,broom
2LZMA,2LZM,A,P86G,-1.91,broom
22,2LZM,A,P86G,-1.91,korpm
2LZMA,2LZM,A,Q105A,-0.68,s2648
2LZMA,2LZM,A,Q105A,-0.6,ssym
2LZMA,2LZM,A,Q105A,-0.6,vb1432
2LZMA,2LZM,A,Q105E,-0.94,s2648
2LZMA,2LZM,A,Q105E,-1.1,ssym
2LZMA,2LZM,A,Q105E,-1.1,vb1432
2LZMA,2LZM,A,Q105G,-3.11,broom
2LZMA,2LZM,A,Q105G,-2.3,s2648
2LZMA,2LZM,A,Q105G,-1.5,ssym
2LZMA,2LZM,A,Q105G,-1.5,vb1432
2LZMA,2LZM,A,Q105M,-1.2,vb1432
2LZMA,2LZM,A,Q123E,0.27,s2648
2LZMA,2LZM,A,Q123E,0.4,ssym
2LZMA,2LZM,A,Q123E,0.4,vb1432
22,2LZM,A,Q69P,-2.9,korpm
2LZMA,2LZM,A,Q69P,-2.9,vb1432
2LZMA,2LZM,A,R119A;Q123A,-0.17,ptmul
2LZMA,2LZM,A,R119E,0.0,broom
2LZMA,2LZM,A,R119E,-0.06,s2648
2LZMA,2LZM,A,R119E,-0.04,ssym
2LZMA,2LZM,A,R119E,-0.04,vb1432
2LZMA,2LZM,A,R119E;K135E,-1.1,ptmul
2LZMA,2LZM,A,R119E;K135E;K147E,-1.6,ptmul
22,2LZM,A,R119H,-0.29,korpm
2LZMA,2LZM,A,R119H,-0.29,vb1432
22,2LZM,A,R119M,-0.1,korpm
2LZMA,2LZM,A,R119M,0.0,s2648
2LZMA,2LZM,A,R119M,0.1,vb1432
2LZMA,2LZM,A,R14A;K16A;I17A;K19A;T21A;E22A,-3.0,ptmul
22,2LZM,A,R14K,-0.03,korpm
2LZMA,2LZM,A,R14K,-0.03,vb1432
2LZMA,2LZM,A,R154E,-0.65,s2648
2LZMA,2LZM,A,R154E,-1.1,ssym
2LZMA,2LZM,A,R154E,-1.1,vb1432
22,2LZM,A,R80K,-0.17,korpm
2LZMA,2LZM,A,R80K,-0.17,vb1432
2LZMA,2LZM,A,R80K;R119H,-0.47,ptmul
2LZMA,2LZM,A,R96A,-2.0,ssym
2LZMA,2LZM,A,R96A,-2.0,vb1432
22,2LZM,A,R96C,-2.9,korpm
2LZMA,2LZM,A,R96C,-2.9,vb1432
2LZMA,2LZM,A,R96D,-3.5,ssym
2LZMA,2LZM,A,R96D,-3.5,vb1432
2LZMA,2LZM,A,R96E,-2.5,ssym
2LZMA,2LZM,A,R96E,-2.5,vb1432
22,2LZM,A,R96F,-4.2,korpm
2LZMA,2LZM,A,R96F,-4.2,vb1432
2LZMA,2LZM,A,R96G,-2.6,ssym
2LZMA,2LZM,A,R96G,-2.6,vb1432
2LZMA,2LZM,A,R96H,-2.91,s2648
2LZMA,2LZM,A,R96H,-3.1,ssym
2LZMA,2LZM,A,R96H,-2.8,vb1432
22,2LZM,A,R96I,-2.9,korpm
2LZMA,2LZM,A,R96I,-2.9,vb1432
2LZMA,2LZM,A,R96K,0.0,ssym
2LZMA,2LZM,A,R96K,0.0,vb1432
22,2LZM,A,R96L,-3.2,korpm
2LZMA,2LZM,A,R96L,-3.2,vb1432
2LZMA,2LZM,A,R96M,-2.7,ssym
2LZMA,2LZM,A,R96M,-2.7,vb1432
2LZMA,2LZM,A,R96N,-3.0,ssym
2LZMA,2LZM,A,R96N,-3.0,vb1432
22,2LZM,A,R96P,-5.5,korpm
2LZMA,2LZM,A,R96P,-5.5,vb1432
2LZMA,2LZM,A,R96Q,-0.3,ssym
2LZMA,2LZM,A,R96Q,-0.3,vb1432
2LZMA,2LZM,A,R96S,-2.6,ssym
2LZMA,2LZM,A,R96S,-2.6,vb1432
22,2LZM,A,R96T,-2.8,korpm
2LZMA,2LZM,A,R96T,-2.8,vb1432
2LZMA,2LZM,A,R96V,-2.4,ssym
2LZMA,2LZM,A,R96V,-2.4,vb1432
2LZMA,2LZM,A,R96W,-4.5,ssym
2LZMA,2LZM,A,R96W,-4.5,vb1432
2LZMA,2LZM,A,R96Y,-4.7,ssym
2LZMA,2LZM,A,R96Y,-4.7,vb1432
2LZMA,2LZM,A,S117A;N132I,2.0,ptmul
2LZMA,2LZM,A,S117A;N132M,1.8,ptmul
2LZMA,2LZM,A,S117A;R119A,1.16,ptmul
2LZMA,2LZM,A,S117F,1.1,s2648
2LZMA,2LZM,A,S117F,1.1,vb1432
2LZMA,2LZM,A,S117F,1.1,vb1432
22,2LZM,A,S117I,1.7,korpm
2LZMA,2LZM,A,S117I,1.7,s2648
2LZMA,2LZM,A,S117I,1.7,vb1432
2LZMA,2LZM,A,S117I;N132I,1.4,ptmul
2LZMA,2LZM,A,S117I;N132M,2.0,ptmul
22,2LZM,A,S117V,2.0,korpm
2LZMA,2LZM,A,S117V,2.0,s2648
2LZMA,2LZM,A,S117V,2.0,vb1432
2LZMA,2LZM,A,S38A,-0.77,s2648
2LZMA,2LZM,A,S38D,-1.2,broom
2LZMA,2LZM,A,S38D,-0.01,s2648
2LZMA,2LZM,A,S38D,0.6,ssym
2LZMA,2LZM,A,S38D,0.6,vb1432
2LZMA,2LZM,A,S38D;A82P;N144D,1.59,ptmul
2LZMA,2LZM,A,S38D;A82P;N144D;I3L,2.32,ptmul
2LZMA,2LZM,A,S38D;A82P;N144D;I3L;V131A,2.57,ptmul
2LZMA,2LZM,A,S38D;A82P;N144D;I3L;V131A;A41V,2.87,ptmul
2LZMA,2LZM,A,S38D;A82P;N144D;I3L;V131A;A41V;N116D,3.57,ptmul
2LZMA,2LZM,A,S38D;N144D,1.03,ptmul
2LZMA,2LZM,A,S38N,0.0,vb1432
2LZMA,2LZM,A,S44A,0.44,s2648
2LZMA,2LZM,A,S44A,0.34,vb1432
22,2LZM,A,S90H,-1.1,korpm
2LZMA,2LZM,A,S90H,-1.09,s2648
2LZMA,2LZM,A,S90H,-1.1,vb1432
2LZMA,2LZM,A,S90H;Q122D,-2.2,ptmul
2LZMA,2LZM,A,T109D,0.6,vb1432
2LZMA,2LZM,A,T109N,0.1,vb1432
2LZMA,2LZM,A,T115A;R119A,-0.17,ptmul
2LZMA,2LZM,A,T115A;S117A,0.95,ptmul
2LZMA,2LZM,A,T115E,0.03,s2648
2LZMA,2LZM,A,T115E,0.3,ssym
2LZMA,2LZM,A,T115E,0.04,vb1432
22,2LZM,A,T151S,0.39,korpm
2LZMA,2LZM,A,T151S,0.39,vb1432
2LZMA,2LZM,A,T152A,-1.5,vb1432
2LZMA,2LZM,A,T152C,-0.5,vb1432
2LZMA,2LZM,A,T152I,-0.4,vb1432
2LZMA,2LZM,A,T152S,-2.6,s2648
2LZMA,2LZM,A,T152S,-2.6,ssym
2LZMA,2LZM,A,T152S,-2.0,vb1432
2LZMA,2LZM,A,T152V,0.2,vb1432
2LZMA,2LZM,A,T155A;T157I,-4.31,ptmul
2LZMA,2LZM,A,T157A,-0.9,s2648
2LZMA,2LZM,A,T157A,-0.5,ssym
2LZMA,2LZM,A,T157C,-1.3,s2648
2LZMA,2LZM,A,T157C,-1.3,ssym
2LZMA,2LZM,A,T157D,-2.12,s2648
2LZMA,2LZM,A,T157D,-1.1,ssym
2LZMA,2LZM,A,T157E,-1.22,s2648
2LZMA,2LZM,A,T157E,-0.8,ssym
2LZMA,2LZM,A,T157F,-3.73,s2648
2LZMA,2LZM,A,T157F,-2.4,ssym
2LZMA,2LZM,A,T157G,-1.1,s2648
2LZMA,2LZM,A,T157G,-1.1,ssym
2LZMA,2LZM,A,T157H,-2.1,s2648
2LZMA,2LZM,A,T157H,-2.1,ssym
2LZMA,2LZM,A,T157I,-1.79,s2648
2LZMA,2LZM,A,T157I,-1.5,ssym
2LZMA,2LZM,A,T157I,-1.2,vb1432
2LZMA,2LZM,A,T157L,-1.63,s2648
2LZMA,2LZM,A,T157L,-1.7,ssym
2LZMA,2LZM,A,T157N,-0.99,s2648
2LZMA,2LZM,A,T157N,-1.2,ssym
2LZMA,2LZM,A,T157R,-0.54,s2648
2LZMA,2LZM,A,T157R,0.3,ssym
2LZMA,2LZM,A,T157S,-0.66,s2648
2LZMA,2LZM,A,T157S,-0.7,ssym
2LZMA,2LZM,A,T157V,-1.49,s2648
2LZMA,2LZM,A,T157V,-1.2,ssym
22,2LZM,A,T26S,0.57,korpm
2LZMA,2LZM,A,T26S,0.57,vb1432
2LZMA,2LZM,A,T34A;K35A;S36A;P37A,-0.7,ptmul
2LZMA,2LZM,A,T34A;K35A;S36A;P37A;E128A;V131A;N132A,-0.2,ptmul
2LZMA,2LZM,A,T59A,-1.5,vb1432
2LZMA,2LZM,A,T59D,-1.2,vb1432
2LZMA,2LZM,A,T59G,-1.6,vb1432
2LZMA,2LZM,A,T59N,-1.1,vb1432
2LZMA,2LZM,A,T59S,-0.2,vb1432
2LZMA,2LZM,A,T59V,-1.5,vb1432
2LZMA,2LZM,A,V103A,-1.91,s2648
2LZMA,2LZM,A,V103I,-0.5,vb1432
2LZMA,2LZM,A,V103M,-1.2,vb1432
2LZMA,2LZM,A,V111A,-1.0,vb1432
22,2LZM,A,V111F,-1.69,korpm
2LZMA,2LZM,A,V111F,-1.4,vb1432
2LZMA,2LZM,A,V111I,-0.7,vb1432
2LZMA,2LZM,A,V111I;F153L,-1.09,ptmul
2LZMA,2LZM,A,V131A,0.3,s2648
2LZMA,2LZM,A,V131A,0.3,ssym
2LZMA,2LZM,A,V131A,0.39,vb1432
2LZMA,2LZM,A,V131A;A41V,0.66,ptmul
2LZMA,2LZM,A,V131A;N132A,0.57,ptmul
2LZMA,2LZM,A,V131D,0.08,s2648
2LZMA,2LZM,A,V131D,0.1,ssym
2LZMA,2LZM,A,V131E,0.2,s2648
2LZMA,2LZM,A,V131E,0.2,ssym
2LZMA,2LZM,A,V131G,-0.68,s2648
2LZMA,2LZM,A,V131G,-0.7,ssym
2LZMA,2LZM,A,V131I,0.16,s2648
2LZMA,2LZM,A,V131I,0.2,ssym
2LZMA,2LZM,A,V131L,0.09,s2648
2LZMA,2LZM,A,V131L,0.1,ssym
2LZMA,2LZM,A,V131M,0.12,s2648
2LZMA,2LZM,A,V131M,0.1,ssym
2LZMA,2LZM,A,V131S,-0.05,s2648
2LZMA,2LZM,A,V131S,-0.1,ssym
2LZMA,2LZM,A,V131T,-0.09,s2648
2LZMA,2LZM,A,V149A,-2.87,s2648
2LZMA,2LZM,A,V149A,-3.15,vb1432
2LZMA,2LZM,A,V149C,-2.2,s2648
2LZMA,2LZM,A,V149C,-2.2,ssym
2LZMA,2LZM,A,V149C,-2.0,vb1432
2LZMA,2LZM,A,V149G,-4.9,vb1432
2LZMA,2LZM,A,V149I,0.0,vb1432
2LZMA,2LZM,A,V149S,-4.4,vb1432
2LZMA,2LZM,A,V149T,-3.0,vb1432
2LZMA,2LZM,A,V87A,-2.8,broom
2LZMA,2LZM,A,V87I,-0.3,vb1432
2LZMA,2LZM,A,W126R,-5.74,broom
22,2LZM,A,W126R,-5.74,korpm
22,2LZM,A,W138Y,-2.87,korpm
2LZMA,2LZM,A,W138Y,-2.62,s2648
2LZMA,2LZM,A,Y24A;Y25A;T26A;I27A,-5.5,ptmul
22,2LZM,A,Y25G,-4.55,korpm
2LZMA,2LZM,A,Y25G,-4.55,s2648
2,2MMX,A,F2A,-1.9,korpm
2,2MMX,A,F2P,-2.5,korpm
2,2MMX,A,F2S,-1.9,korpm
107,2MPC,A,A89T,-0.24,korpm
107,2MPC,A,R42A,0.62,korpm
107,2MPC,A,R42W,2.08,korpm
108,2NTE,A,R658C,-2.3,korpm
1IOBA,2NVH,A,C8A,-2.02,s2648
1IOBA,2NVH,A,C8S,-3.74,s2648
1IOBA,2NVH,A,K97G,-1.65,s2648
1IOBA,2NVH,A,K97R,-1.8,s2648
1IOBA,2NVH,A,K97V,1.15,s2648
1IOBA,2NVH,A,L10A,-3.9,s2648
1IOBA,2NVH,A,L6A,-2.13,s2648
1IOBA,2NVH,A,N7D,0.09,s2648
1IOBA,2NVH,A,N7G,-1.91,s2648
1IOBA,2NVH,A,R4Q,-0.57,s2648
1IOBA,2NVH,A,T9A,-1.45,s2648
1IOBA,2NVH,A,T9G,-2.91,s2648
1IOBA,2NVH,A,T9L,-1.9,s2648
1IOBA,2NVH,A,T9Q,-2.53,s2648
2AC0A,2OCJ,A,C242S,-3.3,s2648
2AC0A,2OCJ,A,R175H,-3.47,s2648
2AC0A,2OCJ,A,R248Q,-2.03,s2648
2AC0A,2OCJ,A,R249S,-1.81,s2648
2AC0A,2OCJ,A,R273H,-0.13,s2648
109,2PR5,A,A33Y,0.5,korpm
109,2PR5,A,A81M,-0.4,korpm
109,2PR5,A,D109E,0.3,korpm
109,2PR5,A,H22K,0.3,korpm
109,2PR5,A,H22W,1.2,korpm
109,2PR5,A,M111F,2.9,korpm
109,2PR5,A,N107F,0.9,korpm
109,2PR5,A,N107Y,0.8,korpm
109,2PR5,A,N124F,1.1,korpm
109,2PR5,A,N124Y,2.6,korpm
109,2PR5,A,T50M,-0.5,korpm
109,2PR5,A,T54Y,0.2,korpm
110,2PTL,A,A34V,1.23,korpm
110,2PTL,A,D52G,-2.01,korpm
110,2PTL,A,E46I,-1.11,korpm
110,2PTL,A,F40G,-3.13,korpm
110,2PTL,A,F40L,-0.41,korpm
110,2PTL,A,F76V,-3.71,korpm
110,2PTL,A,G29V,-2.64,korpm
110,2PTL,A,I74F,1.31,korpm
110,2PTL,A,K42G,0.04,korpm
110,2PTL,A,K56A,0.21,korpm
110,2PTL,A,L24F,0.62,korpm
110,2PTL,A,N28A,-1.74,korpm
110,2PTL,A,S45A,0.36,korpm
110,2PTL,A,S45G,-0.79,korpm
110,2PTL,A,T39A,-1.15,korpm
110,2PTL,A,Y50A,-2.48,korpm
110,2PTL,A,Y70L,0.12,korpm
2Q98A,2Q98,A,H138A,2.04,broom
111,2Q98,A,H138A,2.04,korpm
2Q98A,2Q98,A,H173A,0.24,broom
111,2Q98,A,H173A,0.24,korpm
2Q98A,2Q98,A,H173A;H180A,0.65,ptmul
2Q98A,2Q98,A,H180A,1.39,broom
111,2Q98,A,H180A,1.39,korpm
2Q98A,2Q98,A,H195A,-0.03,broom
2Q98A,2Q98,A,H27A,0.09,broom
111,2Q98,A,H27A,1.29,korpm
2Q98A,2Q98,A,H27A;H180A,2.31,ptmul
2Q98A,2Q98,A,H27A;H30A,2.44,ptmul
2Q98A,2Q98,A,H27A;H30A;H180A,3.26,ptmul
2Q98A,2Q98,A,H30A,3.1,broom
2Q98A,2Q98,A,H30A;H173A,2.62,ptmul
2Q98A,2Q98,A,H30A;H173A;H180A,2.42,ptmul
2Q98A,2Q98,A,H30A;H180A,2.03,ptmul
2Q98A,2Q98,A,H46A,-0.11,broom
2Q98A,2Q98,A,H59A,2.26,broom
2Q98A,2Q98,A,H97A,1.07,broom
111,2Q98,A,H97A,1.07,korpm
2RN2A,2RN2,A,A125T,0.04,s2648
2RN2A,2RN2,A,A125T,0.0,vb1432
25,2RN2,A,A24V,0.88,korpm
2RN2A,2RN2,A,A24V,0.83,s2648
2RN2A,2RN2,A,A24V,0.88,vb1432
2RN2A,2RN2,A,A52C,0.8,s2648
2RN2A,2RN2,A,A52D,-1.9,s2648
2RN2A,2RN2,A,A52E,-1.5,s2648
2RN2A,2RN2,A,A52F,-0.5,s2648
2RN2A,2RN2,A,A52F,-0.5,ssym
2RN2A,2RN2,A,A52F;V74A,-1.4,ptmul
2RN2A,2RN2,A,A52F;V74L,0.03,ptmul
2RN2A,2RN2,A,A52G,-2.7,s2648
2RN2A,2RN2,A,A52G;V74L,-1.4,ptmul
2RN2A,2RN2,A,A52H,-3.6,s2648
2RN2A,2RN2,A,A52I,1.9,s2648
2RN2A,2RN2,A,A52I,1.9,ssym
2RN2A,2RN2,A,A52I;V74A,1.19,ptmul
2RN2A,2RN2,A,A52I;V74L,1.19,ptmul
2RN2A,2RN2,A,A52L,1.3,s2648
2RN2A,2RN2,A,A52L,1.3,ssym
2RN2A,2RN2,A,A52L;V74A,0.36,ptmul
2RN2A,2RN2,A,A52L;V74L,1.49,ptmul
2RN2A,2RN2,A,A52M,0.5,s2648
2RN2A,2RN2,A,A52N,-1.8,s2648
2RN2A,2RN2,A,A52Q,-1.2,s2648
2RN2A,2RN2,A,A52S,-1.8,s2648
2RN2A,2RN2,A,A52T,-0.8,s2648
2RN2A,2RN2,A,A52V,1.7,s2648
2RN2A,2RN2,A,A52V,1.7,ssym
2RN2A,2RN2,A,A52V;V74A,-0.52,ptmul
2RN2A,2RN2,A,A52V;V74L,2.43,ptmul
2RN2A,2RN2,A,A52Y,-2.3,s2648
2RN2A,2RN2,A,D10A,3.3,broom
25,2RN2,A,D10A,3.3,korpm
2RN2A,2RN2,A,D10A,3.4,s2648
2RN2A,2RN2,A,D10A,4.05,vb1432
2RN2A,2RN2,A,D10E,1.04,s2648
2RN2A,2RN2,A,D10E,1.0,vb1432
2RN2A,2RN2,A,D10H,1.65,s2648
2RN2A,2RN2,A,D10H,2.4,vb1432
2RN2A,2RN2,A,D10N,0.99,s2648
2RN2A,2RN2,A,D10N,0.9,ssym
2RN2A,2RN2,A,D10N,2.0,vb1432
2RN2A,2RN2,A,D10S,1.95,s2648
2RN2A,2RN2,A,D10S,2.7,vb1432
2RN2A,2RN2,A,D134A,1.42,s2648
2RN2A,2RN2,A,D134A,2.1,ssym
2RN2A,2RN2,A,D134A,1.51,vb1432
2RN2A,2RN2,A,D134E,0.81,s2648
2RN2A,2RN2,A,D134E,0.86,vb1432
2RN2A,2RN2,A,D134H,1.42,s2648
2RN2A,2RN2,A,D134H,2.3,ssym
2RN2A,2RN2,A,D134H,1.92,vb1432
2RN2A,2RN2,A,D134I,1.07,s2648
2RN2A,2RN2,A,D134I,1.27,vb1432
2RN2A,2RN2,A,D134L,1.38,s2648
2RN2A,2RN2,A,D134L,1.51,vb1432
2RN2A,2RN2,A,D134N,0.81,s2648
2RN2A,2RN2,A,D134N,1.0,ssym
2RN2A,2RN2,A,D134N,0.9,vb1432
2RN2A,2RN2,A,D134Q,1.02,s2648
2RN2A,2RN2,A,D134Q,1.32,vb1432
2RN2A,2RN2,A,D134S,0.79,s2648
2RN2A,2RN2,A,D134S,1.08,vb1432
2RN2A,2RN2,A,D134T,0.74,s2648
2RN2A,2RN2,A,D134T,1.08,vb1432
2RN2A,2RN2,A,D134V,0.83,s2648
2RN2A,2RN2,A,D134V,1.12,vb1432
2RN2A,2RN2,A,D70A,0.65,s2648
2RN2A,2RN2,A,D70A,1.1,vb1432
2RN2A,2RN2,A,D70E,0.25,s2648
2RN2A,2RN2,A,D70E,0.1,vb1432
2RN2A,2RN2,A,D70N,0.89,s2648
2RN2A,2RN2,A,D70N,0.9,ssym
2RN2A,2RN2,A,D70N,1.6,vb1432
25,2RN2,A,D94E,-0.4,korpm
2RN2A,2RN2,A,D94E,-0.4,s2648
2RN2A,2RN2,A,D94E,-0.4,vb1432
2RN2A,2RN2,A,D94R;K95G,1.5,ptmul
25,2RN2,A,E119V,0.74,korpm
2RN2A,2RN2,A,E119V,0.51,s2648
2RN2A,2RN2,A,E119V,0.74,vb1432
2RN2A,2RN2,A,E119V;K60R,0.63,ptmul
2RN2A,2RN2,A,E119V;R41C,1.2,ptmul
2RN2A,2RN2,A,E135K,-0.53,s2648
2RN2A,2RN2,A,E135K,-0.22,vb1432
2RN2A,2RN2,A,E48A,-0.23,s2648
2RN2A,2RN2,A,E48A,-0.3,vb1432
2RN2A,2RN2,A,E48D,-0.05,s2648
2RN2A,2RN2,A,E48D,-0.2,vb1432
2RN2A,2RN2,A,E48Q,0.15,s2648
2RN2A,2RN2,A,E48Q,0.2,ssym
2RN2A,2RN2,A,E48Q,0.3,vb1432
25,2RN2,A,G23A,0.5,korpm
2RN2A,2RN2,A,G23A,0.57,s2648
2RN2A,2RN2,A,G23A,0.5,vb1432
2RN2A,2RN2,A,G77A,-0.9,s2648
2RN2A,2RN2,A,G77A,-0.9,ssym
25,2RN2,A,H114A,-2.63,korpm
2RN2A,2RN2,A,H114A,-1.87,s2648
25,2RN2,A,H124A,0.17,korpm
2RN2A,2RN2,A,H124A,0.17,s2648
2RN2A,2RN2,A,H127A,-0.32,s2648
2RN2A,2RN2,A,H62A,0.37,broom
2RN2A,2RN2,A,H62A,0.44,s2648
2RN2A,2RN2,A,H62A,0.4,ssym
25,2RN2,A,H62D,-0.17,korpm
2RN2A,2RN2,A,H62D,0.13,s2648
2RN2A,2RN2,A,H62D,-0.17,vb1432
2RN2A,2RN2,A,H62P,0.74,broom
2RN2A,2RN2,A,H62P,1.1,ssym
2RN2A,2RN2,A,H62P,1.1,vb1432
2RN2A,2RN2,A,H62P;T40A;K122R,0.85,ptmul
25,2RN2,A,H62R,0.36,korpm
2RN2A,2RN2,A,H62R,0.22,s2648
2RN2A,2RN2,A,H62R,0.36,vb1432
2RN2A,2RN2,A,H83A,0.11,broom
2RN2A,2RN2,A,H83A,0.07,s2648
2RN2A,2RN2,A,I53A,-2.1,broom
25,2RN2,A,I53D,-4.1,korpm
2RN2A,2RN2,A,I53D,-3.1,s2648
25,2RN2,A,I53F,-3.9,korpm
2RN2A,2RN2,A,I53F,-3.9,s2648
25,2RN2,A,I53L,-1.4,korpm
2RN2A,2RN2,A,I53L,-1.4,s2648
2RN2A,2RN2,A,I53V,-0.2,s2648
25,2RN2,A,K117R,0.03,korpm
2RN2A,2RN2,A,K117R,0.0,s2648
2RN2A,2RN2,A,K117R,0.03,vb1432
2RN2A,2RN2,A,K91R,0.07,s2648
2RN2A,2RN2,A,K91R,0.0,vb1432
2RN2A,2RN2,A,K91R;D94E,-0.5,ptmul
2RN2A,2RN2,A,K91R;D94E;K95G,0.74,ptmul
2RN2A,2RN2,A,K91R;K95G,1.6,ptmul
2RN2A,2RN2,A,K95A,0.1,s2648
2RN2A,2RN2,A,K95A,0.1,ssym
2RN2A,2RN2,A,K95A,0.1,vb1432
2RN2A,2RN2,A,K95G,1.83,s2648
2RN2A,2RN2,A,K95G,1.9,ssym
2RN2A,2RN2,A,K95G,1.9,vb1432
2RN2A,2RN2,A,K95N,0.89,s2648
2RN2A,2RN2,A,K95N,0.9,ssym
2RN2A,2RN2,A,K95N,0.89,vb1432
2RN2A,2RN2,A,Q105G,-2.2,broom
25,2RN2,A,Q105G,-2.2,korpm
25,2RN2,A,Q113P,-0.6,korpm
2RN2A,2RN2,A,Q113P,-0.6,vb1432
2RN2A,2RN2,A,Q76L,0.24,s2648
2RN2A,2RN2,A,Q80L,0.3,s2648
2RN2A,2RN2,A,Q80L;K117R,-0.03,ptmul
2RN2A,2RN2,A,R27A,-2.2,broom
25,2RN2,A,R41C,0.44,korpm
2RN2A,2RN2,A,R41C,0.33,s2648
2RN2A,2RN2,A,R41C,0.44,vb1432
2RN2A,2RN2,A,S68A,0.19,broom
25,2RN2,A,S68A,0.19,korpm
2RN2A,2RN2,A,S68A,-0.2,s2648
2RN2A,2RN2,A,S68G,-2.2,broom
25,2RN2,A,S68G,-2.2,korpm
2RN2A,2RN2,A,S68G,-2.17,s2648
2RN2A,2RN2,A,S68L,-1.0,broom
25,2RN2,A,S68L,-1.0,korpm
2RN2A,2RN2,A,S68L,-0.82,s2648
2RN2A,2RN2,A,S68T,0.1,broom
25,2RN2,A,S68T,0.1,korpm
2RN2A,2RN2,A,S68T,-0.01,s2648
2RN2A,2RN2,A,S68V,1.29,broom
25,2RN2,A,S68V,1.29,korpm
2RN2A,2RN2,A,S68V,0.7,s2648
2RN2A,2RN2,A,V74A,-2.98,s2648
2RN2A,2RN2,A,V74A,-3.4,vb1432
2RN2A,2RN2,A,V74I,0.64,s2648
2RN2A,2RN2,A,V74I,0.6,ssym
2RN2A,2RN2,A,V74I,0.6,vb1432
2RN2A,2RN2,A,V74L,0.97,s2648
2RN2A,2RN2,A,V74L,1.0,ssym
2RN2A,2RN2,A,V74L,0.9,vb1432
2RN2A,2RN2,A,Y28F;R29H;G30A;R31H,-0.9,ptmul
112,2RN4,A,A8P,-0.2,korpm
112,2RN4,A,D10P,-0.5,korpm
112,2RN4,A,W15F,-2.3,korpm
9,2RPN,A,E7L,1.05,korpm
9,2RPN,A,V21K,0.39,korpm
1EY0A,2SNM,A,K66V,7.5,ssym
113,2SPZ,A,F13W,-0.25,korpm
2TRTA,2TRT,A,R128E,0.31,s2648
2TRXA,2TRX,A,C32A,-3.5,s2648
2TRXA,2TRX,A,C35A,-3.03,s2648
2TRXA,2TRX,A,D26A,4.2,s2648
2TRXA,2TRX,A,D26I,3.1,broom
2TRXA,2TRX,A,D26I,3.37,s2648
2TRXA,2TRX,A,L78C;K90C,-1.4,ptmul
114,2TRX,A,L78K,-3.9,korpm
2TRXA,2TRX,A,L78K,-1.95,s2648
2TRXA,2TRX,A,L78K,-3.9,vb1432
114,2TRX,A,L78R,-4.0,korpm
2TRXA,2TRX,A,L78R,-2.0,s2648
2TRXA,2TRX,A,L78R,-4.0,vb1432
2TRXA,2TRX,A,L79C;T89C,1.15,ptmul
2TRXA,2TRX,A,P34S,-0.1,broom
114,2TRX,A,P34S,-0.1,korpm
2TRXA,2TRX,A,P76A,-3.9,broom
2TRXA,2TRX,A,T66L,-1.4,broom
2TRXA,2TRX,A,T66L,-1.03,s2648
2TRXA,2TRX,A,T77C;V91C,1.15,ptmul
2TRXA,2TRX,A,T77V,-0.72,s2648
2TS1A,2TS1,A,I52L,0.1,s2648
2TS1A,2TS1,A,I52L;L105V,-1.0,ptmul
2TS1A,2TS1,A,L105V,-3.15,s2648
115,2WQG,A,D15A,0.3,korpm
115,2WQG,A,Q33A,0.1,korpm
115,2WQG,A,S6A,0.1,korpm
115,2WQG,A,V10G,-0.7,korpm
115,2WQG,A,V11A,0.4,korpm
115,2WQG,A,V11G,0.1,korpm
1WQ5A,2WSY,A,A18G;I232V,-2.85,ptmul
1WQ5A,2WSY,A,A18V;I232V,-1.0,ptmul
1WQ5A,2WSY,A,Y175Q;L209V,0.05,ptmul
11,2WZB,A,T377P,-4.8,korpm
116,2ZAJ,A,D23S,0.08,korpm
2ZTAA,2ZTA,A,E11Q;E20Q;E22Q,-2.37,ptmul
2ZTAA,2ZTA,A,E11Q;K15A,-0.14,ptmul
2ZTAA,2ZTA,A,E20Q;E22Q,-1.72,ptmul
2ZTAA,2ZTA,A,E22Q;K27A,-2.8,ptmul
2ZTAA,2ZTA,A,H18R;N21E,0.22,ptmul
2ZTAA,2ZTA,A,K15A;E20Q,0.82,ptmul
2ZTAA,2ZTA,A,K8A;E11Q,-0.57,ptmul
2ZTAA,2ZTA,A,S14A;H18A;N21A,1.07,ptmul
2ZTAA,2ZTA,A,S14A;H18A;N21R,1.23,ptmul
2ZTAA,2ZTA,A,S14A;H18E;N21A,0.76,ptmul
2ZTAA,2ZTA,A,S14A;H18E;N21R,1.15,ptmul
2ZTAA,2ZTA,A,S14R;H18A;N21A,1.07,ptmul
2ZTAA,2ZTA,A,S14R;H18A;N21R,1.15,ptmul
2ZTAA,2ZTA,A,S14R;H18E;N21A,1.64,ptmul
2ZTAA,2ZTA,A,S14R;H18E;N21R,1.72,ptmul
2RN2A,3AA2,A,I52A,-1.9,ssym
2RN2A,3AA3,A,L52A,-1.3,ssym
2RN2A,3AA4,A,V52A,-1.7,ssym
2RN2A,3AA5,X,F52A,0.5,ssym
28,3BDC,A,A109D,-6.0,korpm
28,3BDC,A,A109E,-5.0,korpm
28,3BDC,A,A109K,-4.3,korpm
28,3BDC,A,A132E,-5.8,korpm
28,3BDC,A,A132K,-6.2,korpm
28,3BDC,A,A58D,-4.6,korpm
28,3BDC,A,A58E,-4.3,korpm
28,3BDC,A,A58K,-4.2,korpm
28,3BDC,A,A90D,-5.8,korpm
28,3BDC,A,F34D,-5.7,korpm
28,3BDC,A,F34E,-5.4,korpm
28,3BDC,A,G20D,-4.3,korpm
28,3BDC,A,G20E,-4.3,korpm
28,3BDC,A,G20K,-2.5,korpm
28,3BDC,A,I72D,-5.6,korpm
28,3BDC,A,I72E,-5.5,korpm
28,3BDC,A,I72K,-6.4,korpm
28,3BDC,A,I92E,-5.9,korpm
28,3BDC,A,L103D,-5.7,korpm
28,3BDC,A,L103E,-4.2,korpm
28,3BDC,A,L103K,-5.8,korpm
28,3BDC,A,L25E,-6.4,korpm
28,3BDC,A,T62D,-4.6,korpm
28,3BDC,A,T62K,-4.2,korpm
28,3BDC,A,V104D,-5.3,korpm
28,3BDC,A,V23D,-5.4,korpm
28,3BDC,A,V23E,-5.1,korpm
28,3BDC,A,V66D,-5.2,korpm
28,3BDC,A,V74E,-6.1,korpm
28,3BDC,A,V99D,-5.6,korpm
28,3BDC,A,V99E,-5.6,korpm
28,3BDC,A,Y91D,-6.4,korpm
28,3BDC,A,Y91E,-5.5,korpm
28,3BDC,A,Y91K,-6.8,korpm
3BLSA,3BLS,A,Y150F,-1.0,broom
3BLSA,3BLS,A,Y150F,-0.7,vb1432
117,3C2I,A,F155S,-0.43,korpm
117,3C2I,A,P152R,-1.46,korpm
2LZMA,3C7W,A,K96R,0.0,ssym
2LZMA,3C7Y,A,A96R,2.0,ssym
2LZMA,3C80,A,Y96R,4.7,ssym
2LZMA,3C81,A,A85K,0.6,ssym
2LZMA,3C83,A,A89D,0.5,ssym
2LZMA,3C8Q,A,D96R,3.5,ssym
2LZMA,3C8R,A,G96R,2.6,ssym
2LZMA,3C8S,A,E96R,2.5,ssym
2LZMA,3CDO,A,V96R,2.4,ssym
2LZMA,3CDQ,A,S96R,2.6,ssym
2LZMA,3CDR,A,Q96R,0.3,ssym
2LZMA,3CDT,A,N96R,3.0,ssym
2LZMA,3CDV,A,M96R,2.7,ssym
3D2AA,3D2A,A,M134E,0.66,broom
118,3D2A,A,M134E,0.66,korpm
3D2AA,3D2A,A,M137P,0.98,broom
118,3D2A,A,M137P,0.98,korpm
3D2AA,3D2A,A,S163P,-0.25,broom
118,3D2A,A,S163P,-0.25,korpm
119,3DV0,I,I130G,-1.4,korpm
119,3DV0,I,I146A,-2.7,korpm
119,3DV0,I,L159G,-1.9,korpm
119,3DV0,I,L167A,-1.2,korpm
119,3DV0,I,V149G,-4.1,korpm
119,3DV0,I,Y138F,-2.0,korpm
3ECAA,3ECA,A,S122A,0.96,s2648
3ECAA,3ECA,A,T119A,0.0,s2648
3ECAA,3ECA,A,T12A,0.0,s2648
3ECAA,3ECA,A,T12S,-0.24,s2648
2LZMA,3F8V,A,H96R,3.1,ssym
2LZMA,3FI5,A,W96R,4.5,ssym
120,3G1G,A,D155Y,0.34,korpm
120,3G1G,A,F167Y,-0.74,korpm
120,3G1G,A,I190V,-0.17,korpm
120,3G1G,A,R185W,1.32,korpm
3GLYA,3GLY,A,G137A,-0.31,s2648
3GLYA,3GLY,A,G139A,-1.4,s2648
3GLYA,3GLY,A,G251A,-0.14,s2648
3GLYA,3GLY,A,G383A,0.11,s2648
2Q98A,3HHR,A,E74A,-0.95,s2648
2Q98A,3HHR,A,E74A,-0.49,vb1432
2Q98A,3HHR,A,E74D,-1.26,s2648
2Q98A,3HHR,A,E74D,-0.55,vb1432
2Q98A,3HHR,A,E74L,-1.01,s2648
2Q98A,3HHR,A,E74L,-0.79,vb1432
2Q98A,3HHR,A,E74Q,-0.71,s2648
2Q98A,3HHR,A,E74Q,-0.18,vb1432
2Q98A,3HHR,A,E74S,-1.01,s2648
2Q98A,3HHR,A,E74S,-0.91,vb1432
2Q98A,3HHR,A,E74T,-1.13,s2648
2Q98A,3HHR,A,E74T,-0.55,vb1432
2Q98A,3HHR,A,S71A,-1.12,s2648
2Q98A,3HHR,A,S71A,-0.97,vb1432
2Q98A,3HHR,A,S71A;E74A,-2.22,ptmul
2Q98A,3HHR,A,S71Q,-1.37,s2648
2Q98A,3HHR,A,S71Q,-1.28,vb1432
2Q98A,3HHR,A,S71Q;E74S,-2.26,ptmul
2Q98A,3HHR,A,S71T,-0.2,s2648
2Q98A,3HHR,A,S71T,0.33,vb1432
2Q98A,3HHR,A,S71V,-1.26,s2648
2Q98A,3HHR,A,S71V,-1.19,vb1432
2Q98A,3HHR,A,S71V;E74L,-5.91,ptmul
121,3L15,A,Y442H,-3.23,korpm
3MBPA,3MBP,A,A276G,-1.1,s2648
3MBPA,3MBP,A,A276G,-1.5,vb1432
3MBPA,3MBP,A,D55N,0.69,s2648
3MBPA,3MBP,A,D55N,0.0,vb1432
122,3MBP,A,G19C,-2.3,korpm
3MBPA,3MBP,A,G19C,-2.15,s2648
3MBPA,3MBP,A,G19C,-2.3,vb1432
3MBPA,3MBP,A,G32D;I33P,-4.0,ptmul
3MBPA,3MBP,A,I108A,-3.15,broom
3MBPA,3MBP,A,I161A,-3.25,broom
3MBPA,3MBP,A,I226A,-4.95,broom
122,3MBP,A,I317E,-5.8,korpm
3MBPA,3MBP,A,I59A,-1.2,broom
3MBPA,3MBP,A,L115A,-3.1,broom
3MBPA,3MBP,A,L147A,-3.0,broom
3MBPA,3MBP,A,L192A,-3.1,broom
3MBPA,3MBP,A,L195A,-4.2,broom
3MBPA,3MBP,A,L361A,-2.0,broom
122,3MBP,A,P133A,-0.3,korpm
3MBPA,3MBP,A,P133A,-0.3,vb1432
3MBPA,3MBP,A,P133S,0.0,broom
3MBPA,3MBP,A,P133S,-2.1,vb1432
3MBPA,3MBP,A,P159A,-1.0,broom
3MBPA,3MBP,A,P159A,-1.8,vb1432
3MBPA,3MBP,A,P159S,-1.7,broom
122,3MBP,A,P159S,-1.7,korpm
3MBPA,3MBP,A,P159S,-2.1,vb1432
122,3MBP,A,P48A,0.5,korpm
3MBPA,3MBP,A,P48A,0.5,vb1432
3MBPA,3MBP,A,P48S,-0.3,broom
122,3MBP,A,P48S,-0.3,korpm
3MBPA,3MBP,A,P48S,0.3,vb1432
122,3MBP,A,T345I,0.7,korpm
3MBPA,3MBP,A,T345I,0.17,s2648
3MBPA,3MBP,A,T345I,0.7,vb1432
3MBPA,3MBP,A,V347A,-2.0,broom
3MBPA,3MBP,A,V8G,0.38,s2648
3MBPA,3MBP,A,V8G,-1.1,vb1432
3MBPA,3MBP,A,W10A,-4.3,broom
122,3MBP,A,W10A,-4.3,korpm
3MBPA,3MBP,A,W10A,-4.31,s2648
122,3MBP,A,Y210A,1.1,korpm
122,3MBP,A,Y283D,-3.2,korpm
3MBPA,3MBP,A,Y283D,-2.3,s2648
3MBPA,3MBP,A,Y283D,-3.2,vb1432
123,3MXF,A,A89V,-0.79,korpm
11,3PGK,A,F194W,-0.64,korpm
3PGKA,3PGK,A,F194W,-1.12,s2648
3PGKA,3PGK,A,H388Q,-0.84,broom
11,3PGK,A,H388Q,-0.84,korpm
3PGKA,3PGK,A,H388Q,-0.84,s2648
3PGKA,3PGK,A,L399W,-2.56,s2648
3PGKA,3PGK,A,W308F,-2.46,s2648
3PGKA,3PGK,A,W308F;W333F,-7.53,ptmul
3PGKA,3PGK,A,W308Y,-1.06,s2648
3PGKA,3PGK,A,W333F,-1.88,s2648
11,3PGK,A,W333Y,-1.4,korpm
3PGKA,3PGK,A,W333Y,-1.13,s2648
11,3PGK,A,Y122W,-1.29,korpm
3PGKA,3PGK,A,Y122W,-2.19,s2648
11,3PGK,A,Y48W,-1.77,korpm
3PGKA,3PGK,A,Y48W,-1.62,s2648
3PGKA,3PGK,A,Y48W;W308Y,-0.69,ptmul
3PGKA,3PGK,A,Y48W;W333Y,0.65,ptmul
124,3S4M,A,D122Y,-1.3,korpm
124,3S4M,A,G130V,-2.5,korpm
124,3S4M,A,I154F,0.1,korpm
124,3S4M,A,W155R,-0.69,korpm
1DILA,3SIL,A,A53L,0.9,s2648
1DILA,3SIL,A,A69V,0.45,s2648
125,3SSI,A,D83C,-0.03,korpm
125,3SSI,A,M103A,-2.32,korpm
3SSIA,3SSI,A,M103A,-1.13,s2648
3SSIA,3SSI,A,M103A,-2.56,vb1432
125,3SSI,A,M103G,-6.82,korpm
3SSIA,3SSI,A,M103G,-3.46,s2648
3SSIA,3SSI,A,M103G,-6.96,vb1432
125,3SSI,A,M103I,-1.89,korpm
3SSIA,3SSI,A,M103I,-1.01,s2648
3SSIA,3SSI,A,M103I,-2.09,vb1432
125,3SSI,A,M103L,0.15,korpm
3SSIA,3SSI,A,M103L,0.08,s2648
3SSIA,3SSI,A,M103L,-0.07,vb1432
125,3SSI,A,M103V,-1.84,korpm
3SSIA,3SSI,A,M103V,-0.93,s2648
3SSIA,3SSI,A,M103V,-2.03,vb1432
125,3SSI,A,M73A,0.55,korpm
3SSIA,3SSI,A,M73A,0.21,s2648
3SSIA,3SSI,A,M73A,0.55,vb1432
125,3SSI,A,M73D,1.6,korpm
3SSIA,3SSI,A,M73D,0.69,s2648
3SSIA,3SSI,A,M73D,1.6,vb1432
125,3SSI,A,M73E,1.05,korpm
3SSIA,3SSI,A,M73E,0.37,s2648
3SSIA,3SSI,A,M73E,1.05,vb1432
125,3SSI,A,M73G,-0.06,korpm
3SSIA,3SSI,A,M73G,-0.11,s2648
3SSIA,3SSI,A,M73G,-0.06,vb1432
125,3SSI,A,M73I,-0.94,korpm
3SSIA,3SSI,A,M73I,-0.5,s2648
3SSIA,3SSI,A,M73I,-0.94,vb1432
125,3SSI,A,M73K,0.35,korpm
3SSIA,3SSI,A,M73K,0.23,s2648
3SSIA,3SSI,A,M73K,0.35,vb1432
125,3SSI,A,M73L,-0.25,korpm
3SSIA,3SSI,A,M73L,-0.16,s2648
3SSIA,3SSI,A,M73L,-0.25,vb1432
125,3SSI,A,M73V,-0.66,korpm
3SSIA,3SSI,A,M73V,-0.35,s2648
3SSIA,3SSI,A,M73V,-0.66,vb1432
3SSIA,3SSI,A,V13A,-3.42,s2648
3SSIA,3SSI,A,V13A,-6.78,vb1432
125,3SSI,A,V13F,-5.69,korpm
3SSIA,3SSI,A,V13F,-2.78,s2648
3SSIA,3SSI,A,V13F,-5.69,vb1432
3SSIA,3SSI,A,V13G,-4.96,s2648
3SSIA,3SSI,A,V13G,-10.3,vb1432
3SSIA,3SSI,A,V13I,-0.44,s2648
3SSIA,3SSI,A,V13I,-0.89,vb1432
125,3SSI,A,V13L,-2.21,korpm
3SSIA,3SSI,A,V13L,-1.17,s2648
3SSIA,3SSI,A,V13L,-2.37,vb1432
125,3SSI,A,V13M,-5.92,korpm
3SSIA,3SSI,A,V13M,-2.86,s2648
3SSIA,3SSI,A,V13M,-5.68,vb1432
126,451C,A,E43Y,1.13,korpm
451CA,451C,A,E43Y,0.6,vb1432
126,451C,A,E70V,-0.3,korpm
451CA,451C,A,F34Y,1.9,vb1432
451CA,451C,A,F34Y;E43Y,-1.21,ptmul
451CA,451C,A,F34Y;E43Y;V78I,2.95,ptmul
451CA,451C,A,F34Y;Q37R,1.5,ptmul
451CA,451C,A,F34Y;Q37R;E43Y,2.0,ptmul
451CA,451C,A,F7A,1.1,vb1432
451CA,451C,A,F7A;V13M,-1.0,ptmul
451CA,451C,A,F7A;V13M;F34Y;E43Y,3.76,ptmul
451CA,451C,A,F7A;V13M;F34Y;E43Y;V78I,5.32,ptmul
451CA,451C,A,F7A;V13M;V78I,2.29,ptmul
126,451C,A,Q37R,0.5,korpm
451CA,451C,A,Q37R,0.5,vb1432
451CA,451C,A,Q37R;E43Y,0.5,ptmul
126,451C,A,V13M,0.4,korpm
451CA,451C,A,V13M,0.4,vb1432
451CA,451C,A,V78I,1.0,vb1432
126,451C,A,W77F,-1.2,korpm
1ZG4A,4BLM,A,S126C;S265C,-0.9,ptmul
127,4GWT,A,K13V,0.22,korpm
127,4GWT,A,K13Y,-0.67,korpm
127,4GWT,A,K6M,0.08,korpm
127,4GWT,A,R14L,-0.92,korpm
127,4GWT,A,R21H,-0.74,korpm
127,4GWT,A,S38T,-0.13,korpm
1,4LYZ,A,A31I,1.4,korpm
1EL1A,4LYZ,A,A31I,1.4,s2648
1EL1A,4LYZ,A,A31I,1.4,vb1432
1,4LYZ,A,A31L,1.8,korpm
1EL1A,4LYZ,A,A31L,1.8,s2648
1EL1A,4LYZ,A,A31L,1.8,vb1432
1,4LYZ,A,A31V,1.2,korpm
1EL1A,4LYZ,A,A31V,1.2,s2648
1EL1A,4LYZ,A,A31V,1.2,vb1432
1EL1A,4LYZ,A,C94A,-4.78,s2648
1EL1A,4LYZ,A,C94A,6.0,vb1432
1,4LYZ,A,D101A,0.76,korpm
1EL1A,4LYZ,A,D101A,0.76,s2648
1EL1A,4LYZ,A,D101A,0.76,vb1432
1EL1A,4LYZ,A,D101E,0.0,s2648
1EL1A,4LYZ,A,D101E,0.0,vb1432
1,4LYZ,A,D101F,0.72,korpm
1EL1A,4LYZ,A,D101F,0.72,s2648
1EL1A,4LYZ,A,D101F,0.72,vb1432
1,4LYZ,A,D101G,0.45,korpm
1EL1A,4LYZ,A,D101G,0.45,s2648
1EL1A,4LYZ,A,D101G,0.45,vb1432
1EL1A,4LYZ,A,D101G;G102P,0.9,ptmul
1,4LYZ,A,D101K,0.19,korpm
1EL1A,4LYZ,A,D101K,0.19,s2648
1EL1A,4LYZ,A,D101K,0.19,vb1432
1EL1A,4LYZ,A,D101N,0.04,s2648
1EL1A,4LYZ,A,D101N,0.04,vb1432
1,4LYZ,A,D101P,-2.4,korpm
1,4LYZ,A,D101Q,-0.08,korpm
1EL1A,4LYZ,A,D101Q,-0.08,s2648
1EL1A,4LYZ,A,D101Q,-0.08,vb1432
1,4LYZ,A,D101R,0.27,korpm
1EL1A,4LYZ,A,D101R,0.27,s2648
1EL1A,4LYZ,A,D101R,0.27,vb1432
1,4LYZ,A,D101S,0.87,korpm
1EL1A,4LYZ,A,D101S,0.87,s2648
1EL1A,4LYZ,A,D101S,0.87,vb1432
1,4LYZ,A,E35A,1.14,korpm
1EL1A,4LYZ,A,E35A,1.24,s2648
1,4LYZ,A,E35H,-1.56,korpm
1EL1A,4LYZ,A,E35H,-2.45,s2648
1,4LYZ,A,E35Q,0.15,korpm
1EL1A,4LYZ,A,E35Q,-0.64,s2648
1,4LYZ,A,F34Y,0.19,korpm
1EL1A,4LYZ,A,F34Y,0.19,s2648
1EL1A,4LYZ,A,F34Y,0.19,vb1432
1,4LYZ,A,F3Y,-0.45,korpm
1EL1A,4LYZ,A,F3Y,-0.45,s2648
1EL1A,4LYZ,A,F3Y,-0.45,vb1432
1EL1A,4LYZ,A,G102A,0.02,s2648
1EL1A,4LYZ,A,G102A,0.02,ssym
1EL1A,4LYZ,A,G102A;G104A,2.0,ptmul
1,4LYZ,A,G102P,-0.1,korpm
1,4LYZ,A,G102R,0.38,korpm
1EL1A,4LYZ,A,G102R,0.38,s2648
1EL1A,4LYZ,A,G102R,0.38,vb1432
1,4LYZ,A,G102V,-0.04,korpm
1EL1A,4LYZ,A,G102V,-0.04,s2648
1EL1A,4LYZ,A,G102V,-0.04,vb1432
1EL1A,4LYZ,A,G117A,-1.46,s2648
1EL1A,4LYZ,A,G117A,-1.46,ssym
1EL1A,4LYZ,A,G117P;T118G,-2.6,ptmul
1EL1A,4LYZ,A,G49A,-1.91,s2648
1EL1A,4LYZ,A,G49A,-1.9,ssym
1EL1A,4LYZ,A,G49N,-0.96,s2648
1EL1A,4LYZ,A,G49N,2.0,vb1432
1EL1A,4LYZ,A,G67A,-1.19,s2648
1EL1A,4LYZ,A,G67A,-0.5,ssym
1EL1A,4LYZ,A,G71A,-0.38,s2648
1EL1A,4LYZ,A,G71A,-0.38,ssym
1,4LYZ,A,H15L,0.76,korpm
1EL1A,4LYZ,A,H15L,0.76,s2648
1EL1A,4LYZ,A,H15L,0.76,vb1432
1EL1A,4LYZ,A,I55A,-4.4,s2648
1EL1A,4LYZ,A,I55A,-4.4,vb1432
1EL1A,4LYZ,A,I55A;S91T,-2.77,ptmul
1,4LYZ,A,I55F,-2.46,korpm
1EL1A,4LYZ,A,I55F,-2.46,s2648
1EL1A,4LYZ,A,I55F,-2.46,vb1432
1,4LYZ,A,I55L,-0.45,korpm
1EL1A,4LYZ,A,I55L,-0.45,s2648
1EL1A,4LYZ,A,I55L,-0.45,vb1432
1EL1A,4LYZ,A,I55L;S91T,1.25,ptmul
1,4LYZ,A,I55M,-2.27,korpm
1EL1A,4LYZ,A,I55M,-2.27,s2648
1EL1A,4LYZ,A,I55M,-2.27,vb1432
1EL1A,4LYZ,A,I55T,-3.3,broom
1,4LYZ,A,I55T,-4.96,korpm
1EL1A,4LYZ,A,I55T,-4.12,s2648
1EL1A,4LYZ,A,I55T,-4.96,vb1432
1EL1A,4LYZ,A,I55V,-0.91,s2648
1EL1A,4LYZ,A,I55V,-0.9,ssym
1EL1A,4LYZ,A,I55V,-0.91,vb1432
1EL1A,4LYZ,A,I55V;S91A,-1.25,ptmul
1EL1A,4LYZ,A,I55V;S91T,0.0,ptmul
1EL1A,4LYZ,A,I55V;S91V,-1.25,ptmul
1EL1A,4LYZ,A,I58M,-1.18,s2648
1EL1A,4LYZ,A,I58M,-1.2,ssym
1EL1A,4LYZ,A,I78M,-0.9,s2648
1EL1A,4LYZ,A,I78M,-0.9,ssym
1EL1A,4LYZ,A,I98M,-0.9,s2648
1EL1A,4LYZ,A,I98M,-0.9,ssym
1EL1A,4LYZ,A,K13D,8.0,vb1432
1EL1A,4LYZ,A,M105T,-0.24,s2648
1EL1A,4LYZ,A,M105T,-1.0,vb1432
1EL1A,4LYZ,A,M12F,0.28,s2648
1EL1A,4LYZ,A,M12F,0.5,ssym
1EL1A,4LYZ,A,M12F;L56F,1.49,ptmul
1EL1A,4LYZ,A,M12L,-0.57,s2648
1EL1A,4LYZ,A,M12L,-0.4,ssym
1EL1A,4LYZ,A,M12L,0.24,vb1432
1EL1A,4LYZ,A,M12L;L56F,1.12,ptmul
1EL1A,4LYZ,A,N103D,0.24,s2648
1EL1A,4LYZ,A,N103D,-1.0,vb1432
1,4LYZ,A,N19K,-1.06,korpm
1EL1A,4LYZ,A,N19K,-1.06,s2648
1EL1A,4LYZ,A,N19K,-1.06,vb1432
1EL1A,4LYZ,A,N46D,-0.44,s2648
1,4LYZ,A,N77H,-0.38,korpm
1EL1A,4LYZ,A,N77H,-0.38,s2648
1EL1A,4LYZ,A,N77H,-0.38,vb1432
1EL1A,4LYZ,A,P70G;G71P,-1.0,ptmul
1EL1A,4LYZ,A,P70N,3.5,vb1432
1EL1A,4LYZ,A,Q121G;A122P,-1.7,ptmul
1,4LYZ,A,Q121H,-0.45,korpm
1EL1A,4LYZ,A,Q121H,-0.45,s2648
1EL1A,4LYZ,A,Q121H,-0.45,vb1432
1EL1A,4LYZ,A,Q121P;A122G,-2.8,ptmul
1,4LYZ,A,R114H,0.68,korpm
1EL1A,4LYZ,A,R114H,0.68,s2648
1EL1A,4LYZ,A,R114H,0.68,vb1432
1,4LYZ,A,R21Q,-0.15,korpm
1EL1A,4LYZ,A,R21Q,-0.15,s2648
1EL1A,4LYZ,A,R21Q,-0.15,vb1432
1,4LYZ,A,R68K,-0.04,korpm
1EL1A,4LYZ,A,R68K,-0.04,s2648
1EL1A,4LYZ,A,R68K,-0.04,vb1432
1,4LYZ,A,R73K,0.23,korpm
1EL1A,4LYZ,A,R73K,0.23,s2648
1EL1A,4LYZ,A,R73K,0.23,vb1432
1EL1A,4LYZ,A,S91A,-0.15,s2648
1EL1A,4LYZ,A,S91A,-0.2,ssym
1EL1A,4LYZ,A,S91A,-0.15,vb1432
1,4LYZ,A,S91D,-2.31,korpm
1EL1A,4LYZ,A,S91D,-2.31,s2648
1EL1A,4LYZ,A,S91D,-2.31,vb1432
1EL1A,4LYZ,A,S91T,0.99,s2648
1EL1A,4LYZ,A,S91T,1.0,ssym
1EL1A,4LYZ,A,S91T,0.99,vb1432
1,4LYZ,A,S91V,-0.08,korpm
1EL1A,4LYZ,A,S91V,-0.08,s2648
1EL1A,4LYZ,A,S91V,-0.08,vb1432
1,4LYZ,A,S91Y,-3.07,korpm
1EL1A,4LYZ,A,S91Y,-3.07,s2648
1EL1A,4LYZ,A,S91Y,-3.07,vb1432
1,4LYZ,A,T118P,-2.0,korpm
1,4LYZ,A,T40I,-2.2,korpm
1EL1A,4LYZ,A,T40I,-2.2,s2648
1EL1A,4LYZ,A,T40I,-2.2,vb1432
1EL1A,4LYZ,A,T40S,-0.27,s2648
1EL1A,4LYZ,A,T40S,-0.3,ssym
1EL1A,4LYZ,A,T40S,-0.27,vb1432
1EL1A,4LYZ,A,T40S;I55V,-1.33,ptmul
1EL1A,4LYZ,A,T40S;I55V;S91A,-1.67,ptmul
1EL1A,4LYZ,A,T40S;I55V;S91T,-0.3,ptmul
1EL1A,4LYZ,A,T40S;S91A,-0.87,ptmul
1EL1A,4LYZ,A,T40S;S91T,0.61,ptmul
1EL1A,4LYZ,A,T40S;S91V,-0.53,ptmul
1,4LYZ,A,W108Q,-3.61,korpm
1EL1A,4LYZ,A,W108Q,-3.95,s2648
1,4LYZ,A,W108Y,-1.36,korpm
1EL1A,4LYZ,A,W108Y,-1.92,s2648
1E65A,5AZU,A,A82G,-3.11,broom
1E65A,5AZU,A,C3A;C26A,-6.8,ptmul
1E65A,5AZU,A,I7S,-3.0,broom
1E65A,5AZU,A,V60G,-3.11,broom
5CROA,5CRO,A,A36S,0.2,s2648
5CROA,5CRO,A,Q16L,1.4,s2648
5CROA,5CRO,A,Y26C,1.1,s2648
5CROA,5CRO,A,Y26C,2.2,vb1432
5CROA,5CRO,A,Y26D,1.35,s2648
5CROA,5CRO,A,Y26D,2.7,vb1432
5CROA,5CRO,A,Y26F,0.2,s2648
5CROA,5CRO,A,Y26F,0.4,vb1432
5CROA,5CRO,A,Y26H,0.95,s2648
5CROA,5CRO,A,Y26H,1.9,vb1432
5CROA,5CRO,A,Y26L,0.55,s2648
5CROA,5CRO,A,Y26L,1.1,vb1432
5CROA,5CRO,A,Y26Q,0.7,s2648
5CROA,5CRO,A,Y26Q,1.4,vb1432
5CROA,5CRO,A,Y26V,0.45,s2648
5CROA,5CRO,A,Y26V,0.9,vb1432
5CROA,5CRO,A,Y26W,-0.05,s2648
5CROA,5CRO,A,Y26W,-0.1,vb1432
1RX4A,5DFR,A,C152E,-0.97,s2648
1RX4A,5DFR,A,C85S,-0.97,s2648
1RX4A,5DFR,A,D122A,-1.0,s2648
1RX4A,5DFR,A,D27N,1.21,s2648
1RX4A,5DFR,A,E139K,-1.59,s2648
1RX4A,5DFR,A,E139Q,-0.89,s2648
1RX4A,5DFR,A,F31A,-1.72,s2648
1RX4A,5DFR,A,F31V,-1.46,s2648
1RX4A,5DFR,A,G121A,-0.01,s2648
1RX4A,5DFR,A,G121C,-0.22,s2648
1RX4A,5DFR,A,G121D,-0.34,s2648
1RX4A,5DFR,A,G121H,-0.56,s2648
1RX4A,5DFR,A,G121L,-0.58,s2648
1RX4A,5DFR,A,G121S,-0.08,s2648
1RX4A,5DFR,A,G121V,-0.99,s2648
1RX4A,5DFR,A,G121Y,-0.51,s2648
1RX4A,5DFR,A,G15A,0.44,s2648
1RX4A,5DFR,A,G43A,-0.48,s2648
1RX4A,5DFR,A,G67A,-0.05,s2648
1RX4A,5DFR,A,G67C,-0.51,s2648
1RX4A,5DFR,A,G67D,-0.58,s2648
1RX4A,5DFR,A,G67L,-0.51,s2648
1RX4A,5DFR,A,G67S,-0.27,s2648
1RX4A,5DFR,A,G67T,-0.62,s2648
1RX4A,5DFR,A,G67V,-0.7,s2648
1RX4A,5DFR,A,G95A,-0.9,s2648
1RX4A,5DFR,A,I155A,-2.99,s2648
1RX4A,5DFR,A,I155D,-3.19,s2648
1RX4A,5DFR,A,I155E,-2.62,s2648
1RX4A,5DFR,A,I155K,-2.69,s2648
1RX4A,5DFR,A,I155L,-1.63,s2648
1RX4A,5DFR,A,I155Q,-3.01,s2648
1RX4A,5DFR,A,I155R,-2.65,s2648
1RX4A,5DFR,A,I155S,-3.09,s2648
1RX4A,5DFR,A,I155T,-2.53,s2648
1RX4A,5DFR,A,I155V,-0.03,s2648
1RX4A,5DFR,A,I155W,-3.21,s2648
1RX4A,5DFR,A,I155Y,-2.85,s2648
1RX4A,5DFR,A,I2V,-0.55,s2648
1RX4A,5DFR,A,I61L,-0.36,s2648
1RX4A,5DFR,A,I61V,-0.83,s2648
1RX4A,5DFR,A,I91L,-1.5,s2648
1RX4A,5DFR,A,I91V,-1.34,s2648
1RX4A,5DFR,A,I94L,-0.63,s2648
1RX4A,5DFR,A,I94V,-0.67,s2648
1RX4A,5DFR,A,L112I,-0.25,s2648
1RX4A,5DFR,A,L112V,-1.39,s2648
1RX4A,5DFR,A,L24V,-1.29,s2648
1RX4A,5DFR,A,L28R,1.08,s2648
1RX4A,5DFR,A,L54V,-0.32,s2648
1RX4A,5DFR,A,N59C,0.24,s2648
1RX4A,5DFR,A,N59E,-1.36,s2648
1RX4A,5DFR,A,N59G,-2.01,s2648
1RX4A,5DFR,A,N59H,-0.81,s2648
1RX4A,5DFR,A,N59I,0.13,s2648
1RX4A,5DFR,A,N59K,-1.55,s2648
1RX4A,5DFR,A,N59L,0.01,s2648
1RX4A,5DFR,A,N59M,-0.14,s2648
1RX4A,5DFR,A,N59Q,-0.35,s2648
1RX4A,5DFR,A,N59S,-1.26,s2648
1RX4A,5DFR,A,N59T,-0.05,s2648
1RX4A,5DFR,A,N59V,0.36,s2648
1RX4A,5DFR,A,N59W,-0.79,s2648
1RX4A,5DFR,A,R44A,-0.94,s2648
1RX4A,5DFR,A,R44L,0.78,s2648
1RX4A,5DFR,A,S148A,-0.42,s2648
1RX4A,5DFR,A,S148E,-0.61,s2648
1RX4A,5DFR,A,S148K,-0.38,s2648
1RX4A,5DFR,A,S148N,-0.88,s2648
1RX4A,5DFR,A,S148R,-0.66,s2648
1RX4A,5DFR,A,S148T,-0.41,s2648
1RX4A,5DFR,A,S148V,-0.35,s2648
1RX4A,5DFR,A,T113V,-0.91,s2648
1RX4A,5DFR,A,T35A,-1.1,s2648
1RX4A,5DFR,A,V40A,-1.59,s2648
1RX4A,5DFR,A,V40F,-1.99,s2648
1RX4A,5DFR,A,V40H,-2.76,s2648
1RX4A,5DFR,A,V40I,-0.5,s2648
1RX4A,5DFR,A,V40L,-0.78,s2648
1RX4A,5DFR,A,V40M,-1.27,s2648
1RX4A,5DFR,A,V40N,-1.82,s2648
1RX4A,5DFR,A,V40R,-1.38,s2648
1RX4A,5DFR,A,V40S,-2.04,s2648
1RX4A,5DFR,A,V75A,-0.05,s2648
1RX4A,5DFR,A,V75C,-0.05,s2648
1RX4A,5DFR,A,V75H,-1.72,s2648
1RX4A,5DFR,A,V75I,-1.65,s2648
1RX4A,5DFR,A,V75R,-2.0,s2648
1RX4A,5DFR,A,V75S,-0.8,s2648
1RX4A,5DFR,A,V75Y,-1.8,s2648
1RX4A,5DFR,A,V88A,0.29,s2648
1RX4A,5DFR,A,V88I,-0.49,s2648
1RX4A,5DFR,A,W22L,-0.31,s2648
1RX4A,5DFR,A,W30A,-2.03,s2648
1RX4A,5DFR,A,W30E,-2.42,s2648
1RX4A,5DFR,A,W30H,-2.44,s2648
1RX4A,5DFR,A,W30M,-1.94,s2648
1RX4A,5DFR,A,W30N,-2.07,s2648
1RX4A,5DFR,A,W30R,-2.09,s2648
1RX4A,5DFR,A,W30S,-2.29,s2648
1RX4A,5DFR,A,W30Y,-1.79,s2648
1RX4A,5DFR,A,W74F,-1.2,s2648
1AMQA,5EAA,A,S191C,1.9,ssym
11,5NP8,A,A354P,-4.9,korpm
11,5NP8,A,I47N,-3.3,korpm
11,5NP8,A,L89P,-4.2,korpm
11,5NP8,A,S320N,-5.7,korpm
1BPIA,5PTI,A,A16T,-1.7,s2648
1BPIA,5PTI,A,A16V,-1.3,s2648
1BPIA,5PTI,A,F22A,-1.11,s2648
1BPIA,5PTI,A,F22A,-1.2,ssym
1BPIA,5PTI,A,F33I,-2.4,s2648
1BPIA,5PTI,A,F33L,-2.7,s2648
1BPIA,5PTI,A,F45A,-6.9,ssym
1BPIA,5PTI,A,F4L,-2.2,s2648
1BPIA,5PTI,A,G12D,-4.3,s2648
1BPIA,5PTI,A,G12V,-4.1,s2648
1BPIA,5PTI,A,G36D,-2.8,s2648
1BPIA,5PTI,A,G36S,-0.7,s2648
1BPIA,5PTI,A,G37A,-3.01,s2648
1BPIA,5PTI,A,G37D,-1.7,s2648
1BPIA,5PTI,A,N43G,-5.7,ssym
1BPIA,5PTI,A,N44G,-4.7,s2648
1BPIA,5PTI,A,Y10L,-2.9,s2648
1BPIA,5PTI,A,Y21A,-3.9,s2648
1BPIA,5PTI,A,Y21L,-3.4,s2648
1BPIA,5PTI,A,Y23A,-5.9,ssym
1BPIA,5PTI,A,Y35A,-4.7,s2648
1BPIA,5PTI,A,Y35D,-3.8,s2648
1BPIA,5PTI,A,Y35F,-0.6,s2648
1BPIA,5PTI,A,Y35G,-5.0,s2648
1BPIA,5PTI,A,Y35G,-5.0,ssym
1BPIA,5PTI,A,Y35N,-3.7,s2648
128,5T43,A,C153S,-2.6,korpm
29,5TR5,A,G12R,-0.31,korpm
29,5TR5,A,P37L,-0.29,korpm
29,5TR5,A,R33Q,-0.65,korpm
29,5TR5,A,T55I,0.24,korpm
8,5VP3,A,R39K,0.41,korpm
8,5VP3,A,V183T,0.35,korpm
1BPIA,8PTI,A,G35Y,5.0,ssym
